// Validating benchmarks:
// ***** BenchmarkRunner: Start   *****
// ***** Found 42 benchmark(s) in total *****
// ***** Building 1 exe(s) in Parallel: Start   *****
// start dotnet  restore /p:UseSharedCompilation=false /p:BuildInParallel=false /m:1 /p:Deterministic=true /p:Optimize=true /p:IntermediateOutputPath="A:\g\Chopsticks2\Native\Benchmarks\bin\Release\net9.0\6c7ed3db-dd7f-401f-b526-5c0523d7f382\obj\Release\net9.0/" /p:OutDir="A:\g\Chopsticks2\Native\Benchmarks\bin\Release\net9.0\6c7ed3db-dd7f-401f-b526-5c0523d7f382\bin\Release\net9.0/" /p:OutputPath="A:\g\Chopsticks2\Native\Benchmarks\bin\Release\net9.0\6c7ed3db-dd7f-401f-b526-5c0523d7f382\bin\Release\net9.0/" in A:\g\Chopsticks2\Native\Benchmarks\bin\Release\net9.0\6c7ed3db-dd7f-401f-b526-5c0523d7f382
// command took 0.8 sec and exited with 0
// start dotnet  build -c Release --no-restore /p:UseSharedCompilation=false /p:BuildInParallel=false /m:1 /p:Deterministic=true /p:Optimize=true /p:IntermediateOutputPath="A:\g\Chopsticks2\Native\Benchmarks\bin\Release\net9.0\6c7ed3db-dd7f-401f-b526-5c0523d7f382\obj\Release\net9.0/" /p:OutDir="A:\g\Chopsticks2\Native\Benchmarks\bin\Release\net9.0\6c7ed3db-dd7f-401f-b526-5c0523d7f382\bin\Release\net9.0/" /p:OutputPath="A:\g\Chopsticks2\Native\Benchmarks\bin\Release\net9.0\6c7ed3db-dd7f-401f-b526-5c0523d7f382\bin\Release\net9.0/" --output "A:\g\Chopsticks2\Native\Benchmarks\bin\Release\net9.0\6c7ed3db-dd7f-401f-b526-5c0523d7f382\bin\Release\net9.0/" in A:\g\Chopsticks2\Native\Benchmarks\bin\Release\net9.0\6c7ed3db-dd7f-401f-b526-5c0523d7f382
// command took 5.12 sec and exited with 0
// ***** Done, took 00:00:06 (6.02 sec)   *****
// Found 8 benchmarks:
//   DependencyResolutionBenchmarks.Resolve_Singleton_Cached: Job-HMXGET(IterationCount=10, WarmupCount=3)
//   DependencyResolutionBenchmarks.Resolve_1000x_Throughput: Job-HMXGET(IterationCount=10, WarmupCount=3)
//   DependencyResolutionBenchmarks.Deregister_SingleLookup: Job-HMXGET(IterationCount=10, WarmupCount=3)
//   DependencyResolutionBenchmarks.CanProvide_Check: Job-HMXGET(IterationCount=10, WarmupCount=3)
//   DependencyResolutionBenchmarks.Resolve_Singleton_Cached: ShortRun(IterationCount=3, LaunchCount=1, WarmupCount=3)
//   DependencyResolutionBenchmarks.Resolve_1000x_Throughput: ShortRun(IterationCount=3, LaunchCount=1, WarmupCount=3)
//   DependencyResolutionBenchmarks.Deregister_SingleLookup: ShortRun(IterationCount=3, LaunchCount=1, WarmupCount=3)
//   DependencyResolutionBenchmarks.CanProvide_Check: ShortRun(IterationCount=3, LaunchCount=1, WarmupCount=3)

Setup power plan (GUID: 8c5e7fda-e8bf-4a96-9a85-a6e23a8c635c FriendlyName: High performance)
// **************************
// Benchmark: DependencyResolutionBenchmarks.Resolve_Singleton_Cached: Job-HMXGET(IterationCount=10, WarmupCount=3)
// *** Execute ***
// Launch: 1 / 1
// Execute: dotnet 6c7ed3db-dd7f-401f-b526-5c0523d7f382.dll --anonymousPipes 1200 1132 --benchmarkName Chopsticks.Benchmarks.DependencyResolutionBenchmarks.Resolve_Singleton_Cached --job "IterationCount=10, WarmupCount=3" --benchmarkId 0 in A:\g\Chopsticks2\Native\Benchmarks\bin\Release\net9.0\6c7ed3db-dd7f-401f-b526-5c0523d7f382\bin\Release\net9.0
// BeforeAnythingElse

// Benchmark Process Environment Information:
// BenchmarkDotNet v0.14.0
// Runtime=.NET 9.0.16 (9.0.1626.22923), X64 RyuJIT AVX2
// GC=Concurrent Workstation
// HardwareIntrinsics=AVX2,AES,BMI1,BMI2,FMA,LZCNT,PCLMUL,POPCNT,AvxVnni,SERIALIZE VectorSize=256
// Job: Job-VQICRI(IterationCount=10, WarmupCount=3)

OverheadJitting  1: 1 op, 156600.00 ns, 156.6000 us/op
WorkloadJitting  1: 1 op, 397900.00 ns, 397.9000 us/op

OverheadJitting  2: 16 op, 280500.00 ns, 17.5313 us/op
WorkloadJitting  2: 16 op, 309400.00 ns, 19.3375 us/op

WorkloadPilot    1: 16 op, 2500.00 ns, 156.2500 ns/op
WorkloadPilot    2: 32 op, 2600.00 ns, 81.2500 ns/op
WorkloadPilot    3: 64 op, 2100.00 ns, 32.8125 ns/op
WorkloadPilot    4: 128 op, 2800.00 ns, 21.8750 ns/op
WorkloadPilot    5: 256 op, 4900.00 ns, 19.1406 ns/op
WorkloadPilot    6: 512 op, 10200.00 ns, 19.9219 ns/op
WorkloadPilot    7: 1024 op, 21000.00 ns, 20.5078 ns/op
WorkloadPilot    8: 2048 op, 33500.00 ns, 16.3574 ns/op
WorkloadPilot    9: 4096 op, 67700.00 ns, 16.5283 ns/op
WorkloadPilot   10: 8192 op, 129500.00 ns, 15.8081 ns/op
WorkloadPilot   11: 16384 op, 263900.00 ns, 16.1072 ns/op
WorkloadPilot   12: 32768 op, 543500.00 ns, 16.5863 ns/op
WorkloadPilot   13: 65536 op, 1538500.00 ns, 23.4756 ns/op
WorkloadPilot   14: 131072 op, 2152700.00 ns, 16.4238 ns/op
WorkloadPilot   15: 262144 op, 4294400.00 ns, 16.3818 ns/op
WorkloadPilot   16: 524288 op, 8752500.00 ns, 16.6941 ns/op
WorkloadPilot   17: 1048576 op, 17715000.00 ns, 16.8943 ns/op
WorkloadPilot   18: 2097152 op, 35434100.00 ns, 16.8963 ns/op
WorkloadPilot   19: 4194304 op, 67306400.00 ns, 16.0471 ns/op
WorkloadPilot   20: 8388608 op, 115767000.00 ns, 13.8005 ns/op
WorkloadPilot   21: 16777216 op, 156168000.00 ns, 9.3083 ns/op
WorkloadPilot   22: 33554432 op, 311446900.00 ns, 9.2818 ns/op
WorkloadPilot   23: 67108864 op, 600079300.00 ns, 8.9419 ns/op

OverheadWarmup   1: 67108864 op, 139028200.00 ns, 2.0717 ns/op
OverheadWarmup   2: 67108864 op, 146920000.00 ns, 2.1893 ns/op
OverheadWarmup   3: 67108864 op, 123069400.00 ns, 1.8339 ns/op
OverheadWarmup   4: 67108864 op, 124026400.00 ns, 1.8481 ns/op
OverheadWarmup   5: 67108864 op, 121674000.00 ns, 1.8131 ns/op

OverheadActual   1: 67108864 op, 113187600.00 ns, 1.6866 ns/op
OverheadActual   2: 67108864 op, 110949300.00 ns, 1.6533 ns/op
OverheadActual   3: 67108864 op, 115484000.00 ns, 1.7208 ns/op
OverheadActual   4: 67108864 op, 114301300.00 ns, 1.7032 ns/op
OverheadActual   5: 67108864 op, 111436700.00 ns, 1.6605 ns/op
OverheadActual   6: 67108864 op, 114032300.00 ns, 1.6992 ns/op
OverheadActual   7: 67108864 op, 116120800.00 ns, 1.7303 ns/op
OverheadActual   8: 67108864 op, 116523300.00 ns, 1.7363 ns/op
OverheadActual   9: 67108864 op, 135774800.00 ns, 2.0232 ns/op
OverheadActual  10: 67108864 op, 195560400.00 ns, 2.9141 ns/op
OverheadActual  11: 67108864 op, 197817800.00 ns, 2.9477 ns/op
OverheadActual  12: 67108864 op, 176503700.00 ns, 2.6301 ns/op
OverheadActual  13: 67108864 op, 146563500.00 ns, 2.1840 ns/op
OverheadActual  14: 67108864 op, 183593000.00 ns, 2.7357 ns/op
OverheadActual  15: 67108864 op, 151986900.00 ns, 2.2648 ns/op
OverheadActual  16: 67108864 op, 192182400.00 ns, 2.8637 ns/op
OverheadActual  17: 67108864 op, 242658300.00 ns, 3.6159 ns/op
OverheadActual  18: 67108864 op, 160813000.00 ns, 2.3963 ns/op
OverheadActual  19: 67108864 op, 172631600.00 ns, 2.5724 ns/op
OverheadActual  20: 67108864 op, 264867800.00 ns, 3.9468 ns/op

WorkloadWarmup   1: 67108864 op, 860988400.00 ns, 12.8297 ns/op
WorkloadWarmup   2: 67108864 op, 667249800.00 ns, 9.9428 ns/op
WorkloadWarmup   3: 67108864 op, 666000400.00 ns, 9.9242 ns/op

// BeforeActualRun
WorkloadActual   1: 67108864 op, 654255300.00 ns, 9.7492 ns/op
WorkloadActual   2: 67108864 op, 610144700.00 ns, 9.0919 ns/op
WorkloadActual   3: 67108864 op, 617572000.00 ns, 9.2025 ns/op
WorkloadActual   4: 67108864 op, 631122700.00 ns, 9.4045 ns/op
WorkloadActual   5: 67108864 op, 655068000.00 ns, 9.7613 ns/op
WorkloadActual   6: 67108864 op, 692583300.00 ns, 10.3203 ns/op
WorkloadActual   7: 67108864 op, 650861700.00 ns, 9.6986 ns/op
WorkloadActual   8: 67108864 op, 621019500.00 ns, 9.2539 ns/op
WorkloadActual   9: 67108864 op, 594074800.00 ns, 8.8524 ns/op
WorkloadActual  10: 67108864 op, 592359800.00 ns, 8.8268 ns/op

// AfterActualRun
WorkloadResult   1: 67108864 op, 504980100.00 ns, 7.5248 ns/op
WorkloadResult   2: 67108864 op, 460869500.00 ns, 6.8675 ns/op
WorkloadResult   3: 67108864 op, 468296800.00 ns, 6.9782 ns/op
WorkloadResult   4: 67108864 op, 481847500.00 ns, 7.1801 ns/op
WorkloadResult   5: 67108864 op, 505792800.00 ns, 7.5369 ns/op
WorkloadResult   6: 67108864 op, 543308100.00 ns, 8.0959 ns/op
WorkloadResult   7: 67108864 op, 501586500.00 ns, 7.4742 ns/op
WorkloadResult   8: 67108864 op, 471744300.00 ns, 7.0295 ns/op
WorkloadResult   9: 67108864 op, 444799600.00 ns, 6.6280 ns/op
WorkloadResult  10: 67108864 op, 443084600.00 ns, 6.6025 ns/op
// GC:  0 0 0 400 67108864
// Threading:  0 0 67108864

// AfterAll
// Benchmark Process 57368 has exited with code 0.

Mean = 7.192 ns, StdErr = 0.148 ns (2.06%), N = 10, StdDev = 0.468 ns
Min = 6.602 ns, Q1 = 6.895 ns, Median = 7.105 ns, Q3 = 7.512 ns, Max = 8.096 ns
IQR = 0.617 ns, LowerFence = 5.970 ns, UpperFence = 8.438 ns
ConfidenceInterval = [6.485 ns; 7.899 ns] (CI 99.9%), Margin = 0.707 ns (9.83% of Mean)
Skewness = 0.4, Kurtosis = 1.96, MValue = 2.33

// ** Remained 41 (97.6%) benchmark(s) to run. Estimated finish 2026-05-18 18:10 (0h 10m from now) **
Setup power plan (GUID: 8c5e7fda-e8bf-4a96-9a85-a6e23a8c635c FriendlyName: High performance)
// **************************
// Benchmark: DependencyResolutionBenchmarks.Resolve_1000x_Throughput: Job-HMXGET(IterationCount=10, WarmupCount=3)
// *** Execute ***
// Launch: 1 / 1
// Execute: dotnet 6c7ed3db-dd7f-401f-b526-5c0523d7f382.dll --anonymousPipes 1152 1168 --benchmarkName Chopsticks.Benchmarks.DependencyResolutionBenchmarks.Resolve_Throughput --job "IterationCount=10, WarmupCount=3" --benchmarkId 1 in A:\g\Chopsticks2\Native\Benchmarks\bin\Release\net9.0\6c7ed3db-dd7f-401f-b526-5c0523d7f382\bin\Release\net9.0
// BeforeAnythingElse

// Benchmark Process Environment Information:
// BenchmarkDotNet v0.14.0
// Runtime=.NET 9.0.16 (9.0.1626.22923), X64 RyuJIT AVX2
// GC=Concurrent Workstation
// HardwareIntrinsics=AVX2,AES,BMI1,BMI2,FMA,LZCNT,PCLMUL,POPCNT,AvxVnni,SERIALIZE VectorSize=256
// Job: Job-JNQQVL(IterationCount=10, WarmupCount=3)

OverheadJitting  1: 1 op, 184900.00 ns, 184.9000 us/op
WorkloadJitting  1: 1 op, 475500.00 ns, 475.5000 us/op

OverheadJitting  2: 16 op, 252500.00 ns, 15.7813 us/op
WorkloadJitting  2: 16 op, 1014300.00 ns, 63.3938 us/op

WorkloadPilot    1: 16 op, 541900.00 ns, 33.8688 us/op
WorkloadPilot    2: 32 op, 909200.00 ns, 28.4125 us/op
WorkloadPilot    3: 64 op, 1638300.00 ns, 25.5984 us/op
WorkloadPilot    4: 128 op, 3117400.00 ns, 24.3547 us/op
WorkloadPilot    5: 256 op, 6542800.00 ns, 25.5578 us/op
WorkloadPilot    6: 512 op, 12361900.00 ns, 24.1443 us/op
WorkloadPilot    7: 1024 op, 26511600.00 ns, 25.8902 us/op
WorkloadPilot    8: 2048 op, 53547900.00 ns, 26.1464 us/op
WorkloadPilot    9: 4096 op, 59473700.00 ns, 14.5199 us/op
WorkloadPilot   10: 8192 op, 66179200.00 ns, 8.0785 us/op
WorkloadPilot   11: 16384 op, 132378900.00 ns, 8.0798 us/op
WorkloadPilot   12: 32768 op, 269481400.00 ns, 8.2239 us/op
WorkloadPilot   13: 65536 op, 532832200.00 ns, 8.1304 us/op

OverheadWarmup   1: 65536 op, 116600.00 ns, 1.7792 ns/op
OverheadWarmup   2: 65536 op, 116300.00 ns, 1.7746 ns/op
OverheadWarmup   3: 65536 op, 115900.00 ns, 1.7685 ns/op
OverheadWarmup   4: 65536 op, 110800.00 ns, 1.6907 ns/op
OverheadWarmup   5: 65536 op, 110600.00 ns, 1.6876 ns/op
OverheadWarmup   6: 65536 op, 125400.00 ns, 1.9135 ns/op
OverheadWarmup   7: 65536 op, 107300.00 ns, 1.6373 ns/op
OverheadWarmup   8: 65536 op, 110400.00 ns, 1.6846 ns/op
OverheadWarmup   9: 65536 op, 117700.00 ns, 1.7960 ns/op
OverheadWarmup  10: 65536 op, 107600.00 ns, 1.6418 ns/op

OverheadActual   1: 65536 op, 107900.00 ns, 1.6464 ns/op
OverheadActual   2: 65536 op, 124900.00 ns, 1.9058 ns/op
OverheadActual   3: 65536 op, 106100.00 ns, 1.6190 ns/op
OverheadActual   4: 65536 op, 111000.00 ns, 1.6937 ns/op
OverheadActual   5: 65536 op, 110800.00 ns, 1.6907 ns/op
OverheadActual   6: 65536 op, 122900.00 ns, 1.8753 ns/op
OverheadActual   7: 65536 op, 110500.00 ns, 1.6861 ns/op
OverheadActual   8: 65536 op, 108000.00 ns, 1.6479 ns/op
OverheadActual   9: 65536 op, 107600.00 ns, 1.6418 ns/op
OverheadActual  10: 65536 op, 110900.00 ns, 1.6922 ns/op
OverheadActual  11: 65536 op, 119700.00 ns, 1.8265 ns/op
OverheadActual  12: 65536 op, 111200.00 ns, 1.6968 ns/op
OverheadActual  13: 65536 op, 131300.00 ns, 2.0035 ns/op
OverheadActual  14: 65536 op, 111000.00 ns, 1.6937 ns/op
OverheadActual  15: 65536 op, 127100.00 ns, 1.9394 ns/op
OverheadActual  16: 65536 op, 110500.00 ns, 1.6861 ns/op
OverheadActual  17: 65536 op, 133500.00 ns, 2.0370 ns/op
OverheadActual  18: 65536 op, 108300.00 ns, 1.6525 ns/op
OverheadActual  19: 65536 op, 110900.00 ns, 1.6922 ns/op
OverheadActual  20: 65536 op, 111900.00 ns, 1.7075 ns/op

WorkloadWarmup   1: 65536 op, 533295800.00 ns, 8.1374 us/op
WorkloadWarmup   2: 65536 op, 529148900.00 ns, 8.0742 us/op
WorkloadWarmup   3: 65536 op, 458396000.00 ns, 6.9946 us/op

// BeforeActualRun
WorkloadActual   1: 65536 op, 523696900.00 ns, 7.9910 us/op
WorkloadActual   2: 65536 op, 529978100.00 ns, 8.0868 us/op
WorkloadActual   3: 65536 op, 464200200.00 ns, 7.0831 us/op
WorkloadActual   4: 65536 op, 849070600.00 ns, 12.9558 us/op
WorkloadActual   5: 65536 op, 512848700.00 ns, 7.8255 us/op
WorkloadActual   6: 65536 op, 478475800.00 ns, 7.3010 us/op
WorkloadActual   7: 65536 op, 466554500.00 ns, 7.1191 us/op
WorkloadActual   8: 65536 op, 466064500.00 ns, 7.1116 us/op
WorkloadActual   9: 65536 op, 495164500.00 ns, 7.5556 us/op
WorkloadActual  10: 65536 op, 515665600.00 ns, 7.8684 us/op

// AfterActualRun
WorkloadResult   1: 65536 op, 523585950.00 ns, 7.9893 us/op
WorkloadResult   2: 65536 op, 529867150.00 ns, 8.0851 us/op
WorkloadResult   3: 65536 op, 464089250.00 ns, 7.0814 us/op
WorkloadResult   4: 65536 op, 512737750.00 ns, 7.8238 us/op
WorkloadResult   5: 65536 op, 478364850.00 ns, 7.2993 us/op
WorkloadResult   6: 65536 op, 466443550.00 ns, 7.1174 us/op
WorkloadResult   7: 65536 op, 465953550.00 ns, 7.1099 us/op
WorkloadResult   8: 65536 op, 495053550.00 ns, 7.5539 us/op
WorkloadResult   9: 65536 op, 515554650.00 ns, 7.8667 us/op
// GC:  0 0 0 400 65536
// Threading:  0 0 65536

// AfterAll
// Benchmark Process 67956 has exited with code 0.

Mean = 7.547 μs, StdErr = 0.135 μs (1.79%), N = 9, StdDev = 0.406 μs
Min = 7.081 μs, Q1 = 7.117 μs, Median = 7.554 μs, Q3 = 7.867 μs, Max = 8.085 μs
IQR = 0.749 μs, LowerFence = 5.993 μs, UpperFence = 8.991 μs
ConfidenceInterval = [6.865 μs; 8.229 μs] (CI 99.9%), Margin = 0.682 μs (9.04% of Mean)
Skewness = 0.03, Kurtosis = 1.06, MValue = 2

// ** Remained 40 (95.2%) benchmark(s) to run. Estimated finish 2026-05-18 18:08 (0h 7m from now) **
Setup power plan (GUID: 8c5e7fda-e8bf-4a96-9a85-a6e23a8c635c FriendlyName: High performance)
// **************************
// Benchmark: DependencyResolutionBenchmarks.Deregister_SingleLookup: Job-HMXGET(IterationCount=10, WarmupCount=3)
// *** Execute ***
// Launch: 1 / 1
// Execute: dotnet 6c7ed3db-dd7f-401f-b526-5c0523d7f382.dll --anonymousPipes 1136 1172 --benchmarkName Chopsticks.Benchmarks.DependencyResolutionBenchmarks.Deregister_And_ReRegister --job "IterationCount=10, WarmupCount=3" --benchmarkId 2 in A:\g\Chopsticks2\Native\Benchmarks\bin\Release\net9.0\6c7ed3db-dd7f-401f-b526-5c0523d7f382\bin\Release\net9.0
// BeforeAnythingElse

// Benchmark Process Environment Information:
// BenchmarkDotNet v0.14.0
// Runtime=.NET 9.0.16 (9.0.1626.22923), X64 RyuJIT AVX2
// GC=Concurrent Workstation
// HardwareIntrinsics=AVX2,AES,BMI1,BMI2,FMA,LZCNT,PCLMUL,POPCNT,AvxVnni,SERIALIZE VectorSize=256
// Job: Job-OFOXOI(IterationCount=10, WarmupCount=3)

OverheadJitting  1: 1 op, 237100.00 ns, 237.1000 us/op
WorkloadJitting  1: 1 op, 446600.00 ns, 446.6000 us/op

OverheadJitting  2: 16 op, 317500.00 ns, 19.8438 us/op
WorkloadJitting  2: 16 op, 308800.00 ns, 19.3000 us/op

WorkloadPilot    1: 16 op, 5800.00 ns, 362.5000 ns/op
WorkloadPilot    2: 32 op, 5900.00 ns, 184.3750 ns/op
WorkloadPilot    3: 64 op, 23100.00 ns, 360.9375 ns/op
WorkloadPilot    4: 128 op, 27200.00 ns, 212.5000 ns/op
WorkloadPilot    5: 256 op, 43800.00 ns, 171.0938 ns/op
WorkloadPilot    6: 512 op, 73200.00 ns, 142.9688 ns/op
WorkloadPilot    7: 1024 op, 189400.00 ns, 184.9609 ns/op
WorkloadPilot    8: 2048 op, 275200.00 ns, 134.3750 ns/op
WorkloadPilot    9: 4096 op, 530500.00 ns, 129.5166 ns/op
WorkloadPilot   10: 8192 op, 1260800.00 ns, 153.9063 ns/op
WorkloadPilot   11: 16384 op, 2203500.00 ns, 134.4910 ns/op
WorkloadPilot   12: 32768 op, 4724900.00 ns, 144.1925 ns/op
WorkloadPilot   13: 65536 op, 8810000.00 ns, 134.4299 ns/op
WorkloadPilot   14: 131072 op, 17901500.00 ns, 136.5776 ns/op
WorkloadPilot   15: 262144 op, 26680000.00 ns, 101.7761 ns/op
WorkloadPilot   16: 524288 op, 51074600.00 ns, 97.4171 ns/op
WorkloadPilot   17: 1048576 op, 101267600.00 ns, 96.5763 ns/op
WorkloadPilot   18: 2097152 op, 106546200.00 ns, 50.8052 ns/op
WorkloadPilot   19: 4194304 op, 187001600.00 ns, 44.5847 ns/op
WorkloadPilot   20: 8388608 op, 376417700.00 ns, 44.8725 ns/op
WorkloadPilot   21: 16777216 op, 747766400.00 ns, 44.5704 ns/op

OverheadWarmup   1: 16777216 op, 36045800.00 ns, 2.1485 ns/op
OverheadWarmup   2: 16777216 op, 35828200.00 ns, 2.1355 ns/op
OverheadWarmup   3: 16777216 op, 35466200.00 ns, 2.1140 ns/op
OverheadWarmup   4: 16777216 op, 35425900.00 ns, 2.1115 ns/op
OverheadWarmup   5: 16777216 op, 35342100.00 ns, 2.1066 ns/op
OverheadWarmup   6: 16777216 op, 35553600.00 ns, 2.1192 ns/op
OverheadWarmup   7: 16777216 op, 35746100.00 ns, 2.1306 ns/op
OverheadWarmup   8: 16777216 op, 35707100.00 ns, 2.1283 ns/op
OverheadWarmup   9: 16777216 op, 35501200.00 ns, 2.1160 ns/op
OverheadWarmup  10: 16777216 op, 34682700.00 ns, 2.0673 ns/op

OverheadActual   1: 16777216 op, 31291600.00 ns, 1.8651 ns/op
OverheadActual   2: 16777216 op, 31263800.00 ns, 1.8635 ns/op
OverheadActual   3: 16777216 op, 31564700.00 ns, 1.8814 ns/op
OverheadActual   4: 16777216 op, 31628500.00 ns, 1.8852 ns/op
OverheadActual   5: 16777216 op, 31847300.00 ns, 1.8982 ns/op
OverheadActual   6: 16777216 op, 32448100.00 ns, 1.9341 ns/op
OverheadActual   7: 16777216 op, 32805000.00 ns, 1.9553 ns/op
OverheadActual   8: 16777216 op, 33041600.00 ns, 1.9694 ns/op
OverheadActual   9: 16777216 op, 33209200.00 ns, 1.9794 ns/op
OverheadActual  10: 16777216 op, 33067100.00 ns, 1.9710 ns/op
OverheadActual  11: 16777216 op, 36401700.00 ns, 2.1697 ns/op
OverheadActual  12: 16777216 op, 33872200.00 ns, 2.0189 ns/op
OverheadActual  13: 16777216 op, 35229100.00 ns, 2.0998 ns/op
OverheadActual  14: 16777216 op, 35334700.00 ns, 2.1061 ns/op
OverheadActual  15: 16777216 op, 33535000.00 ns, 1.9988 ns/op
OverheadActual  16: 16777216 op, 34682700.00 ns, 2.0673 ns/op

WorkloadWarmup   1: 16777216 op, 814897200.00 ns, 48.5717 ns/op
WorkloadWarmup   2: 16777216 op, 947003300.00 ns, 56.4458 ns/op
WorkloadWarmup   3: 16777216 op, 919001500.00 ns, 54.7768 ns/op

// BeforeActualRun
WorkloadActual   1: 16777216 op, 905054500.00 ns, 53.9455 ns/op
WorkloadActual   2: 16777216 op, 829401500.00 ns, 49.4362 ns/op
WorkloadActual   3: 16777216 op, 920239500.00 ns, 54.8505 ns/op
WorkloadActual   4: 16777216 op, 1056344100.00 ns, 62.9630 ns/op
WorkloadActual   5: 16777216 op, 900817400.00 ns, 53.6929 ns/op
WorkloadActual   6: 16777216 op, 967456200.00 ns, 57.6649 ns/op
WorkloadActual   7: 16777216 op, 950104300.00 ns, 56.6306 ns/op
WorkloadActual   8: 16777216 op, 971899400.00 ns, 57.9297 ns/op
WorkloadActual   9: 16777216 op, 861375600.00 ns, 51.3420 ns/op
WorkloadActual  10: 16777216 op, 981189400.00 ns, 58.4834 ns/op

// AfterActualRun
WorkloadResult   1: 16777216 op, 872000150.00 ns, 51.9753 ns/op
WorkloadResult   2: 16777216 op, 796347150.00 ns, 47.4660 ns/op
WorkloadResult   3: 16777216 op, 887185150.00 ns, 52.8804 ns/op
WorkloadResult   4: 16777216 op, 1023289750.00 ns, 60.9928 ns/op
WorkloadResult   5: 16777216 op, 867763050.00 ns, 51.7227 ns/op
WorkloadResult   6: 16777216 op, 934401850.00 ns, 55.6947 ns/op
WorkloadResult   7: 16777216 op, 917049950.00 ns, 54.6604 ns/op
WorkloadResult   8: 16777216 op, 938845050.00 ns, 55.9595 ns/op
WorkloadResult   9: 16777216 op, 828321250.00 ns, 49.3718 ns/op
WorkloadResult  10: 16777216 op, 948135050.00 ns, 56.5133 ns/op
// GC:  114 0 0 2147483760 16777216
// Threading:  0 0 16777216

// AfterAll
// Benchmark Process 48652 has exited with code 0.

Mean = 53.724 ns, StdErr = 1.230 ns (2.29%), N = 10, StdDev = 3.891 ns
Min = 47.466 ns, Q1 = 51.786 ns, Median = 53.770 ns, Q3 = 55.893 ns, Max = 60.993 ns
IQR = 4.107 ns, LowerFence = 45.625 ns, UpperFence = 62.055 ns
ConfidenceInterval = [47.841 ns; 59.606 ns] (CI 99.9%), Margin = 5.883 ns (10.95% of Mean)
Skewness = 0.14, Kurtosis = 2.1, MValue = 2

// ** Remained 39 (92.9%) benchmark(s) to run. Estimated finish 2026-05-18 18:09 (0h 8m from now) **
Setup power plan (GUID: 8c5e7fda-e8bf-4a96-9a85-a6e23a8c635c FriendlyName: High performance)
// **************************
// Benchmark: DependencyResolutionBenchmarks.CanProvide_Check: Job-HMXGET(IterationCount=10, WarmupCount=3)
// *** Execute ***
// Launch: 1 / 1
// Execute: dotnet 6c7ed3db-dd7f-401f-b526-5c0523d7f382.dll --anonymousPipes 1336 1332 --benchmarkName Chopsticks.Benchmarks.DependencyResolutionBenchmarks.CanProvide_Check --job "IterationCount=10, WarmupCount=3" --benchmarkId 3 in A:\g\Chopsticks2\Native\Benchmarks\bin\Release\net9.0\6c7ed3db-dd7f-401f-b526-5c0523d7f382\bin\Release\net9.0
// BeforeAnythingElse

// Benchmark Process Environment Information:
// BenchmarkDotNet v0.14.0
// Runtime=.NET 9.0.16 (9.0.1626.22923), X64 RyuJIT AVX2
// GC=Concurrent Workstation
// HardwareIntrinsics=AVX2,AES,BMI1,BMI2,FMA,LZCNT,PCLMUL,POPCNT,AvxVnni,SERIALIZE VectorSize=256
// Job: Job-UCVVEB(IterationCount=10, WarmupCount=3)

OverheadJitting  1: 1 op, 175300.00 ns, 175.3000 us/op
WorkloadJitting  1: 1 op, 239500.00 ns, 239.5000 us/op

OverheadJitting  2: 16 op, 306100.00 ns, 19.1313 us/op
WorkloadJitting  2: 16 op, 459600.00 ns, 28.7250 us/op

WorkloadPilot    1: 16 op, 1500.00 ns, 93.7500 ns/op
WorkloadPilot    2: 32 op, 1900.00 ns, 59.3750 ns/op
WorkloadPilot    3: 64 op, 2200.00 ns, 34.3750 ns/op
WorkloadPilot    4: 128 op, 3600.00 ns, 28.1250 ns/op
WorkloadPilot    5: 256 op, 3400.00 ns, 13.2813 ns/op
WorkloadPilot    6: 512 op, 4700.00 ns, 9.1797 ns/op
WorkloadPilot    7: 1024 op, 9000.00 ns, 8.7891 ns/op
WorkloadPilot    8: 2048 op, 21000.00 ns, 10.2539 ns/op
WorkloadPilot    9: 4096 op, 35900.00 ns, 8.7646 ns/op
WorkloadPilot   10: 8192 op, 69400.00 ns, 8.4717 ns/op
WorkloadPilot   11: 16384 op, 139500.00 ns, 8.5144 ns/op
WorkloadPilot   12: 32768 op, 275000.00 ns, 8.3923 ns/op
WorkloadPilot   13: 65536 op, 563500.00 ns, 8.5983 ns/op
WorkloadPilot   14: 131072 op, 1113000.00 ns, 8.4915 ns/op
WorkloadPilot   15: 262144 op, 2219200.00 ns, 8.4656 ns/op
WorkloadPilot   16: 524288 op, 4572200.00 ns, 8.7208 ns/op
WorkloadPilot   17: 1048576 op, 9149200.00 ns, 8.7254 ns/op
WorkloadPilot   18: 2097152 op, 21297900.00 ns, 10.1556 ns/op
WorkloadPilot   19: 4194304 op, 41393100.00 ns, 9.8689 ns/op
WorkloadPilot   20: 8388608 op, 74984400.00 ns, 8.9388 ns/op
WorkloadPilot   21: 16777216 op, 114883700.00 ns, 6.8476 ns/op
WorkloadPilot   22: 33554432 op, 231695800.00 ns, 6.9051 ns/op
WorkloadPilot   23: 67108864 op, 456105100.00 ns, 6.7965 ns/op
WorkloadPilot   24: 134217728 op, 874615800.00 ns, 6.5164 ns/op

OverheadWarmup   1: 134217728 op, 228487100.00 ns, 1.7024 ns/op
OverheadWarmup   2: 134217728 op, 135131800.00 ns, 1.0068 ns/op
OverheadWarmup   3: 134217728 op, 134075700.00 ns, 0.9989 ns/op
OverheadWarmup   4: 134217728 op, 132408500.00 ns, 0.9865 ns/op
OverheadWarmup   5: 134217728 op, 133365100.00 ns, 0.9936 ns/op
OverheadWarmup   6: 134217728 op, 133459700.00 ns, 0.9944 ns/op
OverheadWarmup   7: 134217728 op, 133968300.00 ns, 0.9981 ns/op
OverheadWarmup   8: 134217728 op, 150690600.00 ns, 1.1227 ns/op
OverheadWarmup   9: 134217728 op, 147273600.00 ns, 1.0973 ns/op
OverheadWarmup  10: 134217728 op, 141865300.00 ns, 1.0570 ns/op

OverheadActual   1: 134217728 op, 166539900.00 ns, 1.2408 ns/op
OverheadActual   2: 134217728 op, 185435300.00 ns, 1.3816 ns/op
OverheadActual   3: 134217728 op, 136540500.00 ns, 1.0173 ns/op
OverheadActual   4: 134217728 op, 205677400.00 ns, 1.5324 ns/op
OverheadActual   5: 134217728 op, 151566200.00 ns, 1.1293 ns/op
OverheadActual   6: 134217728 op, 151301300.00 ns, 1.1273 ns/op
OverheadActual   7: 134217728 op, 194424900.00 ns, 1.4486 ns/op
OverheadActual   8: 134217728 op, 223614400.00 ns, 1.6661 ns/op
OverheadActual   9: 134217728 op, 225810000.00 ns, 1.6824 ns/op
OverheadActual  10: 134217728 op, 258197100.00 ns, 1.9237 ns/op
OverheadActual  11: 134217728 op, 134738300.00 ns, 1.0039 ns/op
OverheadActual  12: 134217728 op, 225769800.00 ns, 1.6821 ns/op
OverheadActual  13: 134217728 op, 205325500.00 ns, 1.5298 ns/op
OverheadActual  14: 134217728 op, 168228900.00 ns, 1.2534 ns/op
OverheadActual  15: 134217728 op, 155672500.00 ns, 1.1599 ns/op
OverheadActual  16: 134217728 op, 172403400.00 ns, 1.2845 ns/op
OverheadActual  17: 134217728 op, 186539900.00 ns, 1.3898 ns/op
OverheadActual  18: 134217728 op, 210589600.00 ns, 1.5690 ns/op
OverheadActual  19: 134217728 op, 185504300.00 ns, 1.3821 ns/op
OverheadActual  20: 134217728 op, 123041400.00 ns, 0.9167 ns/op

WorkloadWarmup   1: 134217728 op, 806459700.00 ns, 6.0086 ns/op
WorkloadWarmup   2: 134217728 op, 789517000.00 ns, 5.8824 ns/op
WorkloadWarmup   3: 134217728 op, 781721300.00 ns, 5.8243 ns/op

// BeforeActualRun
WorkloadActual   1: 134217728 op, 778938200.00 ns, 5.8035 ns/op
WorkloadActual   2: 134217728 op, 796640700.00 ns, 5.9354 ns/op
WorkloadActual   3: 134217728 op, 870359600.00 ns, 6.4847 ns/op
WorkloadActual   4: 134217728 op, 792298600.00 ns, 5.9031 ns/op
WorkloadActual   5: 134217728 op, 758675300.00 ns, 5.6526 ns/op
WorkloadActual   6: 134217728 op, 776022400.00 ns, 5.7818 ns/op
WorkloadActual   7: 134217728 op, 768788000.00 ns, 5.7279 ns/op
WorkloadActual   8: 134217728 op, 786984900.00 ns, 5.8635 ns/op
WorkloadActual   9: 134217728 op, 841096700.00 ns, 6.2667 ns/op
WorkloadActual  10: 134217728 op, 788408700.00 ns, 5.8741 ns/op

// AfterActualRun
WorkloadResult   1: 134217728 op, 593468400.00 ns, 4.4217 ns/op
WorkloadResult   2: 134217728 op, 611170900.00 ns, 4.5536 ns/op
WorkloadResult   3: 134217728 op, 606828800.00 ns, 4.5212 ns/op
WorkloadResult   4: 134217728 op, 573205500.00 ns, 4.2707 ns/op
WorkloadResult   5: 134217728 op, 590552600.00 ns, 4.4000 ns/op
WorkloadResult   6: 134217728 op, 583318200.00 ns, 4.3461 ns/op
WorkloadResult   7: 134217728 op, 601515100.00 ns, 4.4816 ns/op
WorkloadResult   8: 134217728 op, 602938900.00 ns, 4.4922 ns/op
// GC:  0 0 0 400 134217728
// Threading:  0 0 134217728

// AfterAll
// Benchmark Process 44296 has exited with code 0.

Mean = 4.436 ns, StdErr = 0.034 ns (0.76%), N = 8, StdDev = 0.095 ns
Min = 4.271 ns, Q1 = 4.386 ns, Median = 4.452 ns, Q3 = 4.499 ns, Max = 4.554 ns
IQR = 0.113 ns, LowerFence = 4.217 ns, UpperFence = 4.669 ns
ConfidenceInterval = [4.254 ns; 4.618 ns] (CI 99.9%), Margin = 0.182 ns (4.10% of Mean)
Skewness = -0.4, Kurtosis = 1.64, MValue = 2

// ** Remained 38 (90.5%) benchmark(s) to run. Estimated finish 2026-05-18 18:10 (0h 9m from now) **
Setup power plan (GUID: 8c5e7fda-e8bf-4a96-9a85-a6e23a8c635c FriendlyName: High performance)
// **************************
// Benchmark: DependencyResolutionBenchmarks.Resolve_Singleton_Cached: ShortRun(IterationCount=3, LaunchCount=1, WarmupCount=3)
// *** Execute ***
// Launch: 1 / 1
// Execute: dotnet 6c7ed3db-dd7f-401f-b526-5c0523d7f382.dll --anonymousPipes 692 1160 --benchmarkName Chopsticks.Benchmarks.DependencyResolutionBenchmarks.Resolve_Singleton_Cached --job ShortRun --benchmarkId 4 in A:\g\Chopsticks2\Native\Benchmarks\bin\Release\net9.0\6c7ed3db-dd7f-401f-b526-5c0523d7f382\bin\Release\net9.0
// BeforeAnythingElse

// Benchmark Process Environment Information:
// BenchmarkDotNet v0.14.0
// Runtime=.NET 9.0.16 (9.0.1626.22923), X64 RyuJIT AVX2
// GC=Concurrent Workstation
// HardwareIntrinsics=AVX2,AES,BMI1,BMI2,FMA,LZCNT,PCLMUL,POPCNT,AvxVnni,SERIALIZE VectorSize=256
// Job: ShortRun(IterationCount=3, LaunchCount=1, WarmupCount=3)

OverheadJitting  1: 1 op, 156700.00 ns, 156.7000 us/op
WorkloadJitting  1: 1 op, 391600.00 ns, 391.6000 us/op

OverheadJitting  2: 16 op, 266500.00 ns, 16.6563 us/op
WorkloadJitting  2: 16 op, 299100.00 ns, 18.6938 us/op

WorkloadPilot    1: 16 op, 1900.00 ns, 118.7500 ns/op
WorkloadPilot    2: 32 op, 1800.00 ns, 56.2500 ns/op
WorkloadPilot    3: 64 op, 2800.00 ns, 43.7500 ns/op
WorkloadPilot    4: 128 op, 3600.00 ns, 28.1250 ns/op
WorkloadPilot    5: 256 op, 5100.00 ns, 19.9219 ns/op
WorkloadPilot    6: 512 op, 7800.00 ns, 15.2344 ns/op
WorkloadPilot    7: 1024 op, 15800.00 ns, 15.4297 ns/op
WorkloadPilot    8: 2048 op, 31700.00 ns, 15.4785 ns/op
WorkloadPilot    9: 4096 op, 62100.00 ns, 15.1611 ns/op
WorkloadPilot   10: 8192 op, 123000.00 ns, 15.0146 ns/op
WorkloadPilot   11: 16384 op, 250800.00 ns, 15.3076 ns/op
WorkloadPilot   12: 32768 op, 538800.00 ns, 16.4429 ns/op
WorkloadPilot   13: 65536 op, 991600.00 ns, 15.1306 ns/op
WorkloadPilot   14: 131072 op, 1984400.00 ns, 15.1398 ns/op
WorkloadPilot   15: 262144 op, 4427600.00 ns, 16.8900 ns/op
WorkloadPilot   16: 524288 op, 8458400.00 ns, 16.1331 ns/op
WorkloadPilot   17: 1048576 op, 16491000.00 ns, 15.7270 ns/op
WorkloadPilot   18: 2097152 op, 33651200.00 ns, 16.0461 ns/op
WorkloadPilot   19: 4194304 op, 68861700.00 ns, 16.4179 ns/op
WorkloadPilot   20: 8388608 op, 83214200.00 ns, 9.9199 ns/op
WorkloadPilot   21: 16777216 op, 147017400.00 ns, 8.7629 ns/op
WorkloadPilot   22: 33554432 op, 303182300.00 ns, 9.0355 ns/op
WorkloadPilot   23: 67108864 op, 617089900.00 ns, 9.1954 ns/op

OverheadWarmup   1: 67108864 op, 141915300.00 ns, 2.1147 ns/op
OverheadWarmup   2: 67108864 op, 127472100.00 ns, 1.8995 ns/op
OverheadWarmup   3: 67108864 op, 135398200.00 ns, 2.0176 ns/op
OverheadWarmup   4: 67108864 op, 119424400.00 ns, 1.7796 ns/op
OverheadWarmup   5: 67108864 op, 118906200.00 ns, 1.7718 ns/op
OverheadWarmup   6: 67108864 op, 115417100.00 ns, 1.7198 ns/op
OverheadWarmup   7: 67108864 op, 122041100.00 ns, 1.8186 ns/op
OverheadWarmup   8: 67108864 op, 130666600.00 ns, 1.9471 ns/op
OverheadWarmup   9: 67108864 op, 122596900.00 ns, 1.8268 ns/op

OverheadActual   1: 67108864 op, 124905000.00 ns, 1.8612 ns/op
OverheadActual   2: 67108864 op, 122105500.00 ns, 1.8195 ns/op
OverheadActual   3: 67108864 op, 129760500.00 ns, 1.9336 ns/op
OverheadActual   4: 67108864 op, 139246300.00 ns, 2.0749 ns/op
OverheadActual   5: 67108864 op, 134235900.00 ns, 2.0003 ns/op
OverheadActual   6: 67108864 op, 135021300.00 ns, 2.0120 ns/op
OverheadActual   7: 67108864 op, 120828800.00 ns, 1.8005 ns/op
OverheadActual   8: 67108864 op, 124400200.00 ns, 1.8537 ns/op
OverheadActual   9: 67108864 op, 122102900.00 ns, 1.8195 ns/op
OverheadActual  10: 67108864 op, 123638600.00 ns, 1.8424 ns/op
OverheadActual  11: 67108864 op, 132060100.00 ns, 1.9678 ns/op
OverheadActual  12: 67108864 op, 124575200.00 ns, 1.8563 ns/op
OverheadActual  13: 67108864 op, 167364100.00 ns, 2.4939 ns/op
OverheadActual  14: 67108864 op, 119115700.00 ns, 1.7750 ns/op
OverheadActual  15: 67108864 op, 112107300.00 ns, 1.6705 ns/op
OverheadActual  16: 67108864 op, 115405400.00 ns, 1.7197 ns/op
OverheadActual  17: 67108864 op, 120622600.00 ns, 1.7974 ns/op
OverheadActual  18: 67108864 op, 132038500.00 ns, 1.9675 ns/op
OverheadActual  19: 67108864 op, 121182700.00 ns, 1.8058 ns/op
OverheadActual  20: 67108864 op, 123043400.00 ns, 1.8335 ns/op

WorkloadWarmup   1: 67108864 op, 712038500.00 ns, 10.6102 ns/op
WorkloadWarmup   2: 67108864 op, 804073700.00 ns, 11.9816 ns/op
WorkloadWarmup   3: 67108864 op, 633532300.00 ns, 9.4404 ns/op

// BeforeActualRun
WorkloadActual   1: 67108864 op, 594522700.00 ns, 8.8591 ns/op
WorkloadActual   2: 67108864 op, 645364900.00 ns, 9.6167 ns/op
WorkloadActual   3: 67108864 op, 651112900.00 ns, 9.7023 ns/op

// AfterActualRun
WorkloadResult   1: 67108864 op, 470503300.00 ns, 7.0110 ns/op
WorkloadResult   2: 67108864 op, 521345500.00 ns, 7.7687 ns/op
WorkloadResult   3: 67108864 op, 527093500.00 ns, 7.8543 ns/op
// GC:  0 0 0 400 67108864
// Threading:  0 0 67108864

// AfterAll
// Benchmark Process 42968 has exited with code 0.

Mean = 7.545 ns, StdErr = 0.268 ns (3.55%), N = 3, StdDev = 0.464 ns
Min = 7.011 ns, Q1 = 7.390 ns, Median = 7.769 ns, Q3 = 7.811 ns, Max = 7.854 ns
IQR = 0.422 ns, LowerFence = 6.757 ns, UpperFence = 8.444 ns
ConfidenceInterval = [-0.922 ns; 16.012 ns] (CI 99.9%), Margin = 8.467 ns (112.23% of Mean)
Skewness = -0.37, Kurtosis = 0.67, MValue = 2

// ** Remained 37 (88.1%) benchmark(s) to run. Estimated finish 2026-05-18 18:09 (0h 8m from now) **
Setup power plan (GUID: 8c5e7fda-e8bf-4a96-9a85-a6e23a8c635c FriendlyName: High performance)
// **************************
// Benchmark: DependencyResolutionBenchmarks.Resolve_1000x_Throughput: ShortRun(IterationCount=3, LaunchCount=1, WarmupCount=3)
// *** Execute ***
// Launch: 1 / 1
// Execute: dotnet 6c7ed3db-dd7f-401f-b526-5c0523d7f382.dll --anonymousPipes 1348 1320 --benchmarkName Chopsticks.Benchmarks.DependencyResolutionBenchmarks.Resolve_Throughput --job ShortRun --benchmarkId 5 in A:\g\Chopsticks2\Native\Benchmarks\bin\Release\net9.0\6c7ed3db-dd7f-401f-b526-5c0523d7f382\bin\Release\net9.0
// BeforeAnythingElse

// Benchmark Process Environment Information:
// BenchmarkDotNet v0.14.0
// Runtime=.NET 9.0.16 (9.0.1626.22923), X64 RyuJIT AVX2
// GC=Concurrent Workstation
// HardwareIntrinsics=AVX2,AES,BMI1,BMI2,FMA,LZCNT,PCLMUL,POPCNT,AvxVnni,SERIALIZE VectorSize=256
// Job: ShortRun(IterationCount=3, LaunchCount=1, WarmupCount=3)

OverheadJitting  1: 1 op, 161900.00 ns, 161.9000 us/op
WorkloadJitting  1: 1 op, 459100.00 ns, 459.1000 us/op

OverheadJitting  2: 16 op, 224700.00 ns, 14.0438 us/op
WorkloadJitting  2: 16 op, 991800.00 ns, 61.9875 us/op

WorkloadPilot    1: 16 op, 435100.00 ns, 27.1938 us/op
WorkloadPilot    2: 32 op, 767200.00 ns, 23.9750 us/op
WorkloadPilot    3: 64 op, 1391200.00 ns, 21.7375 us/op
WorkloadPilot    4: 128 op, 2702500.00 ns, 21.1133 us/op
WorkloadPilot    5: 256 op, 5113700.00 ns, 19.9754 us/op
WorkloadPilot    6: 512 op, 10328700.00 ns, 20.1732 us/op
WorkloadPilot    7: 1024 op, 22299000.00 ns, 21.7764 us/op
WorkloadPilot    8: 2048 op, 42813300.00 ns, 20.9049 us/op
WorkloadPilot    9: 4096 op, 84314700.00 ns, 20.5846 us/op
WorkloadPilot   10: 8192 op, 115553000.00 ns, 14.1056 us/op
WorkloadPilot   11: 16384 op, 114277100.00 ns, 6.9749 us/op
WorkloadPilot   12: 32768 op, 224430500.00 ns, 6.8491 us/op
WorkloadPilot   13: 65536 op, 446807200.00 ns, 6.8177 us/op
WorkloadPilot   14: 131072 op, 936512600.00 ns, 7.1450 us/op

OverheadWarmup   1: 131072 op, 203300.00 ns, 1.5511 ns/op
OverheadWarmup   2: 131072 op, 200800.00 ns, 1.5320 ns/op
OverheadWarmup   3: 131072 op, 201200.00 ns, 1.5350 ns/op
OverheadWarmup   4: 131072 op, 216500.00 ns, 1.6518 ns/op
OverheadWarmup   5: 131072 op, 301000.00 ns, 2.2964 ns/op
OverheadWarmup   6: 131072 op, 256700.00 ns, 1.9585 ns/op
OverheadWarmup   7: 131072 op, 227200.00 ns, 1.7334 ns/op
OverheadWarmup   8: 131072 op, 229300.00 ns, 1.7494 ns/op
OverheadWarmup   9: 131072 op, 203500.00 ns, 1.5526 ns/op

OverheadActual   1: 131072 op, 206000.00 ns, 1.5717 ns/op
OverheadActual   2: 131072 op, 206800.00 ns, 1.5778 ns/op
OverheadActual   3: 131072 op, 250500.00 ns, 1.9112 ns/op
OverheadActual   4: 131072 op, 249700.00 ns, 1.9051 ns/op
OverheadActual   5: 131072 op, 197800.00 ns, 1.5091 ns/op
OverheadActual   6: 131072 op, 255500.00 ns, 1.9493 ns/op
OverheadActual   7: 131072 op, 205600.00 ns, 1.5686 ns/op
OverheadActual   8: 131072 op, 206100.00 ns, 1.5724 ns/op
OverheadActual   9: 131072 op, 205700.00 ns, 1.5694 ns/op
OverheadActual  10: 131072 op, 205900.00 ns, 1.5709 ns/op
OverheadActual  11: 131072 op, 195600.00 ns, 1.4923 ns/op
OverheadActual  12: 131072 op, 223400.00 ns, 1.7044 ns/op
OverheadActual  13: 131072 op, 207200.00 ns, 1.5808 ns/op
OverheadActual  14: 131072 op, 205700.00 ns, 1.5694 ns/op
OverheadActual  15: 131072 op, 205400.00 ns, 1.5671 ns/op

WorkloadWarmup   1: 131072 op, 879436900.00 ns, 6.7096 us/op
WorkloadWarmup   2: 131072 op, 900269900.00 ns, 6.8685 us/op
WorkloadWarmup   3: 131072 op, 971455700.00 ns, 7.4116 us/op

// BeforeActualRun
WorkloadActual   1: 131072 op, 912636900.00 ns, 6.9629 us/op
WorkloadActual   2: 131072 op, 891997700.00 ns, 6.8054 us/op
WorkloadActual   3: 131072 op, 907978100.00 ns, 6.9273 us/op

// AfterActualRun
WorkloadResult   1: 131072 op, 912430900.00 ns, 6.9613 us/op
WorkloadResult   2: 131072 op, 891791700.00 ns, 6.8038 us/op
WorkloadResult   3: 131072 op, 907772100.00 ns, 6.9258 us/op
// GC:  0 0 0 400 131072
// Threading:  0 0 131072

// AfterAll
// Benchmark Process 67600 has exited with code 0.

Mean = 6.897 μs, StdErr = 0.048 μs (0.69%), N = 3, StdDev = 0.083 μs
Min = 6.804 μs, Q1 = 6.865 μs, Median = 6.926 μs, Q3 = 6.944 μs, Max = 6.961 μs
IQR = 0.079 μs, LowerFence = 6.747 μs, UpperFence = 7.062 μs
ConfidenceInterval = [5.390 μs; 8.404 μs] (CI 99.9%), Margin = 1.507 μs (21.85% of Mean)
Skewness = -0.31, Kurtosis = 0.67, MValue = 2

// ** Remained 36 (85.7%) benchmark(s) to run. Estimated finish 2026-05-18 18:09 (0h 7m from now) **
Setup power plan (GUID: 8c5e7fda-e8bf-4a96-9a85-a6e23a8c635c FriendlyName: High performance)
// **************************
// Benchmark: DependencyResolutionBenchmarks.Deregister_SingleLookup: ShortRun(IterationCount=3, LaunchCount=1, WarmupCount=3)
// *** Execute ***
// Launch: 1 / 1
// Execute: dotnet 6c7ed3db-dd7f-401f-b526-5c0523d7f382.dll --anonymousPipes 1348 1320 --benchmarkName Chopsticks.Benchmarks.DependencyResolutionBenchmarks.Deregister_And_ReRegister --job ShortRun --benchmarkId 6 in A:\g\Chopsticks2\Native\Benchmarks\bin\Release\net9.0\6c7ed3db-dd7f-401f-b526-5c0523d7f382\bin\Release\net9.0
// BeforeAnythingElse

// Benchmark Process Environment Information:
// BenchmarkDotNet v0.14.0
// Runtime=.NET 9.0.16 (9.0.1626.22923), X64 RyuJIT AVX2
// GC=Concurrent Workstation
// HardwareIntrinsics=AVX2,AES,BMI1,BMI2,FMA,LZCNT,PCLMUL,POPCNT,AvxVnni,SERIALIZE VectorSize=256
// Job: ShortRun(IterationCount=3, LaunchCount=1, WarmupCount=3)

OverheadJitting  1: 1 op, 186100.00 ns, 186.1000 us/op
WorkloadJitting  1: 1 op, 415400.00 ns, 415.4000 us/op

OverheadJitting  2: 16 op, 365200.00 ns, 22.8250 us/op
WorkloadJitting  2: 16 op, 313600.00 ns, 19.6000 us/op

WorkloadPilot    1: 16 op, 8900.00 ns, 556.2500 ns/op
WorkloadPilot    2: 32 op, 8900.00 ns, 278.1250 ns/op
WorkloadPilot    3: 64 op, 22200.00 ns, 346.8750 ns/op
WorkloadPilot    4: 128 op, 29900.00 ns, 233.5938 ns/op
WorkloadPilot    5: 256 op, 47500.00 ns, 185.5469 ns/op
WorkloadPilot    6: 512 op, 80900.00 ns, 158.0078 ns/op
WorkloadPilot    7: 1024 op, 163300.00 ns, 159.4727 ns/op
WorkloadPilot    8: 2048 op, 267900.00 ns, 130.8105 ns/op
WorkloadPilot    9: 4096 op, 570600.00 ns, 139.3066 ns/op
WorkloadPilot   10: 8192 op, 1363100.00 ns, 166.3940 ns/op
WorkloadPilot   11: 16384 op, 2355300.00 ns, 143.7561 ns/op
WorkloadPilot   12: 32768 op, 4230900.00 ns, 129.1168 ns/op
WorkloadPilot   13: 65536 op, 8001900.00 ns, 122.0993 ns/op
WorkloadPilot   14: 131072 op, 16792600.00 ns, 128.1174 ns/op
WorkloadPilot   15: 262144 op, 25153900.00 ns, 95.9545 ns/op
WorkloadPilot   16: 524288 op, 50437400.00 ns, 96.2017 ns/op
WorkloadPilot   17: 1048576 op, 63273200.00 ns, 60.3420 ns/op
WorkloadPilot   18: 2097152 op, 96312600.00 ns, 45.9254 ns/op
WorkloadPilot   19: 4194304 op, 188362000.00 ns, 44.9090 ns/op
WorkloadPilot   20: 8388608 op, 377783400.00 ns, 45.0353 ns/op
WorkloadPilot   21: 16777216 op, 744637600.00 ns, 44.3839 ns/op

OverheadWarmup   1: 16777216 op, 34723000.00 ns, 2.0697 ns/op
OverheadWarmup   2: 16777216 op, 33067600.00 ns, 1.9710 ns/op
OverheadWarmup   3: 16777216 op, 31449800.00 ns, 1.8746 ns/op
OverheadWarmup   4: 16777216 op, 34400800.00 ns, 2.0504 ns/op
OverheadWarmup   5: 16777216 op, 32508900.00 ns, 1.9377 ns/op
OverheadWarmup   6: 16777216 op, 41164900.00 ns, 2.4536 ns/op
OverheadWarmup   7: 16777216 op, 47737200.00 ns, 2.8454 ns/op
OverheadWarmup   8: 16777216 op, 34002800.00 ns, 2.0267 ns/op

OverheadActual   1: 16777216 op, 34767800.00 ns, 2.0723 ns/op
OverheadActual   2: 16777216 op, 34754600.00 ns, 2.0715 ns/op
OverheadActual   3: 16777216 op, 35111400.00 ns, 2.0928 ns/op
OverheadActual   4: 16777216 op, 34952000.00 ns, 2.0833 ns/op
OverheadActual   5: 16777216 op, 35366200.00 ns, 2.1080 ns/op
OverheadActual   6: 16777216 op, 35219600.00 ns, 2.0993 ns/op
OverheadActual   7: 16777216 op, 35625600.00 ns, 2.1235 ns/op
OverheadActual   8: 16777216 op, 35890600.00 ns, 2.1392 ns/op
OverheadActual   9: 16777216 op, 35862000.00 ns, 2.1375 ns/op
OverheadActual  10: 16777216 op, 35596500.00 ns, 2.1217 ns/op
OverheadActual  11: 16777216 op, 32233200.00 ns, 1.9212 ns/op
OverheadActual  12: 16777216 op, 32884900.00 ns, 1.9601 ns/op
OverheadActual  13: 16777216 op, 32044100.00 ns, 1.9100 ns/op
OverheadActual  14: 16777216 op, 32131300.00 ns, 1.9152 ns/op
OverheadActual  15: 16777216 op, 32179400.00 ns, 1.9180 ns/op

WorkloadWarmup   1: 16777216 op, 751116500.00 ns, 44.7700 ns/op
WorkloadWarmup   2: 16777216 op, 754582800.00 ns, 44.9766 ns/op
WorkloadWarmup   3: 16777216 op, 744987300.00 ns, 44.4047 ns/op

// BeforeActualRun
WorkloadActual   1: 16777216 op, 784877400.00 ns, 46.7823 ns/op
WorkloadActual   2: 16777216 op, 771811700.00 ns, 46.0036 ns/op
WorkloadActual   3: 16777216 op, 742024700.00 ns, 44.2281 ns/op

// AfterActualRun
WorkloadResult   1: 16777216 op, 749925400.00 ns, 44.6990 ns/op
WorkloadResult   2: 16777216 op, 736859700.00 ns, 43.9203 ns/op
WorkloadResult   3: 16777216 op, 707072700.00 ns, 42.1448 ns/op
// GC:  114 0 0 2147483712 16777216
// Threading:  0 0 16777216

// AfterAll
// Benchmark Process 39304 has exited with code 0.

Mean = 43.588 ns, StdErr = 0.756 ns (1.73%), N = 3, StdDev = 1.309 ns
Min = 42.145 ns, Q1 = 43.033 ns, Median = 43.920 ns, Q3 = 44.310 ns, Max = 44.699 ns
IQR = 1.277 ns, LowerFence = 41.117 ns, UpperFence = 46.225 ns
ConfidenceInterval = [19.705 ns; 67.471 ns] (CI 99.9%), Margin = 23.883 ns (54.79% of Mean)
Skewness = -0.24, Kurtosis = 0.67, MValue = 2

// ** Remained 35 (83.3%) benchmark(s) to run. Estimated finish 2026-05-18 18:08 (0h 7m from now) **
Setup power plan (GUID: 8c5e7fda-e8bf-4a96-9a85-a6e23a8c635c FriendlyName: High performance)
// **************************
// Benchmark: DependencyResolutionBenchmarks.CanProvide_Check: ShortRun(IterationCount=3, LaunchCount=1, WarmupCount=3)
// *** Execute ***
// Launch: 1 / 1
// Execute: dotnet 6c7ed3db-dd7f-401f-b526-5c0523d7f382.dll --anonymousPipes 1348 1404 --benchmarkName Chopsticks.Benchmarks.DependencyResolutionBenchmarks.CanProvide_Check --job ShortRun --benchmarkId 7 in A:\g\Chopsticks2\Native\Benchmarks\bin\Release\net9.0\6c7ed3db-dd7f-401f-b526-5c0523d7f382\bin\Release\net9.0
// BeforeAnythingElse

// Benchmark Process Environment Information:
// BenchmarkDotNet v0.14.0
// Runtime=.NET 9.0.16 (9.0.1626.22923), X64 RyuJIT AVX2
// GC=Concurrent Workstation
// HardwareIntrinsics=AVX2,AES,BMI1,BMI2,FMA,LZCNT,PCLMUL,POPCNT,AvxVnni,SERIALIZE VectorSize=256
// Job: ShortRun(IterationCount=3, LaunchCount=1, WarmupCount=3)

OverheadJitting  1: 1 op, 313500.00 ns, 313.5000 us/op
WorkloadJitting  1: 1 op, 249800.00 ns, 249.8000 us/op

OverheadJitting  2: 16 op, 283100.00 ns, 17.6938 us/op
WorkloadJitting  2: 16 op, 292500.00 ns, 18.2813 us/op

WorkloadPilot    1: 16 op, 1400.00 ns, 87.5000 ns/op
WorkloadPilot    2: 32 op, 2000.00 ns, 62.5000 ns/op
WorkloadPilot    3: 64 op, 2100.00 ns, 32.8125 ns/op
WorkloadPilot    4: 128 op, 2700.00 ns, 21.0938 ns/op
WorkloadPilot    5: 256 op, 2800.00 ns, 10.9375 ns/op
WorkloadPilot    6: 512 op, 4800.00 ns, 9.3750 ns/op
WorkloadPilot    7: 1024 op, 9300.00 ns, 9.0820 ns/op
WorkloadPilot    8: 2048 op, 18400.00 ns, 8.9844 ns/op
WorkloadPilot    9: 4096 op, 40700.00 ns, 9.9365 ns/op
WorkloadPilot   10: 8192 op, 81600.00 ns, 9.9609 ns/op
WorkloadPilot   11: 16384 op, 144100.00 ns, 8.7952 ns/op
WorkloadPilot   12: 32768 op, 291200.00 ns, 8.8867 ns/op
WorkloadPilot   13: 65536 op, 611100.00 ns, 9.3246 ns/op
WorkloadPilot   14: 131072 op, 1147800.00 ns, 8.7570 ns/op
WorkloadPilot   15: 262144 op, 2262500.00 ns, 8.6308 ns/op
WorkloadPilot   16: 524288 op, 4648100.00 ns, 8.8655 ns/op
WorkloadPilot   17: 1048576 op, 9347300.00 ns, 8.9143 ns/op
WorkloadPilot   18: 2097152 op, 18587800.00 ns, 8.8634 ns/op
WorkloadPilot   19: 4194304 op, 36992100.00 ns, 8.8196 ns/op
WorkloadPilot   20: 8388608 op, 73771400.00 ns, 8.7942 ns/op
WorkloadPilot   21: 16777216 op, 132536400.00 ns, 7.8998 ns/op
WorkloadPilot   22: 33554432 op, 200154400.00 ns, 5.9651 ns/op
WorkloadPilot   23: 67108864 op, 395349200.00 ns, 5.8912 ns/op
WorkloadPilot   24: 134217728 op, 811205600.00 ns, 6.0440 ns/op

OverheadWarmup   1: 134217728 op, 221380800.00 ns, 1.6494 ns/op
OverheadWarmup   2: 134217728 op, 129097600.00 ns, 0.9619 ns/op
OverheadWarmup   3: 134217728 op, 128151700.00 ns, 0.9548 ns/op
OverheadWarmup   4: 134217728 op, 126931600.00 ns, 0.9457 ns/op
OverheadWarmup   5: 134217728 op, 128157100.00 ns, 0.9548 ns/op
OverheadWarmup   6: 134217728 op, 128293800.00 ns, 0.9559 ns/op
OverheadWarmup   7: 134217728 op, 130196100.00 ns, 0.9700 ns/op
OverheadWarmup   8: 134217728 op, 129719300.00 ns, 0.9665 ns/op
OverheadWarmup   9: 134217728 op, 126576900.00 ns, 0.9431 ns/op
OverheadWarmup  10: 134217728 op, 125814800.00 ns, 0.9374 ns/op

OverheadActual   1: 134217728 op, 127127500.00 ns, 0.9472 ns/op
OverheadActual   2: 134217728 op, 128171300.00 ns, 0.9550 ns/op
OverheadActual   3: 134217728 op, 128626900.00 ns, 0.9583 ns/op
OverheadActual   4: 134217728 op, 130007800.00 ns, 0.9686 ns/op
OverheadActual   5: 134217728 op, 135309000.00 ns, 1.0081 ns/op
OverheadActual   6: 134217728 op, 134166500.00 ns, 0.9996 ns/op
OverheadActual   7: 134217728 op, 131059800.00 ns, 0.9765 ns/op
OverheadActual   8: 134217728 op, 133661100.00 ns, 0.9959 ns/op
OverheadActual   9: 134217728 op, 132290600.00 ns, 0.9856 ns/op
OverheadActual  10: 134217728 op, 129326000.00 ns, 0.9636 ns/op
OverheadActual  11: 134217728 op, 135437800.00 ns, 1.0091 ns/op
OverheadActual  12: 134217728 op, 138055700.00 ns, 1.0286 ns/op
OverheadActual  13: 134217728 op, 135559400.00 ns, 1.0100 ns/op
OverheadActual  14: 134217728 op, 130915500.00 ns, 0.9754 ns/op
OverheadActual  15: 134217728 op, 127749700.00 ns, 0.9518 ns/op

WorkloadWarmup   1: 134217728 op, 786262900.00 ns, 5.8581 ns/op
WorkloadWarmup   2: 134217728 op, 793850100.00 ns, 5.9146 ns/op
WorkloadWarmup   3: 134217728 op, 794279900.00 ns, 5.9178 ns/op

// BeforeActualRun
WorkloadActual   1: 134217728 op, 822818800.00 ns, 6.1305 ns/op
WorkloadActual   2: 134217728 op, 872964400.00 ns, 6.5041 ns/op
WorkloadActual   3: 134217728 op, 789202500.00 ns, 5.8800 ns/op

// AfterActualRun
WorkloadResult   1: 134217728 op, 691759000.00 ns, 5.1540 ns/op
WorkloadResult   2: 134217728 op, 741904600.00 ns, 5.5276 ns/op
WorkloadResult   3: 134217728 op, 658142700.00 ns, 4.9035 ns/op
// GC:  0 0 0 112 134217728
// Threading:  0 0 134217728

// AfterAll
// Benchmark Process 66544 has exited with code 0.

Mean = 5.195 ns, StdErr = 0.181 ns (3.49%), N = 3, StdDev = 0.314 ns
Min = 4.904 ns, Q1 = 5.029 ns, Median = 5.154 ns, Q3 = 5.341 ns, Max = 5.528 ns
IQR = 0.312 ns, LowerFence = 4.561 ns, UpperFence = 5.809 ns
ConfidenceInterval = [-0.534 ns; 10.925 ns] (CI 99.9%), Margin = 5.730 ns (110.29% of Mean)
Skewness = 0.13, Kurtosis = 0.67, MValue = 2

// ** Remained 34 (81.0%) benchmark(s) to run. Estimated finish 2026-05-18 18:08 (0h 6m from now) **
Successfully reverted power plan (GUID: 381b4222-f694-41f0-9685-ff5bb260df2e FriendlyName: Balanced)
// ***** BenchmarkRunner: Finish  *****

// * Export *
  BenchmarkDotNet.Artifacts\results\Chopsticks.Benchmarks.DependencyResolutionBenchmarks-report.csv
  BenchmarkDotNet.Artifacts\results\Chopsticks.Benchmarks.DependencyResolutionBenchmarks-report-github.md
  BenchmarkDotNet.Artifacts\results\Chopsticks.Benchmarks.DependencyResolutionBenchmarks-report.html

// * Detailed results *
DependencyResolutionBenchmarks.Resolve_Singleton_Cached: Job-HMXGET(IterationCount=10, WarmupCount=3)
Runtime = .NET 9.0.16 (9.0.1626.22923), X64 RyuJIT AVX2; GC = Concurrent Workstation
Mean = 7.192 ns, StdErr = 0.148 ns (2.06%), N = 10, StdDev = 0.468 ns
Min = 6.602 ns, Q1 = 6.895 ns, Median = 7.105 ns, Q3 = 7.512 ns, Max = 8.096 ns
IQR = 0.617 ns, LowerFence = 5.970 ns, UpperFence = 8.438 ns
ConfidenceInterval = [6.485 ns; 7.899 ns] (CI 99.9%), Margin = 0.707 ns (9.83% of Mean)
Skewness = 0.4, Kurtosis = 1.96, MValue = 2.33
-------------------- Histogram --------------------
[6.317 ns ; 6.973 ns) | @@@
[6.973 ns ; 7.543 ns) | @@@@@@
[7.543 ns ; 7.811 ns) | 
[7.811 ns ; 8.381 ns) | @
---------------------------------------------------

DependencyResolutionBenchmarks.Resolve_1000x_Throughput: Job-HMXGET(IterationCount=10, WarmupCount=3)
Runtime = .NET 9.0.16 (9.0.1626.22923), X64 RyuJIT AVX2; GC = Concurrent Workstation
Mean = 7.547 μs, StdErr = 0.135 μs (1.79%), N = 9, StdDev = 0.406 μs
Min = 7.081 μs, Q1 = 7.117 μs, Median = 7.554 μs, Q3 = 7.867 μs, Max = 8.085 μs
IQR = 0.749 μs, LowerFence = 5.993 μs, UpperFence = 8.991 μs
ConfidenceInterval = [6.865 μs; 8.229 μs] (CI 99.9%), Margin = 0.682 μs (9.04% of Mean)
Skewness = 0.03, Kurtosis = 1.06, MValue = 2
-------------------- Histogram --------------------
[7.062 μs ; 7.698 μs) | @@@@@
[7.698 μs ; 8.211 μs) | @@@@
---------------------------------------------------

DependencyResolutionBenchmarks.Deregister_SingleLookup: Job-HMXGET(IterationCount=10, WarmupCount=3)
Runtime = .NET 9.0.16 (9.0.1626.22923), X64 RyuJIT AVX2; GC = Concurrent Workstation
Mean = 53.724 ns, StdErr = 1.230 ns (2.29%), N = 10, StdDev = 3.891 ns
Min = 47.466 ns, Q1 = 51.786 ns, Median = 53.770 ns, Q3 = 55.893 ns, Max = 60.993 ns
IQR = 4.107 ns, LowerFence = 45.625 ns, UpperFence = 62.055 ns
ConfidenceInterval = [47.841 ns; 59.606 ns] (CI 99.9%), Margin = 5.883 ns (10.95% of Mean)
Skewness = 0.14, Kurtosis = 2.1, MValue = 2
-------------------- Histogram --------------------
[46.048 ns ; 51.471 ns) | @@
[51.471 ns ; 56.212 ns) | @@@@@@
[56.212 ns ; 61.123 ns) | @@
---------------------------------------------------

DependencyResolutionBenchmarks.CanProvide_Check: Job-HMXGET(IterationCount=10, WarmupCount=3)
Runtime = .NET 9.0.16 (9.0.1626.22923), X64 RyuJIT AVX2; GC = Concurrent Workstation
Mean = 4.436 ns, StdErr = 0.034 ns (0.76%), N = 8, StdDev = 0.095 ns
Min = 4.271 ns, Q1 = 4.386 ns, Median = 4.452 ns, Q3 = 4.499 ns, Max = 4.554 ns
IQR = 0.113 ns, LowerFence = 4.217 ns, UpperFence = 4.669 ns
ConfidenceInterval = [4.254 ns; 4.618 ns] (CI 99.9%), Margin = 0.182 ns (4.10% of Mean)
Skewness = -0.4, Kurtosis = 1.64, MValue = 2
-------------------- Histogram --------------------
[4.246 ns ; 4.371 ns) | @@
[4.371 ns ; 4.523 ns) | @@@@@
[4.523 ns ; 4.616 ns) | @
---------------------------------------------------

DependencyResolutionBenchmarks.Resolve_Singleton_Cached: ShortRun(IterationCount=3, LaunchCount=1, WarmupCount=3)
Runtime = .NET 9.0.16 (9.0.1626.22923), X64 RyuJIT AVX2; GC = Concurrent Workstation
Mean = 7.545 ns, StdErr = 0.268 ns (3.55%), N = 3, StdDev = 0.464 ns
Min = 7.011 ns, Q1 = 7.390 ns, Median = 7.769 ns, Q3 = 7.811 ns, Max = 7.854 ns
IQR = 0.422 ns, LowerFence = 6.757 ns, UpperFence = 8.444 ns
ConfidenceInterval = [-0.922 ns; 16.012 ns] (CI 99.9%), Margin = 8.467 ns (112.23% of Mean)
Skewness = -0.37, Kurtosis = 0.67, MValue = 2
-------------------- Histogram --------------------
[7.010 ns ; 7.855 ns) | @@@
---------------------------------------------------

DependencyResolutionBenchmarks.Resolve_1000x_Throughput: ShortRun(IterationCount=3, LaunchCount=1, WarmupCount=3)
Runtime = .NET 9.0.16 (9.0.1626.22923), X64 RyuJIT AVX2; GC = Concurrent Workstation
Mean = 6.897 μs, StdErr = 0.048 μs (0.69%), N = 3, StdDev = 0.083 μs
Min = 6.804 μs, Q1 = 6.865 μs, Median = 6.926 μs, Q3 = 6.944 μs, Max = 6.961 μs
IQR = 0.079 μs, LowerFence = 6.747 μs, UpperFence = 7.062 μs
ConfidenceInterval = [5.390 μs; 8.404 μs] (CI 99.9%), Margin = 1.507 μs (21.85% of Mean)
Skewness = -0.31, Kurtosis = 0.67, MValue = 2
-------------------- Histogram --------------------
[6.729 μs ; 6.868 μs) | @
[6.868 μs ; 7.036 μs) | @@
---------------------------------------------------

DependencyResolutionBenchmarks.Deregister_SingleLookup: ShortRun(IterationCount=3, LaunchCount=1, WarmupCount=3)
Runtime = .NET 9.0.16 (9.0.1626.22923), X64 RyuJIT AVX2; GC = Concurrent Workstation
Mean = 43.588 ns, StdErr = 0.756 ns (1.73%), N = 3, StdDev = 1.309 ns
Min = 42.145 ns, Q1 = 43.033 ns, Median = 43.920 ns, Q3 = 44.310 ns, Max = 44.699 ns
IQR = 1.277 ns, LowerFence = 41.117 ns, UpperFence = 46.225 ns
ConfidenceInterval = [19.705 ns; 67.471 ns] (CI 99.9%), Margin = 23.883 ns (54.79% of Mean)
Skewness = -0.24, Kurtosis = 0.67, MValue = 2
-------------------- Histogram --------------------
[40.953 ns ; 43.118 ns) | @
[43.118 ns ; 45.890 ns) | @@
---------------------------------------------------

DependencyResolutionBenchmarks.CanProvide_Check: ShortRun(IterationCount=3, LaunchCount=1, WarmupCount=3)
Runtime = .NET 9.0.16 (9.0.1626.22923), X64 RyuJIT AVX2; GC = Concurrent Workstation
Mean = 5.195 ns, StdErr = 0.181 ns (3.49%), N = 3, StdDev = 0.314 ns
Min = 4.904 ns, Q1 = 5.029 ns, Median = 5.154 ns, Q3 = 5.341 ns, Max = 5.528 ns
IQR = 0.312 ns, LowerFence = 4.561 ns, UpperFence = 5.809 ns
ConfidenceInterval = [-0.534 ns; 10.925 ns] (CI 99.9%), Margin = 5.730 ns (110.29% of Mean)
Skewness = 0.13, Kurtosis = 0.67, MValue = 2
-------------------- Histogram --------------------
[4.743 ns ; 5.315 ns) | @@
[5.315 ns ; 5.814 ns) | @
---------------------------------------------------

// * Summary *

BenchmarkDotNet v0.14.0, Windows 11 (10.0.26200.8457)
Unknown processor
.NET SDK 9.0.314
  [Host]     : .NET 9.0.16 (9.0.1626.22923), X64 RyuJIT AVX2
  Job-HMXGET : .NET 9.0.16 (9.0.1626.22923), X64 RyuJIT AVX2
  ShortRun   : .NET 9.0.16 (9.0.1626.22923), X64 RyuJIT AVX2

WarmupCount=3  

| Method                   | Job        | IterationCount | LaunchCount | Mean         | Error         | StdDev      | Gen0   | Allocated |
|------------------------- |----------- |--------------- |------------ |-------------:|--------------:|------------:|-------:|----------:|
| Resolve_Singleton_Cached | Job-HMXGET | 10             | Default     |     7.192 ns |     0.7073 ns |   0.4678 ns |      - |         - |
| Resolve_1000x_Throughput | Job-HMXGET | 10             | Default     | 7,547.421 ns |   682.0398 ns | 405.8710 ns |      - |         - |
| Deregister_SingleLookup  | Job-HMXGET | 10             | Default     |    53.724 ns |     5.8825 ns |   3.8909 ns | 0.0068 |     128 B |
| CanProvide_Check         | Job-HMXGET | 10             | Default     |     4.436 ns |     0.1817 ns |   0.0951 ns |      - |         - |
| Resolve_Singleton_Cached | ShortRun   | 3              | 1           |     7.545 ns |     8.4671 ns |   0.4641 ns |      - |         - |
| Resolve_1000x_Throughput | ShortRun   | 3              | 1           | 6,896.959 ns | 1,506.6844 ns |  82.5865 ns |      - |         - |
| Deregister_SingleLookup  | ShortRun   | 3              | 1           |    43.588 ns |    23.8832 ns |   1.3091 ns | 0.0068 |     128 B |
| CanProvide_Check         | ShortRun   | 3              | 1           |     5.195 ns |     5.7296 ns |   0.3141 ns |      - |         - |

// * Hints *
Outliers
  DependencyResolutionBenchmarks.Resolve_1000x_Throughput: IterationCount=10, WarmupCount=3 -> 1 outlier  was  removed (12.96 μs)
  DependencyResolutionBenchmarks.CanProvide_Check: IterationCount=10, WarmupCount=3         -> 2 outliers were removed (6.27 ns, 6.48 ns)

// * Legends *
  Mean      : Arithmetic mean of all measurements
  Error     : Half of 99.9% confidence interval
  StdDev    : Standard deviation of all measurements
  Gen0      : GC Generation 0 collects per 1000 operations
  Allocated : Allocated memory per single operation (managed only, inclusive, 1KB = 1024B)
  1 ns      : 1 Nanosecond (0.000000001 sec)

// * Diagnostic Output - MemoryDiagnoser *


// ***** BenchmarkRunner: End *****
Run time: 00:01:35 (95.52 sec), executed benchmarks: 8

// Found 18 benchmarks:
//   HandlingResultBenchmarks.Static_Success_Access: Job-HMXGET(IterationCount=10, WarmupCount=3)
//   HandlingResultBenchmarks.Static_NoHandlers_Access: Job-HMXGET(IterationCount=10, WarmupCount=3)
//   HandlingResultBenchmarks.Static_Cancelled_Access: Job-HMXGET(IterationCount=10, WarmupCount=3)
//   HandlingResultBenchmarks.Static_Success_1000x: Job-HMXGET(IterationCount=10, WarmupCount=3)
//   HandlingResultBenchmarks.Exceptions_SingleException: Job-HMXGET(IterationCount=10, WarmupCount=3)
//   HandlingResultBenchmarks.Exceptions_MultipleExceptions: Job-HMXGET(IterationCount=10, WarmupCount=3)
//   HandlingResultBenchmarks.Promise_Static_Success: Job-HMXGET(IterationCount=10, WarmupCount=3)
//   HandlingResultBenchmarks.Promise_Static_NoHandlers: Job-HMXGET(IterationCount=10, WarmupCount=3)
//   HandlingResultBenchmarks.Struct_CopyAndAccess: Job-HMXGET(IterationCount=10, WarmupCount=3)
//   HandlingResultBenchmarks.Static_Success_Access: ShortRun(IterationCount=3, LaunchCount=1, WarmupCount=3)
//   HandlingResultBenchmarks.Static_NoHandlers_Access: ShortRun(IterationCount=3, LaunchCount=1, WarmupCount=3)
//   HandlingResultBenchmarks.Static_Cancelled_Access: ShortRun(IterationCount=3, LaunchCount=1, WarmupCount=3)
//   HandlingResultBenchmarks.Static_Success_1000x: ShortRun(IterationCount=3, LaunchCount=1, WarmupCount=3)
//   HandlingResultBenchmarks.Exceptions_SingleException: ShortRun(IterationCount=3, LaunchCount=1, WarmupCount=3)
//   HandlingResultBenchmarks.Exceptions_MultipleExceptions: ShortRun(IterationCount=3, LaunchCount=1, WarmupCount=3)
//   HandlingResultBenchmarks.Promise_Static_Success: ShortRun(IterationCount=3, LaunchCount=1, WarmupCount=3)
//   HandlingResultBenchmarks.Promise_Static_NoHandlers: ShortRun(IterationCount=3, LaunchCount=1, WarmupCount=3)
//   HandlingResultBenchmarks.Struct_CopyAndAccess: ShortRun(IterationCount=3, LaunchCount=1, WarmupCount=3)

Setup power plan (GUID: 8c5e7fda-e8bf-4a96-9a85-a6e23a8c635c FriendlyName: High performance)
// **************************
// Benchmark: HandlingResultBenchmarks.Static_Success_Access: Job-HMXGET(IterationCount=10, WarmupCount=3)
// *** Execute ***
// Launch: 1 / 1
// Execute: dotnet 6c7ed3db-dd7f-401f-b526-5c0523d7f382.dll --anonymousPipes 1524 1500 --benchmarkName Chopsticks.Benchmarks.HandlingResultBenchmarks.Static_Success_Access --job "IterationCount=10, WarmupCount=3" --benchmarkId 8 in A:\g\Chopsticks2\Native\Benchmarks\bin\Release\net9.0\6c7ed3db-dd7f-401f-b526-5c0523d7f382\bin\Release\net9.0
// BeforeAnythingElse

// Benchmark Process Environment Information:
// BenchmarkDotNet v0.14.0
// Runtime=.NET 9.0.16 (9.0.1626.22923), X64 RyuJIT AVX2
// GC=Concurrent Workstation
// HardwareIntrinsics=AVX2,AES,BMI1,BMI2,FMA,LZCNT,PCLMUL,POPCNT,AvxVnni,SERIALIZE VectorSize=256
// Job: Job-DIMULL(IterationCount=10, WarmupCount=3)

OverheadJitting  1: 1 op, 168600.00 ns, 168.6000 us/op
WorkloadJitting  1: 1 op, 161000.00 ns, 161.0000 us/op

OverheadJitting  2: 16 op, 146600.00 ns, 9.1625 us/op
WorkloadJitting  2: 16 op, 190400.00 ns, 11.9000 us/op

WorkloadPilot    1: 16 op, 700.00 ns, 43.7500 ns/op
WorkloadPilot    2: 32 op, 600.00 ns, 18.7500 ns/op
WorkloadPilot    3: 64 op, 500.00 ns, 7.8125 ns/op
WorkloadPilot    4: 128 op, 1400.00 ns, 10.9375 ns/op
WorkloadPilot    5: 256 op, 1700.00 ns, 6.6406 ns/op
WorkloadPilot    6: 512 op, 4400.00 ns, 8.5938 ns/op
WorkloadPilot    7: 1024 op, 7300.00 ns, 7.1289 ns/op
WorkloadPilot    8: 2048 op, 13700.00 ns, 6.6895 ns/op
WorkloadPilot    9: 4096 op, 27300.00 ns, 6.6650 ns/op
WorkloadPilot   10: 8192 op, 54700.00 ns, 6.6772 ns/op
WorkloadPilot   11: 16384 op, 97000.00 ns, 5.9204 ns/op
WorkloadPilot   12: 32768 op, 188700.00 ns, 5.7587 ns/op
WorkloadPilot   13: 65536 op, 376600.00 ns, 5.7465 ns/op
WorkloadPilot   14: 131072 op, 753200.00 ns, 5.7465 ns/op
WorkloadPilot   15: 262144 op, 1506200.00 ns, 5.7457 ns/op
WorkloadPilot   16: 524288 op, 3026800.00 ns, 5.7732 ns/op
WorkloadPilot   17: 1048576 op, 7015200.00 ns, 6.6902 ns/op
WorkloadPilot   18: 2097152 op, 13960800.00 ns, 6.6570 ns/op
WorkloadPilot   19: 4194304 op, 28805600.00 ns, 6.8678 ns/op
WorkloadPilot   20: 8388608 op, 63034200.00 ns, 7.5143 ns/op
WorkloadPilot   21: 16777216 op, 43693700.00 ns, 2.6043 ns/op
WorkloadPilot   22: 33554432 op, 90416100.00 ns, 2.6946 ns/op
WorkloadPilot   23: 67108864 op, 103823000.00 ns, 1.5471 ns/op
WorkloadPilot   24: 134217728 op, 123436400.00 ns, 0.9197 ns/op
WorkloadPilot   25: 268435456 op, 249343500.00 ns, 0.9289 ns/op
WorkloadPilot   26: 536870912 op, 507264800.00 ns, 0.9449 ns/op

OverheadWarmup   1: 536870912 op, 591603000.00 ns, 1.1019 ns/op
OverheadWarmup   2: 536870912 op, 513584500.00 ns, 0.9566 ns/op
OverheadWarmup   3: 536870912 op, 517766200.00 ns, 0.9644 ns/op
OverheadWarmup   4: 536870912 op, 545078800.00 ns, 1.0153 ns/op
OverheadWarmup   5: 536870912 op, 523119300.00 ns, 0.9744 ns/op
OverheadWarmup   6: 536870912 op, 539052700.00 ns, 1.0041 ns/op
OverheadWarmup   7: 536870912 op, 510635000.00 ns, 0.9511 ns/op

OverheadActual   1: 536870912 op, 511271100.00 ns, 0.9523 ns/op
OverheadActual   2: 536870912 op, 515875000.00 ns, 0.9609 ns/op
OverheadActual   3: 536870912 op, 526010100.00 ns, 0.9798 ns/op
OverheadActual   4: 536870912 op, 506847900.00 ns, 0.9441 ns/op
OverheadActual   5: 536870912 op, 508131100.00 ns, 0.9465 ns/op
OverheadActual   6: 536870912 op, 515497100.00 ns, 0.9602 ns/op
OverheadActual   7: 536870912 op, 542617100.00 ns, 1.0107 ns/op
OverheadActual   8: 536870912 op, 535440100.00 ns, 0.9973 ns/op
OverheadActual   9: 536870912 op, 541105000.00 ns, 1.0079 ns/op
OverheadActual  10: 536870912 op, 525720400.00 ns, 0.9792 ns/op
OverheadActual  11: 536870912 op, 572161900.00 ns, 1.0657 ns/op
OverheadActual  12: 536870912 op, 552248900.00 ns, 1.0286 ns/op
OverheadActual  13: 536870912 op, 621133200.00 ns, 1.1570 ns/op
OverheadActual  14: 536870912 op, 539255400.00 ns, 1.0044 ns/op
OverheadActual  15: 536870912 op, 546060200.00 ns, 1.0171 ns/op

WorkloadWarmup   1: 536870912 op, 550402700.00 ns, 1.0252 ns/op
WorkloadWarmup   2: 536870912 op, 546857500.00 ns, 1.0186 ns/op
WorkloadWarmup   3: 536870912 op, 574290600.00 ns, 1.0697 ns/op

// BeforeActualRun
WorkloadActual   1: 536870912 op, 514062800.00 ns, 0.9575 ns/op
WorkloadActual   2: 536870912 op, 558950700.00 ns, 1.0411 ns/op
WorkloadActual   3: 536870912 op, 504211300.00 ns, 0.9392 ns/op
WorkloadActual   4: 536870912 op, 511919600.00 ns, 0.9535 ns/op
WorkloadActual   5: 536870912 op, 511967700.00 ns, 0.9536 ns/op
WorkloadActual   6: 536870912 op, 512168900.00 ns, 0.9540 ns/op
WorkloadActual   7: 536870912 op, 516550000.00 ns, 0.9621 ns/op
WorkloadActual   8: 536870912 op, 520459400.00 ns, 0.9694 ns/op
WorkloadActual   9: 536870912 op, 527544000.00 ns, 0.9826 ns/op
WorkloadActual  10: 536870912 op, 495739700.00 ns, 0.9234 ns/op

// AfterActualRun
WorkloadResult   1: 536870912 op, 0.00 ns, 0.0000 ns/op
WorkloadResult   2: 536870912 op, 0.00 ns, 0.0000 ns/op
WorkloadResult   3: 536870912 op, 0.00 ns, 0.0000 ns/op
WorkloadResult   4: 536870912 op, 0.00 ns, 0.0000 ns/op
WorkloadResult   5: 536870912 op, 0.00 ns, 0.0000 ns/op
WorkloadResult   6: 536870912 op, 0.00 ns, 0.0000 ns/op
WorkloadResult   7: 536870912 op, 0.00 ns, 0.0000 ns/op
WorkloadResult   8: 536870912 op, 0.00 ns, 0.0000 ns/op
WorkloadResult   9: 536870912 op, 0.00 ns, 0.0000 ns/op
// GC:  0 0 0 400 536870912
// Threading:  0 0 536870912

// AfterAll
// Benchmark Process 68156 has exited with code 0.

Mean = 0.000 ns, StdErr = 0.000 ns (NaN%), N = 9, StdDev = 0.000 ns
Min = 0.000 ns, Q1 = 0.000 ns, Median = 0.000 ns, Q3 = 0.000 ns, Max = 0.000 ns
IQR = 0.000 ns, LowerFence = 0.000 ns, UpperFence = 0.000 ns
ConfidenceInterval = [0.000 ns; 0.000 ns] (CI 99.9%), Margin = 0.000 ns (NaN% of Mean)
Skewness = NaN, Kurtosis = NaN, MValue = 2

// ** Remained 33 (78.6%) benchmark(s) to run. Estimated finish 2026-05-18 18:09 (0h 7m from now) **
Setup power plan (GUID: 8c5e7fda-e8bf-4a96-9a85-a6e23a8c635c FriendlyName: High performance)
// **************************
// Benchmark: HandlingResultBenchmarks.Static_NoHandlers_Access: Job-HMXGET(IterationCount=10, WarmupCount=3)
// *** Execute ***
// Launch: 1 / 1
// Execute: dotnet 6c7ed3db-dd7f-401f-b526-5c0523d7f382.dll --anonymousPipes 1440 1556 --benchmarkName Chopsticks.Benchmarks.HandlingResultBenchmarks.Static_NoHandlers_Access --job "IterationCount=10, WarmupCount=3" --benchmarkId 9 in A:\g\Chopsticks2\Native\Benchmarks\bin\Release\net9.0\6c7ed3db-dd7f-401f-b526-5c0523d7f382\bin\Release\net9.0
// BeforeAnythingElse

// Benchmark Process Environment Information:
// BenchmarkDotNet v0.14.0
// Runtime=.NET 9.0.16 (9.0.1626.22923), X64 RyuJIT AVX2
// GC=Concurrent Workstation
// HardwareIntrinsics=AVX2,AES,BMI1,BMI2,FMA,LZCNT,PCLMUL,POPCNT,AvxVnni,SERIALIZE VectorSize=256
// Job: Job-TFZIVP(IterationCount=10, WarmupCount=3)

OverheadJitting  1: 1 op, 161200.00 ns, 161.2000 us/op
WorkloadJitting  1: 1 op, 205300.00 ns, 205.3000 us/op

OverheadJitting  2: 16 op, 144800.00 ns, 9.0500 us/op
WorkloadJitting  2: 16 op, 140600.00 ns, 8.7875 us/op

WorkloadPilot    1: 16 op, 600.00 ns, 37.5000 ns/op
WorkloadPilot    2: 32 op, 500.00 ns, 15.6250 ns/op
WorkloadPilot    3: 64 op, 1000.00 ns, 15.6250 ns/op
WorkloadPilot    4: 128 op, 1400.00 ns, 10.9375 ns/op
WorkloadPilot    5: 256 op, 2300.00 ns, 8.9844 ns/op
WorkloadPilot    6: 512 op, 4000.00 ns, 7.8125 ns/op
WorkloadPilot    7: 1024 op, 7000.00 ns, 6.8359 ns/op
WorkloadPilot    8: 2048 op, 13900.00 ns, 6.7871 ns/op
WorkloadPilot    9: 4096 op, 23400.00 ns, 5.7129 ns/op
WorkloadPilot   10: 8192 op, 55400.00 ns, 6.7627 ns/op
WorkloadPilot   11: 16384 op, 110400.00 ns, 6.7383 ns/op
WorkloadPilot   12: 32768 op, 220300.00 ns, 6.7230 ns/op
WorkloadPilot   13: 65536 op, 439400.00 ns, 6.7047 ns/op
WorkloadPilot   14: 131072 op, 877100.00 ns, 6.6917 ns/op
WorkloadPilot   15: 262144 op, 1853400.00 ns, 7.0702 ns/op
WorkloadPilot   16: 524288 op, 3683500.00 ns, 7.0257 ns/op
WorkloadPilot   17: 1048576 op, 7216200.00 ns, 6.8819 ns/op
WorkloadPilot   18: 2097152 op, 14179700.00 ns, 6.7614 ns/op
WorkloadPilot   19: 4194304 op, 28577800.00 ns, 6.8135 ns/op
WorkloadPilot   20: 8388608 op, 57951200.00 ns, 6.9083 ns/op
WorkloadPilot   21: 16777216 op, 114970200.00 ns, 6.8528 ns/op
WorkloadPilot   22: 33554432 op, 44492300.00 ns, 1.3260 ns/op
WorkloadPilot   23: 67108864 op, 62638800.00 ns, 0.9334 ns/op
WorkloadPilot   24: 134217728 op, 126139500.00 ns, 0.9398 ns/op
WorkloadPilot   25: 268435456 op, 253364700.00 ns, 0.9439 ns/op
WorkloadPilot   26: 536870912 op, 518419500.00 ns, 0.9656 ns/op

OverheadWarmup   1: 536870912 op, 599715900.00 ns, 1.1171 ns/op
OverheadWarmup   2: 536870912 op, 522069100.00 ns, 0.9724 ns/op
OverheadWarmup   3: 536870912 op, 539019500.00 ns, 1.0040 ns/op
OverheadWarmup   4: 536870912 op, 562045600.00 ns, 1.0469 ns/op
OverheadWarmup   5: 536870912 op, 675358000.00 ns, 1.2580 ns/op
OverheadWarmup   6: 536870912 op, 546152400.00 ns, 1.0173 ns/op
OverheadWarmup   7: 536870912 op, 585032400.00 ns, 1.0897 ns/op
OverheadWarmup   8: 536870912 op, 666260800.00 ns, 1.2410 ns/op
OverheadWarmup   9: 536870912 op, 545100600.00 ns, 1.0153 ns/op

OverheadActual   1: 536870912 op, 723884800.00 ns, 1.3483 ns/op
OverheadActual   2: 536870912 op, 862744800.00 ns, 1.6070 ns/op
OverheadActual   3: 536870912 op, 701194800.00 ns, 1.3061 ns/op
OverheadActual   4: 536870912 op, 667828700.00 ns, 1.2439 ns/op
OverheadActual   5: 536870912 op, 581982700.00 ns, 1.0840 ns/op
OverheadActual   6: 536870912 op, 619671100.00 ns, 1.1542 ns/op
OverheadActual   7: 536870912 op, 583255300.00 ns, 1.0864 ns/op
OverheadActual   8: 536870912 op, 637702100.00 ns, 1.1878 ns/op
OverheadActual   9: 536870912 op, 519707700.00 ns, 0.9680 ns/op
OverheadActual  10: 536870912 op, 547150100.00 ns, 1.0191 ns/op
OverheadActual  11: 536870912 op, 592327000.00 ns, 1.1033 ns/op
OverheadActual  12: 536870912 op, 599034600.00 ns, 1.1158 ns/op
OverheadActual  13: 536870912 op, 579013500.00 ns, 1.0785 ns/op
OverheadActual  14: 536870912 op, 542347000.00 ns, 1.0102 ns/op
OverheadActual  15: 536870912 op, 636367300.00 ns, 1.1853 ns/op
OverheadActual  16: 536870912 op, 584470400.00 ns, 1.0887 ns/op
OverheadActual  17: 536870912 op, 584790000.00 ns, 1.0893 ns/op
OverheadActual  18: 536870912 op, 597444900.00 ns, 1.1128 ns/op
OverheadActual  19: 536870912 op, 580325800.00 ns, 1.0809 ns/op
OverheadActual  20: 536870912 op, 632631200.00 ns, 1.1784 ns/op

WorkloadWarmup   1: 536870912 op, 823818600.00 ns, 1.5345 ns/op
WorkloadWarmup   2: 536870912 op, 511071700.00 ns, 0.9519 ns/op
WorkloadWarmup   3: 536870912 op, 627289800.00 ns, 1.1684 ns/op

// BeforeActualRun
WorkloadActual   1: 536870912 op, 763678800.00 ns, 1.4225 ns/op
WorkloadActual   2: 536870912 op, 683857800.00 ns, 1.2738 ns/op
WorkloadActual   3: 536870912 op, 704845600.00 ns, 1.3129 ns/op
WorkloadActual   4: 536870912 op, 849987500.00 ns, 1.5832 ns/op
WorkloadActual   5: 536870912 op, 705711100.00 ns, 1.3145 ns/op
WorkloadActual   6: 536870912 op, 830596300.00 ns, 1.5471 ns/op
WorkloadActual   7: 536870912 op, 826803100.00 ns, 1.5400 ns/op
WorkloadActual   8: 536870912 op, 627846800.00 ns, 1.1695 ns/op
WorkloadActual   9: 536870912 op, 590927200.00 ns, 1.1007 ns/op
WorkloadActual  10: 536870912 op, 520768900.00 ns, 0.9700 ns/op

// AfterActualRun
WorkloadResult   1: 536870912 op, 168792850.00 ns, 0.3144 ns/op
WorkloadResult   2: 536870912 op, 88971850.00 ns, 0.1657 ns/op
WorkloadResult   3: 536870912 op, 109959650.00 ns, 0.2048 ns/op
WorkloadResult   4: 536870912 op, 255101550.00 ns, 0.4752 ns/op
WorkloadResult   5: 536870912 op, 110825150.00 ns, 0.2064 ns/op
WorkloadResult   6: 536870912 op, 235710350.00 ns, 0.4390 ns/op
WorkloadResult   7: 536870912 op, 231917150.00 ns, 0.4320 ns/op
WorkloadResult   8: 536870912 op, 32960850.00 ns, 0.0614 ns/op
WorkloadResult   9: 536870912 op, 0.00 ns, 0.0000 ns/op
WorkloadResult  10: 536870912 op, 0.00 ns, 0.0000 ns/op
// GC:  0 0 0 400 536870912
// Threading:  0 0 536870912

// AfterAll
// Benchmark Process 66256 has exited with code 0.

Mean = 0.230 ns, StdErr = 0.057 ns (24.75%), N = 10, StdDev = 0.180 ns
Min = 0.000 ns, Q1 = 0.087 ns, Median = 0.206 ns, Q3 = 0.403 ns, Max = 0.475 ns
IQR = 0.315 ns, LowerFence = -0.385 ns, UpperFence = 0.875 ns
ConfidenceInterval = [-0.042 ns; 0.502 ns] (CI 99.9%), Margin = 0.272 ns (118.31% of Mean)
Skewness = 0.06, Kurtosis = 1.3, MValue = 2

// ** Remained 32 (76.2%) benchmark(s) to run. Estimated finish 2026-05-18 18:10 (0h 7m from now) **
Setup power plan (GUID: 8c5e7fda-e8bf-4a96-9a85-a6e23a8c635c FriendlyName: High performance)
// **************************
// Benchmark: HandlingResultBenchmarks.Static_Cancelled_Access: Job-HMXGET(IterationCount=10, WarmupCount=3)
// *** Execute ***
// Launch: 1 / 1
// Execute: dotnet 6c7ed3db-dd7f-401f-b526-5c0523d7f382.dll --anonymousPipes 1512 1224 --benchmarkName Chopsticks.Benchmarks.HandlingResultBenchmarks.Static_Cancelled_Access --job "IterationCount=10, WarmupCount=3" --benchmarkId 10 in A:\g\Chopsticks2\Native\Benchmarks\bin\Release\net9.0\6c7ed3db-dd7f-401f-b526-5c0523d7f382\bin\Release\net9.0
// BeforeAnythingElse

// Benchmark Process Environment Information:
// BenchmarkDotNet v0.14.0
// Runtime=.NET 9.0.16 (9.0.1626.22923), X64 RyuJIT AVX2
// GC=Concurrent Workstation
// HardwareIntrinsics=AVX2,AES,BMI1,BMI2,FMA,LZCNT,PCLMUL,POPCNT,AvxVnni,SERIALIZE VectorSize=256
// Job: Job-WXJAPI(IterationCount=10, WarmupCount=3)

OverheadJitting  1: 1 op, 192900.00 ns, 192.9000 us/op
WorkloadJitting  1: 1 op, 173700.00 ns, 173.7000 us/op

OverheadJitting  2: 16 op, 181000.00 ns, 11.3125 us/op
WorkloadJitting  2: 16 op, 147200.00 ns, 9.2000 us/op

WorkloadPilot    1: 16 op, 800.00 ns, 50.0000 ns/op
WorkloadPilot    2: 32 op, 500.00 ns, 15.6250 ns/op
WorkloadPilot    3: 64 op, 600.00 ns, 9.3750 ns/op
WorkloadPilot    4: 128 op, 1000.00 ns, 7.8125 ns/op
WorkloadPilot    5: 256 op, 2000.00 ns, 7.8125 ns/op
WorkloadPilot    6: 512 op, 3400.00 ns, 6.6406 ns/op
WorkloadPilot    7: 1024 op, 7300.00 ns, 7.1289 ns/op
WorkloadPilot    8: 2048 op, 16300.00 ns, 7.9590 ns/op
WorkloadPilot    9: 4096 op, 32400.00 ns, 7.9102 ns/op
WorkloadPilot   10: 8192 op, 57500.00 ns, 7.0190 ns/op
WorkloadPilot   11: 16384 op, 114900.00 ns, 7.0129 ns/op
WorkloadPilot   12: 32768 op, 229800.00 ns, 7.0129 ns/op
WorkloadPilot   13: 65536 op, 561700.00 ns, 8.5709 ns/op
WorkloadPilot   14: 131072 op, 918100.00 ns, 7.0045 ns/op
WorkloadPilot   15: 262144 op, 1874200.00 ns, 7.1495 ns/op
WorkloadPilot   16: 524288 op, 3322900.00 ns, 6.3379 ns/op
WorkloadPilot   17: 1048576 op, 6218600.00 ns, 5.9305 ns/op
WorkloadPilot   18: 2097152 op, 14870200.00 ns, 7.0907 ns/op
WorkloadPilot   19: 4194304 op, 29652200.00 ns, 7.0696 ns/op
WorkloadPilot   20: 8388608 op, 58437400.00 ns, 6.9663 ns/op
WorkloadPilot   21: 16777216 op, 35091200.00 ns, 2.0916 ns/op
WorkloadPilot   22: 33554432 op, 31365200.00 ns, 0.9348 ns/op
WorkloadPilot   23: 67108864 op, 63783900.00 ns, 0.9505 ns/op
WorkloadPilot   24: 134217728 op, 127288200.00 ns, 0.9484 ns/op
WorkloadPilot   25: 268435456 op, 256244100.00 ns, 0.9546 ns/op
WorkloadPilot   26: 536870912 op, 529099900.00 ns, 0.9855 ns/op

OverheadWarmup   1: 536870912 op, 630179700.00 ns, 1.1738 ns/op
OverheadWarmup   2: 536870912 op, 524087000.00 ns, 0.9762 ns/op
OverheadWarmup   3: 536870912 op, 523916300.00 ns, 0.9759 ns/op
OverheadWarmup   4: 536870912 op, 498444400.00 ns, 0.9284 ns/op
OverheadWarmup   5: 536870912 op, 501771200.00 ns, 0.9346 ns/op
OverheadWarmup   6: 536870912 op, 563287800.00 ns, 1.0492 ns/op
OverheadWarmup   7: 536870912 op, 827109000.00 ns, 1.5406 ns/op
OverheadWarmup   8: 536870912 op, 713824000.00 ns, 1.3296 ns/op
OverheadWarmup   9: 536870912 op, 619767000.00 ns, 1.1544 ns/op
OverheadWarmup  10: 536870912 op, 639245300.00 ns, 1.1907 ns/op

OverheadActual   1: 536870912 op, 532173600.00 ns, 0.9913 ns/op
OverheadActual   2: 536870912 op, 528840300.00 ns, 0.9850 ns/op
OverheadActual   3: 536870912 op, 541462800.00 ns, 1.0086 ns/op
OverheadActual   4: 536870912 op, 604704300.00 ns, 1.1263 ns/op
OverheadActual   5: 536870912 op, 593155300.00 ns, 1.1048 ns/op
OverheadActual   6: 536870912 op, 591962400.00 ns, 1.1026 ns/op
OverheadActual   7: 536870912 op, 633014500.00 ns, 1.1791 ns/op
OverheadActual   8: 536870912 op, 636300500.00 ns, 1.1852 ns/op
OverheadActual   9: 536870912 op, 603231100.00 ns, 1.1236 ns/op
OverheadActual  10: 536870912 op, 769473300.00 ns, 1.4333 ns/op
OverheadActual  11: 536870912 op, 663356700.00 ns, 1.2356 ns/op
OverheadActual  12: 536870912 op, 545095400.00 ns, 1.0153 ns/op
OverheadActual  13: 536870912 op, 500916700.00 ns, 0.9330 ns/op
OverheadActual  14: 536870912 op, 517175500.00 ns, 0.9633 ns/op
OverheadActual  15: 536870912 op, 497517000.00 ns, 0.9267 ns/op
OverheadActual  16: 536870912 op, 520738800.00 ns, 0.9700 ns/op
OverheadActual  17: 536870912 op, 512296800.00 ns, 0.9542 ns/op
OverheadActual  18: 536870912 op, 515461700.00 ns, 0.9601 ns/op
OverheadActual  19: 536870912 op, 534642100.00 ns, 0.9958 ns/op
OverheadActual  20: 536870912 op, 527981100.00 ns, 0.9834 ns/op

WorkloadWarmup   1: 536870912 op, 503971800.00 ns, 0.9387 ns/op
WorkloadWarmup   2: 536870912 op, 510311700.00 ns, 0.9505 ns/op
WorkloadWarmup   3: 536870912 op, 519500600.00 ns, 0.9676 ns/op

// BeforeActualRun
WorkloadActual   1: 536870912 op, 510789500.00 ns, 0.9514 ns/op
WorkloadActual   2: 536870912 op, 533411600.00 ns, 0.9936 ns/op
WorkloadActual   3: 536870912 op, 545467900.00 ns, 1.0160 ns/op
WorkloadActual   4: 536870912 op, 508850300.00 ns, 0.9478 ns/op
WorkloadActual   5: 536870912 op, 518063100.00 ns, 0.9650 ns/op
WorkloadActual   6: 536870912 op, 515248900.00 ns, 0.9597 ns/op
WorkloadActual   7: 536870912 op, 509626900.00 ns, 0.9493 ns/op
WorkloadActual   8: 536870912 op, 511326500.00 ns, 0.9524 ns/op
WorkloadActual   9: 536870912 op, 501564200.00 ns, 0.9342 ns/op
WorkloadActual  10: 536870912 op, 508239800.00 ns, 0.9467 ns/op

// AfterActualRun
WorkloadResult   1: 536870912 op, 0.00 ns, 0.0000 ns/op
WorkloadResult   2: 536870912 op, 0.00 ns, 0.0000 ns/op
WorkloadResult   3: 536870912 op, 0.00 ns, 0.0000 ns/op
WorkloadResult   4: 536870912 op, 0.00 ns, 0.0000 ns/op
WorkloadResult   5: 536870912 op, 0.00 ns, 0.0000 ns/op
WorkloadResult   6: 536870912 op, 0.00 ns, 0.0000 ns/op
WorkloadResult   7: 536870912 op, 0.00 ns, 0.0000 ns/op
WorkloadResult   8: 536870912 op, 0.00 ns, 0.0000 ns/op
// GC:  0 0 0 112 536870912
// Threading:  0 0 536870912

// AfterAll
// Benchmark Process 67564 has exited with code 0.

Mean = 0.000 ns, StdErr = 0.000 ns (NaN%), N = 8, StdDev = 0.000 ns
Min = 0.000 ns, Q1 = 0.000 ns, Median = 0.000 ns, Q3 = 0.000 ns, Max = 0.000 ns
IQR = 0.000 ns, LowerFence = 0.000 ns, UpperFence = 0.000 ns
ConfidenceInterval = [0.000 ns; 0.000 ns] (CI 99.9%), Margin = 0.000 ns (NaN% of Mean)
Skewness = NaN, Kurtosis = NaN, MValue = 2

// ** Remained 31 (73.8%) benchmark(s) to run. Estimated finish 2026-05-18 18:11 (0h 8m from now) **
Setup power plan (GUID: 8c5e7fda-e8bf-4a96-9a85-a6e23a8c635c FriendlyName: High performance)
// **************************
// Benchmark: HandlingResultBenchmarks.Static_Success_1000x: Job-HMXGET(IterationCount=10, WarmupCount=3)
// *** Execute ***
// Launch: 1 / 1
// Execute: dotnet 6c7ed3db-dd7f-401f-b526-5c0523d7f382.dll --anonymousPipes 1596 1228 --benchmarkName Chopsticks.Benchmarks.HandlingResultBenchmarks.Static_Success_Throughput --job "IterationCount=10, WarmupCount=3" --benchmarkId 11 in A:\g\Chopsticks2\Native\Benchmarks\bin\Release\net9.0\6c7ed3db-dd7f-401f-b526-5c0523d7f382\bin\Release\net9.0
// BeforeAnythingElse

// Benchmark Process Environment Information:
// BenchmarkDotNet v0.14.0
// Runtime=.NET 9.0.16 (9.0.1626.22923), X64 RyuJIT AVX2
// GC=Concurrent Workstation
// HardwareIntrinsics=AVX2,AES,BMI1,BMI2,FMA,LZCNT,PCLMUL,POPCNT,AvxVnni,SERIALIZE VectorSize=256
// Job: Job-LONHKK(IterationCount=10, WarmupCount=3)

OverheadJitting  1: 1 op, 412700.00 ns, 412.7000 us/op
WorkloadJitting  1: 1 op, 291900.00 ns, 291.9000 us/op

OverheadJitting  2: 16 op, 246500.00 ns, 15.4063 us/op
WorkloadJitting  2: 16 op, 693700.00 ns, 43.3563 us/op

WorkloadPilot    1: 16 op, 249200.00 ns, 15.5750 us/op
WorkloadPilot    2: 32 op, 390000.00 ns, 12.1875 us/op
WorkloadPilot    3: 64 op, 713300.00 ns, 11.1453 us/op
WorkloadPilot    4: 128 op, 1403900.00 ns, 10.9680 us/op
WorkloadPilot    5: 256 op, 3135100.00 ns, 12.2465 us/op
WorkloadPilot    6: 512 op, 5551700.00 ns, 10.8432 us/op
WorkloadPilot    7: 1024 op, 10733100.00 ns, 10.4815 us/op
WorkloadPilot    8: 2048 op, 21027300.00 ns, 10.2672 us/op
WorkloadPilot    9: 4096 op, 41341100.00 ns, 10.0930 us/op
WorkloadPilot   10: 8192 op, 49225500.00 ns, 6.0090 us/op
WorkloadPilot   11: 16384 op, 5059800.00 ns, 308.8257 ns/op
WorkloadPilot   12: 32768 op, 8629000.00 ns, 263.3362 ns/op
WorkloadPilot   13: 65536 op, 16795600.00 ns, 256.2805 ns/op
WorkloadPilot   14: 131072 op, 34116300.00 ns, 260.2867 ns/op
WorkloadPilot   15: 262144 op, 65591400.00 ns, 250.2113 ns/op
WorkloadPilot   16: 524288 op, 129661000.00 ns, 247.3087 ns/op
WorkloadPilot   17: 1048576 op, 251066100.00 ns, 239.4353 ns/op
WorkloadPilot   18: 2097152 op, 495936800.00 ns, 236.4811 ns/op
WorkloadPilot   19: 4194304 op, 1010990300.00 ns, 241.0389 ns/op

OverheadWarmup   1: 4194304 op, 7150900.00 ns, 1.7049 ns/op
OverheadWarmup   2: 4194304 op, 7068100.00 ns, 1.6852 ns/op
OverheadWarmup   3: 4194304 op, 7033500.00 ns, 1.6769 ns/op
OverheadWarmup   4: 4194304 op, 7271200.00 ns, 1.7336 ns/op
OverheadWarmup   5: 4194304 op, 7433500.00 ns, 1.7723 ns/op
OverheadWarmup   6: 4194304 op, 7507700.00 ns, 1.7900 ns/op
OverheadWarmup   7: 4194304 op, 7217900.00 ns, 1.7209 ns/op
OverheadWarmup   8: 4194304 op, 7418200.00 ns, 1.7686 ns/op
OverheadWarmup   9: 4194304 op, 7331400.00 ns, 1.7479 ns/op

OverheadActual   1: 4194304 op, 7329200.00 ns, 1.7474 ns/op
OverheadActual   2: 4194304 op, 7448300.00 ns, 1.7758 ns/op
OverheadActual   3: 4194304 op, 7363100.00 ns, 1.7555 ns/op
OverheadActual   4: 4194304 op, 7340500.00 ns, 1.7501 ns/op
OverheadActual   5: 4194304 op, 7519200.00 ns, 1.7927 ns/op
OverheadActual   6: 4194304 op, 7145100.00 ns, 1.7035 ns/op
OverheadActual   7: 4194304 op, 7206200.00 ns, 1.7181 ns/op
OverheadActual   8: 4194304 op, 7427300.00 ns, 1.7708 ns/op
OverheadActual   9: 4194304 op, 7090800.00 ns, 1.6906 ns/op
OverheadActual  10: 4194304 op, 7439200.00 ns, 1.7736 ns/op
OverheadActual  11: 4194304 op, 7173200.00 ns, 1.7102 ns/op
OverheadActual  12: 4194304 op, 7308100.00 ns, 1.7424 ns/op
OverheadActual  13: 4194304 op, 7314100.00 ns, 1.7438 ns/op
OverheadActual  14: 4194304 op, 7277000.00 ns, 1.7350 ns/op
OverheadActual  15: 4194304 op, 7792900.00 ns, 1.8580 ns/op

WorkloadWarmup   1: 4194304 op, 1003081700.00 ns, 239.1533 ns/op
WorkloadWarmup   2: 4194304 op, 1024835900.00 ns, 244.3399 ns/op
WorkloadWarmup   3: 4194304 op, 948045400.00 ns, 226.0316 ns/op

// BeforeActualRun
WorkloadActual   1: 4194304 op, 967872100.00 ns, 230.7587 ns/op
WorkloadActual   2: 4194304 op, 936505000.00 ns, 223.2802 ns/op
WorkloadActual   3: 4194304 op, 929917500.00 ns, 221.7096 ns/op
WorkloadActual   4: 4194304 op, 949178700.00 ns, 226.3018 ns/op
WorkloadActual   5: 4194304 op, 976366500.00 ns, 232.7839 ns/op
WorkloadActual   6: 4194304 op, 1023145100.00 ns, 243.9368 ns/op
WorkloadActual   7: 4194304 op, 951408800.00 ns, 226.8335 ns/op
WorkloadActual   8: 4194304 op, 942399100.00 ns, 224.6855 ns/op
WorkloadActual   9: 4194304 op, 1121509800.00 ns, 267.3888 ns/op
WorkloadActual  10: 4194304 op, 956397700.00 ns, 228.0230 ns/op

// AfterActualRun
WorkloadResult   1: 4194304 op, 960542900.00 ns, 229.0113 ns/op
WorkloadResult   2: 4194304 op, 929175800.00 ns, 221.5328 ns/op
WorkloadResult   3: 4194304 op, 922588300.00 ns, 219.9622 ns/op
WorkloadResult   4: 4194304 op, 941849500.00 ns, 224.5544 ns/op
WorkloadResult   5: 4194304 op, 969037300.00 ns, 231.0365 ns/op
WorkloadResult   6: 4194304 op, 944079600.00 ns, 225.0861 ns/op
WorkloadResult   7: 4194304 op, 935069900.00 ns, 222.9380 ns/op
WorkloadResult   8: 4194304 op, 949068500.00 ns, 226.2756 ns/op
// GC:  0 0 0 112 4194304
// Threading:  0 0 4194304

// AfterAll
// Benchmark Process 50608 has exited with code 0.

Mean = 225.050 ns, StdErr = 1.309 ns (0.58%), N = 8, StdDev = 3.703 ns
Min = 219.962 ns, Q1 = 222.587 ns, Median = 224.820 ns, Q3 = 226.959 ns, Max = 231.036 ns
IQR = 4.373 ns, LowerFence = 216.028 ns, UpperFence = 233.519 ns
ConfidenceInterval = [217.969 ns; 232.130 ns] (CI 99.9%), Margin = 7.080 ns (3.15% of Mean)
Skewness = 0.23, Kurtosis = 1.58, MValue = 2

// ** Remained 30 (71.4%) benchmark(s) to run. Estimated finish 2026-05-18 18:11 (0h 7m from now) **
Setup power plan (GUID: 8c5e7fda-e8bf-4a96-9a85-a6e23a8c635c FriendlyName: High performance)
// **************************
// Benchmark: HandlingResultBenchmarks.Exceptions_SingleException: Job-HMXGET(IterationCount=10, WarmupCount=3)
// *** Execute ***
// Launch: 1 / 1
// Execute: dotnet 6c7ed3db-dd7f-401f-b526-5c0523d7f382.dll --anonymousPipes 1668 1664 --benchmarkName Chopsticks.Benchmarks.HandlingResultBenchmarks.Exceptions_SingleException --job "IterationCount=10, WarmupCount=3" --benchmarkId 12 in A:\g\Chopsticks2\Native\Benchmarks\bin\Release\net9.0\6c7ed3db-dd7f-401f-b526-5c0523d7f382\bin\Release\net9.0
// BeforeAnythingElse

// Benchmark Process Environment Information:
// BenchmarkDotNet v0.14.0
// Runtime=.NET 9.0.16 (9.0.1626.22923), X64 RyuJIT AVX2
// GC=Concurrent Workstation
// HardwareIntrinsics=AVX2,AES,BMI1,BMI2,FMA,LZCNT,PCLMUL,POPCNT,AvxVnni,SERIALIZE VectorSize=256
// Job: Job-LBIANN(IterationCount=10, WarmupCount=3)

OverheadJitting  1: 1 op, 170700.00 ns, 170.7000 us/op
WorkloadJitting  1: 1 op, 667000.00 ns, 667.0000 us/op

OverheadJitting  2: 16 op, 252300.00 ns, 15.7688 us/op
WorkloadJitting  2: 16 op, 242200.00 ns, 15.1375 us/op

WorkloadPilot    1: 16 op, 3000.00 ns, 187.5000 ns/op
WorkloadPilot    2: 32 op, 4400.00 ns, 137.5000 ns/op
WorkloadPilot    3: 64 op, 16300.00 ns, 254.6875 ns/op
WorkloadPilot    4: 128 op, 18800.00 ns, 146.8750 ns/op
WorkloadPilot    5: 256 op, 34900.00 ns, 136.3281 ns/op
WorkloadPilot    6: 512 op, 54600.00 ns, 106.6406 ns/op
WorkloadPilot    7: 1024 op, 120700.00 ns, 117.8711 ns/op
WorkloadPilot    8: 2048 op, 247200.00 ns, 120.7031 ns/op
WorkloadPilot    9: 4096 op, 558100.00 ns, 136.2549 ns/op
WorkloadPilot   10: 8192 op, 1170500.00 ns, 142.8833 ns/op
WorkloadPilot   11: 16384 op, 1958400.00 ns, 119.5313 ns/op
WorkloadPilot   12: 32768 op, 4032400.00 ns, 123.0591 ns/op
WorkloadPilot   13: 65536 op, 7282200.00 ns, 111.1176 ns/op
WorkloadPilot   14: 131072 op, 14662000.00 ns, 111.8622 ns/op
WorkloadPilot   15: 262144 op, 27722800.00 ns, 105.7541 ns/op
WorkloadPilot   16: 524288 op, 49939600.00 ns, 95.2522 ns/op
WorkloadPilot   17: 1048576 op, 44332500.00 ns, 42.2788 ns/op
WorkloadPilot   18: 2097152 op, 34449200.00 ns, 16.4267 ns/op
WorkloadPilot   19: 4194304 op, 66549200.00 ns, 15.8666 ns/op
WorkloadPilot   20: 8388608 op, 138673900.00 ns, 16.5312 ns/op
WorkloadPilot   21: 16777216 op, 273825400.00 ns, 16.3213 ns/op
WorkloadPilot   22: 33554432 op, 548841400.00 ns, 16.3567 ns/op

OverheadWarmup   1: 33554432 op, 60718300.00 ns, 1.8095 ns/op
OverheadWarmup   2: 33554432 op, 57690500.00 ns, 1.7193 ns/op
OverheadWarmup   3: 33554432 op, 59873400.00 ns, 1.7844 ns/op
OverheadWarmup   4: 33554432 op, 50336300.00 ns, 1.5001 ns/op
OverheadWarmup   5: 33554432 op, 32064600.00 ns, 0.9556 ns/op
OverheadWarmup   6: 33554432 op, 33925200.00 ns, 1.0110 ns/op
OverheadWarmup   7: 33554432 op, 33867700.00 ns, 1.0093 ns/op

OverheadActual   1: 33554432 op, 34072300.00 ns, 1.0154 ns/op
OverheadActual   2: 33554432 op, 34023400.00 ns, 1.0140 ns/op
OverheadActual   3: 33554432 op, 32031300.00 ns, 0.9546 ns/op
OverheadActual   4: 33554432 op, 33054100.00 ns, 0.9851 ns/op
OverheadActual   5: 33554432 op, 33129200.00 ns, 0.9873 ns/op
OverheadActual   6: 33554432 op, 34280900.00 ns, 1.0217 ns/op
OverheadActual   7: 33554432 op, 33890100.00 ns, 1.0100 ns/op
OverheadActual   8: 33554432 op, 32322000.00 ns, 0.9633 ns/op
OverheadActual   9: 33554432 op, 33459100.00 ns, 0.9972 ns/op
OverheadActual  10: 33554432 op, 34080900.00 ns, 1.0157 ns/op
OverheadActual  11: 33554432 op, 34826000.00 ns, 1.0379 ns/op
OverheadActual  12: 33554432 op, 34223900.00 ns, 1.0200 ns/op
OverheadActual  13: 33554432 op, 33068400.00 ns, 0.9855 ns/op
OverheadActual  14: 33554432 op, 33453800.00 ns, 0.9970 ns/op
OverheadActual  15: 33554432 op, 34111000.00 ns, 1.0166 ns/op

WorkloadWarmup   1: 33554432 op, 557218600.00 ns, 16.6064 ns/op
WorkloadWarmup   2: 33554432 op, 561206400.00 ns, 16.7253 ns/op
WorkloadWarmup   3: 33554432 op, 551914800.00 ns, 16.4483 ns/op

// BeforeActualRun
WorkloadActual   1: 33554432 op, 555905000.00 ns, 16.5673 ns/op
WorkloadActual   2: 33554432 op, 547575500.00 ns, 16.3190 ns/op
WorkloadActual   3: 33554432 op, 554957600.00 ns, 16.5390 ns/op
WorkloadActual   4: 33554432 op, 551355700.00 ns, 16.4317 ns/op
WorkloadActual   5: 33554432 op, 552073200.00 ns, 16.4531 ns/op
WorkloadActual   6: 33554432 op, 545660400.00 ns, 16.2619 ns/op
WorkloadActual   7: 33554432 op, 546375400.00 ns, 16.2833 ns/op
WorkloadActual   8: 33554432 op, 555574500.00 ns, 16.5574 ns/op
WorkloadActual   9: 33554432 op, 545559600.00 ns, 16.2589 ns/op
WorkloadActual  10: 33554432 op, 542798500.00 ns, 16.1767 ns/op

// AfterActualRun
WorkloadResult   1: 33554432 op, 522014900.00 ns, 15.5573 ns/op
WorkloadResult   2: 33554432 op, 513685400.00 ns, 15.3090 ns/op
WorkloadResult   3: 33554432 op, 521067500.00 ns, 15.5290 ns/op
WorkloadResult   4: 33554432 op, 517465600.00 ns, 15.4217 ns/op
WorkloadResult   5: 33554432 op, 518183100.00 ns, 15.4431 ns/op
WorkloadResult   6: 33554432 op, 511770300.00 ns, 15.2519 ns/op
WorkloadResult   7: 33554432 op, 512485300.00 ns, 15.2733 ns/op
WorkloadResult   8: 33554432 op, 521684400.00 ns, 15.5474 ns/op
WorkloadResult   9: 33554432 op, 511669500.00 ns, 15.2489 ns/op
WorkloadResult  10: 33554432 op, 508908400.00 ns, 15.1667 ns/op
// GC:  142 0 0 2684354960 33554432
// Threading:  0 0 33554432

// AfterAll
// Benchmark Process 66852 has exited with code 0.

Mean = 15.375 ns, StdErr = 0.045 ns (0.29%), N = 10, StdDev = 0.142 ns
Min = 15.167 ns, Q1 = 15.257 ns, Median = 15.365 ns, Q3 = 15.508 ns, Max = 15.557 ns
IQR = 0.250 ns, LowerFence = 14.882 ns, UpperFence = 15.883 ns
ConfidenceInterval = [15.159 ns; 15.590 ns] (CI 99.9%), Margin = 0.215 ns (1.40% of Mean)
Skewness = 0.04, Kurtosis = 1.23, MValue = 2

// ** Remained 29 (69.0%) benchmark(s) to run. Estimated finish 2026-05-18 18:10 (0h 7m from now) **
Setup power plan (GUID: 8c5e7fda-e8bf-4a96-9a85-a6e23a8c635c FriendlyName: High performance)
// **************************
// Benchmark: HandlingResultBenchmarks.Exceptions_MultipleExceptions: Job-HMXGET(IterationCount=10, WarmupCount=3)
// *** Execute ***
// Launch: 1 / 1
// Execute: dotnet 6c7ed3db-dd7f-401f-b526-5c0523d7f382.dll --anonymousPipes 1680 1672 --benchmarkName Chopsticks.Benchmarks.HandlingResultBenchmarks.Exceptions_MultipleExceptions --job "IterationCount=10, WarmupCount=3" --benchmarkId 13 in A:\g\Chopsticks2\Native\Benchmarks\bin\Release\net9.0\6c7ed3db-dd7f-401f-b526-5c0523d7f382\bin\Release\net9.0
// BeforeAnythingElse

// Benchmark Process Environment Information:
// BenchmarkDotNet v0.14.0
// Runtime=.NET 9.0.16 (9.0.1626.22923), X64 RyuJIT AVX2
// GC=Concurrent Workstation
// HardwareIntrinsics=AVX2,AES,BMI1,BMI2,FMA,LZCNT,PCLMUL,POPCNT,AvxVnni,SERIALIZE VectorSize=256
// Job: Job-RXZDBR(IterationCount=10, WarmupCount=3)

OverheadJitting  1: 1 op, 170400.00 ns, 170.4000 us/op
WorkloadJitting  1: 1 op, 581200.00 ns, 581.2000 us/op

OverheadJitting  2: 16 op, 265500.00 ns, 16.5938 us/op
WorkloadJitting  2: 16 op, 291500.00 ns, 18.2188 us/op

WorkloadPilot    1: 16 op, 4900.00 ns, 306.2500 ns/op
WorkloadPilot    2: 32 op, 7200.00 ns, 225.0000 ns/op
WorkloadPilot    3: 64 op, 18100.00 ns, 282.8125 ns/op
WorkloadPilot    4: 128 op, 28600.00 ns, 223.4375 ns/op
WorkloadPilot    5: 256 op, 52400.00 ns, 204.6875 ns/op
WorkloadPilot    6: 512 op, 82600.00 ns, 161.3281 ns/op
WorkloadPilot    7: 1024 op, 182900.00 ns, 178.6133 ns/op
WorkloadPilot    8: 2048 op, 472100.00 ns, 230.5176 ns/op
WorkloadPilot    9: 4096 op, 873000.00 ns, 213.1348 ns/op
WorkloadPilot   10: 8192 op, 1818700.00 ns, 222.0093 ns/op
WorkloadPilot   11: 16384 op, 2965800.00 ns, 181.0181 ns/op
WorkloadPilot   12: 32768 op, 5810400.00 ns, 177.3193 ns/op
WorkloadPilot   13: 65536 op, 12624600.00 ns, 192.6361 ns/op
WorkloadPilot   14: 131072 op, 23824200.00 ns, 181.7642 ns/op
WorkloadPilot   15: 262144 op, 49148700.00 ns, 187.4874 ns/op
WorkloadPilot   16: 524288 op, 91954600.00 ns, 175.3895 ns/op
WorkloadPilot   17: 1048576 op, 70892500.00 ns, 67.6084 ns/op
WorkloadPilot   18: 2097152 op, 46436900.00 ns, 22.1428 ns/op
WorkloadPilot   19: 4194304 op, 93914300.00 ns, 22.3909 ns/op
WorkloadPilot   20: 8388608 op, 188014800.00 ns, 22.4131 ns/op
WorkloadPilot   21: 16777216 op, 374591800.00 ns, 22.3274 ns/op
WorkloadPilot   22: 33554432 op, 640449900.00 ns, 19.0869 ns/op

OverheadWarmup   1: 33554432 op, 52455600.00 ns, 1.5633 ns/op
OverheadWarmup   2: 33554432 op, 52494100.00 ns, 1.5644 ns/op
OverheadWarmup   3: 33554432 op, 51622500.00 ns, 1.5385 ns/op
OverheadWarmup   4: 33554432 op, 53995500.00 ns, 1.6092 ns/op
OverheadWarmup   5: 33554432 op, 53798600.00 ns, 1.6033 ns/op

OverheadActual   1: 33554432 op, 53790500.00 ns, 1.6031 ns/op
OverheadActual   2: 33554432 op, 54183700.00 ns, 1.6148 ns/op
OverheadActual   3: 33554432 op, 54196900.00 ns, 1.6152 ns/op
OverheadActual   4: 33554432 op, 53395300.00 ns, 1.5913 ns/op
OverheadActual   5: 33554432 op, 53761800.00 ns, 1.6022 ns/op
OverheadActual   6: 33554432 op, 53465600.00 ns, 1.5934 ns/op
OverheadActual   7: 33554432 op, 53548500.00 ns, 1.5959 ns/op
OverheadActual   8: 33554432 op, 34207900.00 ns, 1.0195 ns/op
OverheadActual   9: 33554432 op, 32994600.00 ns, 0.9833 ns/op
OverheadActual  10: 33554432 op, 32891100.00 ns, 0.9802 ns/op
OverheadActual  11: 33554432 op, 32682000.00 ns, 0.9740 ns/op
OverheadActual  12: 33554432 op, 33127200.00 ns, 0.9873 ns/op
OverheadActual  13: 33554432 op, 33096100.00 ns, 0.9863 ns/op
OverheadActual  14: 33554432 op, 33946300.00 ns, 1.0117 ns/op
OverheadActual  15: 33554432 op, 32341500.00 ns, 0.9639 ns/op
OverheadActual  16: 33554432 op, 32338900.00 ns, 0.9638 ns/op
OverheadActual  17: 33554432 op, 32893900.00 ns, 0.9803 ns/op
OverheadActual  18: 33554432 op, 33937800.00 ns, 1.0114 ns/op
OverheadActual  19: 33554432 op, 33976900.00 ns, 1.0126 ns/op
OverheadActual  20: 33554432 op, 34608600.00 ns, 1.0314 ns/op

WorkloadWarmup   1: 33554432 op, 687001500.00 ns, 20.4742 ns/op
WorkloadWarmup   2: 33554432 op, 682949300.00 ns, 20.3535 ns/op
WorkloadWarmup   3: 33554432 op, 694754300.00 ns, 20.7053 ns/op

// BeforeActualRun
WorkloadActual   1: 33554432 op, 680611400.00 ns, 20.2838 ns/op
WorkloadActual   2: 33554432 op, 660604500.00 ns, 19.6875 ns/op
WorkloadActual   3: 33554432 op, 649425500.00 ns, 19.3544 ns/op
WorkloadActual   4: 33554432 op, 692948500.00 ns, 20.6515 ns/op
WorkloadActual   5: 33554432 op, 640238300.00 ns, 19.0806 ns/op
WorkloadActual   6: 33554432 op, 679556300.00 ns, 20.2524 ns/op
WorkloadActual   7: 33554432 op, 675298000.00 ns, 20.1254 ns/op
WorkloadActual   8: 33554432 op, 650020500.00 ns, 19.3721 ns/op
WorkloadActual   9: 33554432 op, 655173000.00 ns, 19.5257 ns/op
WorkloadActual  10: 33554432 op, 670362600.00 ns, 19.9784 ns/op

// AfterActualRun
WorkloadResult   1: 33554432 op, 646649800.00 ns, 19.2717 ns/op
WorkloadResult   2: 33554432 op, 626642900.00 ns, 18.6754 ns/op
WorkloadResult   3: 33554432 op, 615463900.00 ns, 18.3423 ns/op
WorkloadResult   4: 33554432 op, 658986900.00 ns, 19.6393 ns/op
WorkloadResult   5: 33554432 op, 606276700.00 ns, 18.0685 ns/op
WorkloadResult   6: 33554432 op, 645594700.00 ns, 19.2402 ns/op
WorkloadResult   7: 33554432 op, 641336400.00 ns, 19.1133 ns/op
WorkloadResult   8: 33554432 op, 616058900.00 ns, 18.3600 ns/op
WorkloadResult   9: 33554432 op, 621211400.00 ns, 18.5135 ns/op
WorkloadResult  10: 33554432 op, 636401000.00 ns, 18.9662 ns/op
// GC:  142 0 0 2684354960 33554432
// Threading:  0 0 33554432

// AfterAll
// Benchmark Process 68172 has exited with code 0.

Mean = 18.819 ns, StdErr = 0.159 ns (0.85%), N = 10, StdDev = 0.503 ns
Min = 18.068 ns, Q1 = 18.398 ns, Median = 18.821 ns, Q3 = 19.208 ns, Max = 19.639 ns
IQR = 0.810 ns, LowerFence = 17.183 ns, UpperFence = 20.424 ns
ConfidenceInterval = [18.058 ns; 19.580 ns] (CI 99.9%), Margin = 0.761 ns (4.04% of Mean)
Skewness = 0.07, Kurtosis = 1.49, MValue = 2

// ** Remained 28 (66.7%) benchmark(s) to run. Estimated finish 2026-05-18 18:10 (0h 7m from now) **
Setup power plan (GUID: 8c5e7fda-e8bf-4a96-9a85-a6e23a8c635c FriendlyName: High performance)
// **************************
// Benchmark: HandlingResultBenchmarks.Promise_Static_Success: Job-HMXGET(IterationCount=10, WarmupCount=3)
// *** Execute ***
// Launch: 1 / 1
// Execute: dotnet 6c7ed3db-dd7f-401f-b526-5c0523d7f382.dll --anonymousPipes 1612 1616 --benchmarkName Chopsticks.Benchmarks.HandlingResultBenchmarks.Promise_Static_Success --job "IterationCount=10, WarmupCount=3" --benchmarkId 14 in A:\g\Chopsticks2\Native\Benchmarks\bin\Release\net9.0\6c7ed3db-dd7f-401f-b526-5c0523d7f382\bin\Release\net9.0
// BeforeAnythingElse

// Benchmark Process Environment Information:
// BenchmarkDotNet v0.14.0
// Runtime=.NET 9.0.16 (9.0.1626.22923), X64 RyuJIT AVX2
// GC=Concurrent Workstation
// HardwareIntrinsics=AVX2,AES,BMI1,BMI2,FMA,LZCNT,PCLMUL,POPCNT,AvxVnni,SERIALIZE VectorSize=256
// Job: Job-CFLEJT(IterationCount=10, WarmupCount=3)

OverheadJitting  1: 1 op, 178200.00 ns, 178.2000 us/op
WorkloadJitting  1: 1 op, 518400.00 ns, 518.4000 us/op

OverheadJitting  2: 16 op, 156800.00 ns, 9.8000 us/op
WorkloadJitting  2: 16 op, 172500.00 ns, 10.7813 us/op

WorkloadPilot    1: 16 op, 700.00 ns, 43.7500 ns/op
WorkloadPilot    2: 32 op, 500.00 ns, 15.6250 ns/op
WorkloadPilot    3: 64 op, 1000.00 ns, 15.6250 ns/op
WorkloadPilot    4: 128 op, 1200.00 ns, 9.3750 ns/op
WorkloadPilot    5: 256 op, 1300.00 ns, 5.0781 ns/op
WorkloadPilot    6: 512 op, 2900.00 ns, 5.6641 ns/op
WorkloadPilot    7: 1024 op, 5400.00 ns, 5.2734 ns/op
WorkloadPilot    8: 2048 op, 9900.00 ns, 4.8340 ns/op
WorkloadPilot    9: 4096 op, 19700.00 ns, 4.8096 ns/op
WorkloadPilot   10: 8192 op, 42500.00 ns, 5.1880 ns/op
WorkloadPilot   11: 16384 op, 73200.00 ns, 4.4678 ns/op
WorkloadPilot   12: 32768 op, 148800.00 ns, 4.5410 ns/op
WorkloadPilot   13: 65536 op, 299600.00 ns, 4.5715 ns/op
WorkloadPilot   14: 131072 op, 607600.00 ns, 4.6356 ns/op
WorkloadPilot   15: 262144 op, 1228400.00 ns, 4.6860 ns/op
WorkloadPilot   16: 524288 op, 2423300.00 ns, 4.6221 ns/op
WorkloadPilot   17: 1048576 op, 4975300.00 ns, 4.7448 ns/op
WorkloadPilot   18: 2097152 op, 9803900.00 ns, 4.6749 ns/op
WorkloadPilot   19: 4194304 op, 19488700.00 ns, 4.6465 ns/op
WorkloadPilot   20: 8388608 op, 41493800.00 ns, 4.9464 ns/op
WorkloadPilot   21: 16777216 op, 64603400.00 ns, 3.8507 ns/op
WorkloadPilot   22: 33554432 op, 37334800.00 ns, 1.1127 ns/op
WorkloadPilot   23: 67108864 op, 72300900.00 ns, 1.0774 ns/op
WorkloadPilot   24: 134217728 op, 133026100.00 ns, 0.9911 ns/op
WorkloadPilot   25: 268435456 op, 266095900.00 ns, 0.9913 ns/op
WorkloadPilot   26: 536870912 op, 531408300.00 ns, 0.9898 ns/op

OverheadWarmup   1: 536870912 op, 612275100.00 ns, 1.1405 ns/op
OverheadWarmup   2: 536870912 op, 516920300.00 ns, 0.9628 ns/op
OverheadWarmup   3: 536870912 op, 522895300.00 ns, 0.9740 ns/op
OverheadWarmup   4: 536870912 op, 582664400.00 ns, 1.0853 ns/op
OverheadWarmup   5: 536870912 op, 579248200.00 ns, 1.0789 ns/op
OverheadWarmup   6: 536870912 op, 630667400.00 ns, 1.1747 ns/op
OverheadWarmup   7: 536870912 op, 684377200.00 ns, 1.2748 ns/op
OverheadWarmup   8: 536870912 op, 651760800.00 ns, 1.2140 ns/op

OverheadActual   1: 536870912 op, 631689600.00 ns, 1.1766 ns/op
OverheadActual   2: 536870912 op, 541820600.00 ns, 1.0092 ns/op
OverheadActual   3: 536870912 op, 517284200.00 ns, 0.9635 ns/op
OverheadActual   4: 536870912 op, 531690500.00 ns, 0.9904 ns/op
OverheadActual   5: 536870912 op, 543524800.00 ns, 1.0124 ns/op
OverheadActual   6: 536870912 op, 528788400.00 ns, 0.9849 ns/op
OverheadActual   7: 536870912 op, 516794400.00 ns, 0.9626 ns/op
OverheadActual   8: 536870912 op, 520892200.00 ns, 0.9702 ns/op
OverheadActual   9: 536870912 op, 507150900.00 ns, 0.9446 ns/op
OverheadActual  10: 536870912 op, 511746100.00 ns, 0.9532 ns/op
OverheadActual  11: 536870912 op, 522189300.00 ns, 0.9727 ns/op
OverheadActual  12: 536870912 op, 516864800.00 ns, 0.9627 ns/op
OverheadActual  13: 536870912 op, 517233700.00 ns, 0.9634 ns/op
OverheadActual  14: 536870912 op, 527888100.00 ns, 0.9833 ns/op
OverheadActual  15: 536870912 op, 540488400.00 ns, 1.0067 ns/op

WorkloadWarmup   1: 536870912 op, 529187000.00 ns, 0.9857 ns/op
WorkloadWarmup   2: 536870912 op, 488351500.00 ns, 0.9096 ns/op
WorkloadWarmup   3: 536870912 op, 495321200.00 ns, 0.9226 ns/op

// BeforeActualRun
WorkloadActual   1: 536870912 op, 544851200.00 ns, 1.0149 ns/op
WorkloadActual   2: 536870912 op, 544357100.00 ns, 1.0139 ns/op
WorkloadActual   3: 536870912 op, 531530200.00 ns, 0.9901 ns/op
WorkloadActual   4: 536870912 op, 551058200.00 ns, 1.0264 ns/op
WorkloadActual   5: 536870912 op, 504514300.00 ns, 0.9397 ns/op
WorkloadActual   6: 536870912 op, 523394500.00 ns, 0.9749 ns/op
WorkloadActual   7: 536870912 op, 519433200.00 ns, 0.9675 ns/op
WorkloadActual   8: 536870912 op, 525572100.00 ns, 0.9790 ns/op
WorkloadActual   9: 536870912 op, 545531400.00 ns, 1.0161 ns/op
WorkloadActual  10: 536870912 op, 566456300.00 ns, 1.0551 ns/op

// AfterActualRun
WorkloadResult   1: 536870912 op, 22661900.00 ns, 0.0422 ns/op
WorkloadResult   2: 536870912 op, 22167800.00 ns, 0.0413 ns/op
WorkloadResult   3: 536870912 op, 9340900.00 ns, 0.0174 ns/op
WorkloadResult   4: 536870912 op, 28868900.00 ns, 0.0538 ns/op
WorkloadResult   5: 536870912 op, 0.00 ns, 0.0000 ns/op
WorkloadResult   6: 536870912 op, 1205200.00 ns, 0.0022 ns/op
WorkloadResult   7: 536870912 op, 0.00 ns, 0.0000 ns/op
WorkloadResult   8: 536870912 op, 3382800.00 ns, 0.0063 ns/op
WorkloadResult   9: 536870912 op, 23342100.00 ns, 0.0435 ns/op
WorkloadResult  10: 536870912 op, 44267000.00 ns, 0.0825 ns/op
// GC:  0 0 0 400 536870912
// Threading:  0 0 536870912

// AfterAll
// Benchmark Process 64504 has exited with code 0.

Mean = 0.029 ns, StdErr = 0.009 ns (30.62%), N = 10, StdDev = 0.028 ns
Min = 0.000 ns, Q1 = 0.003 ns, Median = 0.029 ns, Q3 = 0.043 ns, Max = 0.082 ns
IQR = 0.040 ns, LowerFence = -0.057 ns, UpperFence = 0.103 ns
ConfidenceInterval = [-0.013 ns; 0.071 ns] (CI 99.9%), Margin = 0.042 ns (146.38% of Mean)
Skewness = 0.44, Kurtosis = 1.77, MValue = 2

// ** Remained 27 (64.3%) benchmark(s) to run. Estimated finish 2026-05-18 18:11 (0h 6m from now) **
Setup power plan (GUID: 8c5e7fda-e8bf-4a96-9a85-a6e23a8c635c FriendlyName: High performance)
// **************************
// Benchmark: HandlingResultBenchmarks.Promise_Static_NoHandlers: Job-HMXGET(IterationCount=10, WarmupCount=3)
// *** Execute ***
// Launch: 1 / 1
// Execute: dotnet 6c7ed3db-dd7f-401f-b526-5c0523d7f382.dll --anonymousPipes 1584 1612 --benchmarkName Chopsticks.Benchmarks.HandlingResultBenchmarks.Promise_Static_NoHandlers --job "IterationCount=10, WarmupCount=3" --benchmarkId 15 in A:\g\Chopsticks2\Native\Benchmarks\bin\Release\net9.0\6c7ed3db-dd7f-401f-b526-5c0523d7f382\bin\Release\net9.0
// BeforeAnythingElse

// Benchmark Process Environment Information:
// BenchmarkDotNet v0.14.0
// Runtime=.NET 9.0.16 (9.0.1626.22923), X64 RyuJIT AVX2
// GC=Concurrent Workstation
// HardwareIntrinsics=AVX2,AES,BMI1,BMI2,FMA,LZCNT,PCLMUL,POPCNT,AvxVnni,SERIALIZE VectorSize=256
// Job: Job-EHCCSU(IterationCount=10, WarmupCount=3)

OverheadJitting  1: 1 op, 181900.00 ns, 181.9000 us/op
WorkloadJitting  1: 1 op, 589600.00 ns, 589.6000 us/op

OverheadJitting  2: 16 op, 259500.00 ns, 16.2188 us/op
WorkloadJitting  2: 16 op, 153100.00 ns, 9.5688 us/op

WorkloadPilot    1: 16 op, 600.00 ns, 37.5000 ns/op
WorkloadPilot    2: 32 op, 500.00 ns, 15.6250 ns/op
WorkloadPilot    3: 64 op, 1000.00 ns, 15.6250 ns/op
WorkloadPilot    4: 128 op, 1400.00 ns, 10.9375 ns/op
WorkloadPilot    5: 256 op, 1700.00 ns, 6.6406 ns/op
WorkloadPilot    6: 512 op, 2500.00 ns, 4.8828 ns/op
WorkloadPilot    7: 1024 op, 5900.00 ns, 5.7617 ns/op
WorkloadPilot    8: 2048 op, 9600.00 ns, 4.6875 ns/op
WorkloadPilot    9: 4096 op, 19300.00 ns, 4.7119 ns/op
WorkloadPilot   10: 8192 op, 37900.00 ns, 4.6265 ns/op
WorkloadPilot   11: 16384 op, 75700.00 ns, 4.6204 ns/op
WorkloadPilot   12: 32768 op, 151500.00 ns, 4.6234 ns/op
WorkloadPilot   13: 65536 op, 299600.00 ns, 4.5715 ns/op
WorkloadPilot   14: 131072 op, 609400.00 ns, 4.6494 ns/op
WorkloadPilot   15: 262144 op, 1219200.00 ns, 4.6509 ns/op
WorkloadPilot   16: 524288 op, 2495800.00 ns, 4.7604 ns/op
WorkloadPilot   17: 1048576 op, 4932300.00 ns, 4.7038 ns/op
WorkloadPilot   18: 2097152 op, 9854500.00 ns, 4.6990 ns/op
WorkloadPilot   19: 4194304 op, 19406800.00 ns, 4.6269 ns/op
WorkloadPilot   20: 8388608 op, 38179000.00 ns, 4.5513 ns/op
WorkloadPilot   21: 16777216 op, 68608400.00 ns, 4.0894 ns/op
WorkloadPilot   22: 33554432 op, 32687100.00 ns, 0.9742 ns/op
WorkloadPilot   23: 67108864 op, 65433900.00 ns, 0.9750 ns/op
WorkloadPilot   24: 134217728 op, 128242000.00 ns, 0.9555 ns/op
WorkloadPilot   25: 268435456 op, 253849000.00 ns, 0.9457 ns/op
WorkloadPilot   26: 536870912 op, 519422100.00 ns, 0.9675 ns/op

OverheadWarmup   1: 536870912 op, 600560000.00 ns, 1.1186 ns/op
OverheadWarmup   2: 536870912 op, 495776900.00 ns, 0.9235 ns/op
OverheadWarmup   3: 536870912 op, 496505800.00 ns, 0.9248 ns/op
OverheadWarmup   4: 536870912 op, 511488100.00 ns, 0.9527 ns/op
OverheadWarmup   5: 536870912 op, 512642400.00 ns, 0.9549 ns/op
OverheadWarmup   6: 536870912 op, 520320300.00 ns, 0.9692 ns/op
OverheadWarmup   7: 536870912 op, 510163100.00 ns, 0.9503 ns/op
OverheadWarmup   8: 536870912 op, 518492500.00 ns, 0.9658 ns/op
OverheadWarmup   9: 536870912 op, 510574000.00 ns, 0.9510 ns/op

OverheadActual   1: 536870912 op, 522351600.00 ns, 0.9730 ns/op
OverheadActual   2: 536870912 op, 516761900.00 ns, 0.9625 ns/op
OverheadActual   3: 536870912 op, 519057800.00 ns, 0.9668 ns/op
OverheadActual   4: 536870912 op, 521389800.00 ns, 0.9712 ns/op
OverheadActual   5: 536870912 op, 514410500.00 ns, 0.9582 ns/op
OverheadActual   6: 536870912 op, 521632900.00 ns, 0.9716 ns/op
OverheadActual   7: 536870912 op, 520054400.00 ns, 0.9687 ns/op
OverheadActual   8: 536870912 op, 531794400.00 ns, 0.9905 ns/op
OverheadActual   9: 536870912 op, 535570400.00 ns, 0.9976 ns/op
OverheadActual  10: 536870912 op, 523048300.00 ns, 0.9743 ns/op
OverheadActual  11: 536870912 op, 521852000.00 ns, 0.9720 ns/op
OverheadActual  12: 536870912 op, 518602700.00 ns, 0.9660 ns/op
OverheadActual  13: 536870912 op, 531513800.00 ns, 0.9900 ns/op
OverheadActual  14: 536870912 op, 628512900.00 ns, 1.1707 ns/op
OverheadActual  15: 536870912 op, 527010600.00 ns, 0.9816 ns/op

WorkloadWarmup   1: 536870912 op, 528967300.00 ns, 0.9853 ns/op
WorkloadWarmup   2: 536870912 op, 581253600.00 ns, 1.0827 ns/op
WorkloadWarmup   3: 536870912 op, 562849200.00 ns, 1.0484 ns/op

// BeforeActualRun
WorkloadActual   1: 536870912 op, 504857600.00 ns, 0.9404 ns/op
WorkloadActual   2: 536870912 op, 504196100.00 ns, 0.9391 ns/op
WorkloadActual   3: 536870912 op, 519253700.00 ns, 0.9672 ns/op
WorkloadActual   4: 536870912 op, 543523200.00 ns, 1.0124 ns/op
WorkloadActual   5: 536870912 op, 550744400.00 ns, 1.0258 ns/op
WorkloadActual   6: 536870912 op, 561913900.00 ns, 1.0466 ns/op
WorkloadActual   7: 536870912 op, 628979000.00 ns, 1.1716 ns/op
WorkloadActual   8: 536870912 op, 629689400.00 ns, 1.1729 ns/op
WorkloadActual   9: 536870912 op, 585550400.00 ns, 1.0907 ns/op
WorkloadActual  10: 536870912 op, 537247600.00 ns, 1.0007 ns/op

// AfterActualRun
WorkloadResult   1: 536870912 op, 0.00 ns, 0.0000 ns/op
WorkloadResult   2: 536870912 op, 0.00 ns, 0.0000 ns/op
WorkloadResult   3: 536870912 op, 0.00 ns, 0.0000 ns/op
WorkloadResult   4: 536870912 op, 21671200.00 ns, 0.0404 ns/op
WorkloadResult   5: 536870912 op, 28892400.00 ns, 0.0538 ns/op
WorkloadResult   6: 536870912 op, 40061900.00 ns, 0.0746 ns/op
WorkloadResult   7: 536870912 op, 107127000.00 ns, 0.1995 ns/op
WorkloadResult   8: 536870912 op, 107837400.00 ns, 0.2009 ns/op
WorkloadResult   9: 536870912 op, 63698400.00 ns, 0.1186 ns/op
WorkloadResult  10: 536870912 op, 15395600.00 ns, 0.0287 ns/op
// GC:  0 0 0 400 536870912
// Threading:  0 0 536870912

// AfterAll
// Benchmark Process 68308 has exited with code 0.

Mean = 0.072 ns, StdErr = 0.024 ns (34.13%), N = 10, StdDev = 0.077 ns
Min = 0.000 ns, Q1 = 0.007 ns, Median = 0.047 ns, Q3 = 0.108 ns, Max = 0.201 ns
IQR = 0.100 ns, LowerFence = -0.144 ns, UpperFence = 0.258 ns
ConfidenceInterval = [-0.045 ns; 0.189 ns] (CI 99.9%), Margin = 0.117 ns (163.16% of Mean)
Skewness = 0.68, Kurtosis = 1.78, MValue = 2

// ** Remained 26 (61.9%) benchmark(s) to run. Estimated finish 2026-05-18 18:11 (0h 6m from now) **
Setup power plan (GUID: 8c5e7fda-e8bf-4a96-9a85-a6e23a8c635c FriendlyName: High performance)
// **************************
// Benchmark: HandlingResultBenchmarks.Struct_CopyAndAccess: Job-HMXGET(IterationCount=10, WarmupCount=3)
// *** Execute ***
// Launch: 1 / 1
// Execute: dotnet 6c7ed3db-dd7f-401f-b526-5c0523d7f382.dll --anonymousPipes 1756 1752 --benchmarkName Chopsticks.Benchmarks.HandlingResultBenchmarks.Struct_CopyAndAccess --job "IterationCount=10, WarmupCount=3" --benchmarkId 16 in A:\g\Chopsticks2\Native\Benchmarks\bin\Release\net9.0\6c7ed3db-dd7f-401f-b526-5c0523d7f382\bin\Release\net9.0
// BeforeAnythingElse

// Benchmark Process Environment Information:
// BenchmarkDotNet v0.14.0
// Runtime=.NET 9.0.16 (9.0.1626.22923), X64 RyuJIT AVX2
// GC=Concurrent Workstation
// HardwareIntrinsics=AVX2,AES,BMI1,BMI2,FMA,LZCNT,PCLMUL,POPCNT,AvxVnni,SERIALIZE VectorSize=256
// Job: Job-GBIRLQ(IterationCount=10, WarmupCount=3)

OverheadJitting  1: 1 op, 162100.00 ns, 162.1000 us/op
WorkloadJitting  1: 1 op, 250900.00 ns, 250.9000 us/op

OverheadJitting  2: 16 op, 160400.00 ns, 10.0250 us/op
WorkloadJitting  2: 16 op, 165600.00 ns, 10.3500 us/op

WorkloadPilot    1: 16 op, 1100.00 ns, 68.7500 ns/op
WorkloadPilot    2: 32 op, 600.00 ns, 18.7500 ns/op
WorkloadPilot    3: 64 op, 1100.00 ns, 17.1875 ns/op
WorkloadPilot    4: 128 op, 1300.00 ns, 10.1563 ns/op
WorkloadPilot    5: 256 op, 2200.00 ns, 8.5938 ns/op
WorkloadPilot    6: 512 op, 4500.00 ns, 8.7891 ns/op
WorkloadPilot    7: 1024 op, 8200.00 ns, 8.0078 ns/op
WorkloadPilot    8: 2048 op, 16000.00 ns, 7.8125 ns/op
WorkloadPilot    9: 4096 op, 32200.00 ns, 7.8613 ns/op
WorkloadPilot   10: 8192 op, 57800.00 ns, 7.0557 ns/op
WorkloadPilot   11: 16384 op, 127700.00 ns, 7.7942 ns/op
WorkloadPilot   12: 32768 op, 255100.00 ns, 7.7850 ns/op
WorkloadPilot   13: 65536 op, 509800.00 ns, 7.7789 ns/op
WorkloadPilot   14: 131072 op, 1074200.00 ns, 8.1955 ns/op
WorkloadPilot   15: 262144 op, 2065400.00 ns, 7.8789 ns/op
WorkloadPilot   16: 524288 op, 4211600.00 ns, 8.0330 ns/op
WorkloadPilot   17: 1048576 op, 8506900.00 ns, 8.1128 ns/op
WorkloadPilot   18: 2097152 op, 16324500.00 ns, 7.7841 ns/op
WorkloadPilot   19: 4194304 op, 33374100.00 ns, 7.9570 ns/op
WorkloadPilot   20: 8388608 op, 66307400.00 ns, 7.9045 ns/op
WorkloadPilot   21: 16777216 op, 17902400.00 ns, 1.0671 ns/op
WorkloadPilot   22: 33554432 op, 31796000.00 ns, 0.9476 ns/op
WorkloadPilot   23: 67108864 op, 66110500.00 ns, 0.9851 ns/op
WorkloadPilot   24: 134217728 op, 126599400.00 ns, 0.9432 ns/op
WorkloadPilot   25: 268435456 op, 252641000.00 ns, 0.9412 ns/op
WorkloadPilot   26: 536870912 op, 501829500.00 ns, 0.9347 ns/op

OverheadWarmup   1: 536870912 op, 574714000.00 ns, 1.0705 ns/op
OverheadWarmup   2: 536870912 op, 502002900.00 ns, 0.9351 ns/op
OverheadWarmup   3: 536870912 op, 484892800.00 ns, 0.9032 ns/op
OverheadWarmup   4: 536870912 op, 485695600.00 ns, 0.9047 ns/op
OverheadWarmup   5: 536870912 op, 488710300.00 ns, 0.9103 ns/op
OverheadWarmup   6: 536870912 op, 690514800.00 ns, 1.2862 ns/op
OverheadWarmup   7: 536870912 op, 530299100.00 ns, 0.9878 ns/op
OverheadWarmup   8: 536870912 op, 492886800.00 ns, 0.9181 ns/op
OverheadWarmup   9: 536870912 op, 480752000.00 ns, 0.8955 ns/op
OverheadWarmup  10: 536870912 op, 508966800.00 ns, 0.9480 ns/op

OverheadActual   1: 536870912 op, 496876800.00 ns, 0.9255 ns/op
OverheadActual   2: 536870912 op, 486511200.00 ns, 0.9062 ns/op
OverheadActual   3: 536870912 op, 511869600.00 ns, 0.9534 ns/op
OverheadActual   4: 536870912 op, 492703600.00 ns, 0.9177 ns/op
OverheadActual   5: 536870912 op, 498721500.00 ns, 0.9289 ns/op
OverheadActual   6: 536870912 op, 484352200.00 ns, 0.9022 ns/op
OverheadActual   7: 536870912 op, 503927400.00 ns, 0.9386 ns/op
OverheadActual   8: 536870912 op, 501903800.00 ns, 0.9349 ns/op
OverheadActual   9: 536870912 op, 513244700.00 ns, 0.9560 ns/op
OverheadActual  10: 536870912 op, 495977800.00 ns, 0.9238 ns/op
OverheadActual  11: 536870912 op, 511224400.00 ns, 0.9522 ns/op
OverheadActual  12: 536870912 op, 495767600.00 ns, 0.9234 ns/op
OverheadActual  13: 536870912 op, 500321800.00 ns, 0.9319 ns/op
OverheadActual  14: 536870912 op, 514462200.00 ns, 0.9583 ns/op
OverheadActual  15: 536870912 op, 516722200.00 ns, 0.9625 ns/op

WorkloadWarmup   1: 536870912 op, 520652800.00 ns, 0.9698 ns/op
WorkloadWarmup   2: 536870912 op, 524413000.00 ns, 0.9768 ns/op
WorkloadWarmup   3: 536870912 op, 522443900.00 ns, 0.9731 ns/op

// BeforeActualRun
WorkloadActual   1: 536870912 op, 546105800.00 ns, 1.0172 ns/op
WorkloadActual   2: 536870912 op, 537227600.00 ns, 1.0007 ns/op
WorkloadActual   3: 536870912 op, 516322600.00 ns, 0.9617 ns/op
WorkloadActual   4: 536870912 op, 518372200.00 ns, 0.9655 ns/op
WorkloadActual   5: 536870912 op, 538233800.00 ns, 1.0025 ns/op
WorkloadActual   6: 536870912 op, 597982300.00 ns, 1.1138 ns/op
WorkloadActual   7: 536870912 op, 603201400.00 ns, 1.1236 ns/op
WorkloadActual   8: 536870912 op, 538336700.00 ns, 1.0027 ns/op
WorkloadActual   9: 536870912 op, 519987700.00 ns, 0.9686 ns/op
WorkloadActual  10: 536870912 op, 543541200.00 ns, 1.0124 ns/op

// AfterActualRun
WorkloadResult   1: 536870912 op, 45784000.00 ns, 0.0853 ns/op
WorkloadResult   2: 536870912 op, 36905800.00 ns, 0.0687 ns/op
WorkloadResult   3: 536870912 op, 16000800.00 ns, 0.0298 ns/op
WorkloadResult   4: 536870912 op, 18050400.00 ns, 0.0336 ns/op
WorkloadResult   5: 536870912 op, 37912000.00 ns, 0.0706 ns/op
WorkloadResult   6: 536870912 op, 38014900.00 ns, 0.0708 ns/op
WorkloadResult   7: 536870912 op, 19665900.00 ns, 0.0366 ns/op
WorkloadResult   8: 536870912 op, 43219400.00 ns, 0.0805 ns/op
// GC:  0 0 0 112 536870912
// Threading:  0 0 536870912

// AfterAll
// Benchmark Process 60168 has exited with code 0.

Mean = 0.060 ns, StdErr = 0.008 ns (13.32%), N = 8, StdDev = 0.022 ns
Min = 0.030 ns, Q1 = 0.036 ns, Median = 0.070 ns, Q3 = 0.073 ns, Max = 0.085 ns
IQR = 0.037 ns, LowerFence = -0.020 ns, UpperFence = 0.129 ns
ConfidenceInterval = [0.017 ns; 0.102 ns] (CI 99.9%), Margin = 0.043 ns (72.03% of Mean)
Skewness = -0.28, Kurtosis = 1.08, MValue = 3.2

// ** Remained 25 (59.5%) benchmark(s) to run. Estimated finish 2026-05-18 18:11 (0h 6m from now) **
Setup power plan (GUID: 8c5e7fda-e8bf-4a96-9a85-a6e23a8c635c FriendlyName: High performance)
// **************************
// Benchmark: HandlingResultBenchmarks.Static_Success_Access: ShortRun(IterationCount=3, LaunchCount=1, WarmupCount=3)
// *** Execute ***
// Launch: 1 / 1
// Execute: dotnet 6c7ed3db-dd7f-401f-b526-5c0523d7f382.dll --anonymousPipes 1796 1792 --benchmarkName Chopsticks.Benchmarks.HandlingResultBenchmarks.Static_Success_Access --job ShortRun --benchmarkId 17 in A:\g\Chopsticks2\Native\Benchmarks\bin\Release\net9.0\6c7ed3db-dd7f-401f-b526-5c0523d7f382\bin\Release\net9.0
// BeforeAnythingElse

// Benchmark Process Environment Information:
// BenchmarkDotNet v0.14.0
// Runtime=.NET 9.0.16 (9.0.1626.22923), X64 RyuJIT AVX2
// GC=Concurrent Workstation
// HardwareIntrinsics=AVX2,AES,BMI1,BMI2,FMA,LZCNT,PCLMUL,POPCNT,AvxVnni,SERIALIZE VectorSize=256
// Job: ShortRun(IterationCount=3, LaunchCount=1, WarmupCount=3)

OverheadJitting  1: 1 op, 214300.00 ns, 214.3000 us/op
WorkloadJitting  1: 1 op, 215300.00 ns, 215.3000 us/op

OverheadJitting  2: 16 op, 171200.00 ns, 10.7000 us/op
WorkloadJitting  2: 16 op, 153600.00 ns, 9.6000 us/op

WorkloadPilot    1: 16 op, 600.00 ns, 37.5000 ns/op
WorkloadPilot    2: 32 op, 500.00 ns, 15.6250 ns/op
WorkloadPilot    3: 64 op, 700.00 ns, 10.9375 ns/op
WorkloadPilot    4: 128 op, 1100.00 ns, 8.5938 ns/op
WorkloadPilot    5: 256 op, 2100.00 ns, 8.2031 ns/op
WorkloadPilot    6: 512 op, 4400.00 ns, 8.5938 ns/op
WorkloadPilot    7: 1024 op, 8100.00 ns, 7.9102 ns/op
WorkloadPilot    8: 2048 op, 16200.00 ns, 7.9102 ns/op
WorkloadPilot    9: 4096 op, 31400.00 ns, 7.6660 ns/op
WorkloadPilot   10: 8192 op, 55700.00 ns, 6.7993 ns/op
WorkloadPilot   11: 16384 op, 109800.00 ns, 6.7017 ns/op
WorkloadPilot   12: 32768 op, 217500.00 ns, 6.6376 ns/op
WorkloadPilot   13: 65536 op, 434300.00 ns, 6.6269 ns/op
WorkloadPilot   14: 131072 op, 904400.00 ns, 6.9000 ns/op
WorkloadPilot   15: 262144 op, 1749800.00 ns, 6.6750 ns/op
WorkloadPilot   16: 524288 op, 5738100.00 ns, 10.9446 ns/op
WorkloadPilot   17: 1048576 op, 7011800.00 ns, 6.6870 ns/op
WorkloadPilot   18: 2097152 op, 14682600.00 ns, 7.0012 ns/op
WorkloadPilot   19: 4194304 op, 29409200.00 ns, 7.0117 ns/op
WorkloadPilot   20: 8388608 op, 60283100.00 ns, 7.1863 ns/op
WorkloadPilot   21: 16777216 op, 36178300.00 ns, 2.1564 ns/op
WorkloadPilot   22: 33554432 op, 32697400.00 ns, 0.9745 ns/op
WorkloadPilot   23: 67108864 op, 66047600.00 ns, 0.9842 ns/op
WorkloadPilot   24: 134217728 op, 136255100.00 ns, 1.0152 ns/op
WorkloadPilot   25: 268435456 op, 264097800.00 ns, 0.9838 ns/op
WorkloadPilot   26: 536870912 op, 519438600.00 ns, 0.9675 ns/op

OverheadWarmup   1: 536870912 op, 602949400.00 ns, 1.1231 ns/op
OverheadWarmup   2: 536870912 op, 510486900.00 ns, 0.9509 ns/op
OverheadWarmup   3: 536870912 op, 514284800.00 ns, 0.9579 ns/op
OverheadWarmup   4: 536870912 op, 519978400.00 ns, 0.9685 ns/op
OverheadWarmup   5: 536870912 op, 542310000.00 ns, 1.0101 ns/op
OverheadWarmup   6: 536870912 op, 521825000.00 ns, 0.9720 ns/op
OverheadWarmup   7: 536870912 op, 522946500.00 ns, 0.9741 ns/op
OverheadWarmup   8: 536870912 op, 478824800.00 ns, 0.8919 ns/op

OverheadActual   1: 536870912 op, 511735500.00 ns, 0.9532 ns/op
OverheadActual   2: 536870912 op, 551663200.00 ns, 1.0276 ns/op
OverheadActual   3: 536870912 op, 549669600.00 ns, 1.0238 ns/op
OverheadActual   4: 536870912 op, 543245700.00 ns, 1.0119 ns/op
OverheadActual   5: 536870912 op, 546310200.00 ns, 1.0176 ns/op
OverheadActual   6: 536870912 op, 587222500.00 ns, 1.0938 ns/op
OverheadActual   7: 536870912 op, 535507700.00 ns, 0.9975 ns/op
OverheadActual   8: 536870912 op, 536759500.00 ns, 0.9998 ns/op
OverheadActual   9: 536870912 op, 522514600.00 ns, 0.9733 ns/op
OverheadActual  10: 536870912 op, 539667400.00 ns, 1.0052 ns/op
OverheadActual  11: 536870912 op, 533705200.00 ns, 0.9941 ns/op
OverheadActual  12: 536870912 op, 492478400.00 ns, 0.9173 ns/op
OverheadActual  13: 536870912 op, 539664200.00 ns, 1.0052 ns/op
OverheadActual  14: 536870912 op, 503722000.00 ns, 0.9383 ns/op
OverheadActual  15: 536870912 op, 544999800.00 ns, 1.0151 ns/op

WorkloadWarmup   1: 536870912 op, 537087000.00 ns, 1.0004 ns/op
WorkloadWarmup   2: 536870912 op, 507022300.00 ns, 0.9444 ns/op
WorkloadWarmup   3: 536870912 op, 504937300.00 ns, 0.9405 ns/op

// BeforeActualRun
WorkloadActual   1: 536870912 op, 519112800.00 ns, 0.9669 ns/op
WorkloadActual   2: 536870912 op, 517223000.00 ns, 0.9634 ns/op
WorkloadActual   3: 536870912 op, 524471700.00 ns, 0.9769 ns/op

// AfterActualRun
WorkloadResult   1: 536870912 op, 0.00 ns, 0.0000 ns/op
WorkloadResult   2: 536870912 op, 0.00 ns, 0.0000 ns/op
WorkloadResult   3: 536870912 op, 0.00 ns, 0.0000 ns/op
// GC:  0 0 0 400 536870912
// Threading:  0 0 536870912

// AfterAll
// Benchmark Process 65404 has exited with code 0.

Mean = 0.000 ns, StdErr = 0.000 ns (NaN%), N = 3, StdDev = 0.000 ns
Min = 0.000 ns, Q1 = 0.000 ns, Median = 0.000 ns, Q3 = 0.000 ns, Max = 0.000 ns
IQR = 0.000 ns, LowerFence = 0.000 ns, UpperFence = 0.000 ns
ConfidenceInterval = [0.000 ns; 0.000 ns] (CI 99.9%), Margin = 0.000 ns (NaN% of Mean)
Skewness = NaN, Kurtosis = NaN, MValue = 2

// ** Remained 24 (57.1%) benchmark(s) to run. Estimated finish 2026-05-18 18:11 (0h 6m from now) **
Setup power plan (GUID: 8c5e7fda-e8bf-4a96-9a85-a6e23a8c635c FriendlyName: High performance)
// **************************
// Benchmark: HandlingResultBenchmarks.Static_NoHandlers_Access: ShortRun(IterationCount=3, LaunchCount=1, WarmupCount=3)
// *** Execute ***
// Launch: 1 / 1
// Execute: dotnet 6c7ed3db-dd7f-401f-b526-5c0523d7f382.dll --anonymousPipes 1584 1724 --benchmarkName Chopsticks.Benchmarks.HandlingResultBenchmarks.Static_NoHandlers_Access --job ShortRun --benchmarkId 18 in A:\g\Chopsticks2\Native\Benchmarks\bin\Release\net9.0\6c7ed3db-dd7f-401f-b526-5c0523d7f382\bin\Release\net9.0
// BeforeAnythingElse

// Benchmark Process Environment Information:
// BenchmarkDotNet v0.14.0
// Runtime=.NET 9.0.16 (9.0.1626.22923), X64 RyuJIT AVX2
// GC=Concurrent Workstation
// HardwareIntrinsics=AVX2,AES,BMI1,BMI2,FMA,LZCNT,PCLMUL,POPCNT,AvxVnni,SERIALIZE VectorSize=256
// Job: ShortRun(IterationCount=3, LaunchCount=1, WarmupCount=3)

OverheadJitting  1: 1 op, 164700.00 ns, 164.7000 us/op
WorkloadJitting  1: 1 op, 172600.00 ns, 172.6000 us/op

OverheadJitting  2: 16 op, 144600.00 ns, 9.0375 us/op
WorkloadJitting  2: 16 op, 138700.00 ns, 8.6688 us/op

WorkloadPilot    1: 16 op, 700.00 ns, 43.7500 ns/op
WorkloadPilot    2: 32 op, 600.00 ns, 18.7500 ns/op
WorkloadPilot    3: 64 op, 600.00 ns, 9.3750 ns/op
WorkloadPilot    4: 128 op, 1000.00 ns, 7.8125 ns/op
WorkloadPilot    5: 256 op, 1700.00 ns, 6.6406 ns/op
WorkloadPilot    6: 512 op, 3900.00 ns, 7.6172 ns/op
WorkloadPilot    7: 1024 op, 7200.00 ns, 7.0313 ns/op
WorkloadPilot    8: 2048 op, 15400.00 ns, 7.5195 ns/op
WorkloadPilot    9: 4096 op, 26600.00 ns, 6.4941 ns/op
WorkloadPilot   10: 8192 op, 53600.00 ns, 6.5430 ns/op
WorkloadPilot   11: 16384 op, 105900.00 ns, 6.4636 ns/op
WorkloadPilot   12: 32768 op, 211900.00 ns, 6.4667 ns/op
WorkloadPilot   13: 65536 op, 426600.00 ns, 6.5094 ns/op
WorkloadPilot   14: 131072 op, 850800.00 ns, 6.4911 ns/op
WorkloadPilot   15: 262144 op, 1725800.00 ns, 6.5834 ns/op
WorkloadPilot   16: 524288 op, 3441100.00 ns, 6.5634 ns/op
WorkloadPilot   17: 1048576 op, 6568100.00 ns, 6.2638 ns/op
WorkloadPilot   18: 2097152 op, 13791000.00 ns, 6.5761 ns/op
WorkloadPilot   19: 4194304 op, 26577100.00 ns, 6.3365 ns/op
WorkloadPilot   20: 8388608 op, 54387200.00 ns, 6.4835 ns/op
WorkloadPilot   21: 16777216 op, 113065500.00 ns, 6.7392 ns/op
WorkloadPilot   22: 33554432 op, 54674300.00 ns, 1.6294 ns/op
WorkloadPilot   23: 67108864 op, 64343200.00 ns, 0.9588 ns/op
WorkloadPilot   24: 134217728 op, 128526100.00 ns, 0.9576 ns/op
WorkloadPilot   25: 268435456 op, 250845300.00 ns, 0.9345 ns/op
WorkloadPilot   26: 536870912 op, 505764100.00 ns, 0.9421 ns/op

OverheadWarmup   1: 536870912 op, 600753800.00 ns, 1.1190 ns/op
OverheadWarmup   2: 536870912 op, 513822300.00 ns, 0.9571 ns/op
OverheadWarmup   3: 536870912 op, 507917100.00 ns, 0.9461 ns/op
OverheadWarmup   4: 536870912 op, 498563800.00 ns, 0.9286 ns/op
OverheadWarmup   5: 536870912 op, 512544600.00 ns, 0.9547 ns/op
OverheadWarmup   6: 536870912 op, 499619100.00 ns, 0.9306 ns/op
OverheadWarmup   7: 536870912 op, 516095400.00 ns, 0.9613 ns/op
OverheadWarmup   8: 536870912 op, 503151700.00 ns, 0.9372 ns/op

OverheadActual   1: 536870912 op, 506353200.00 ns, 0.9432 ns/op
OverheadActual   2: 536870912 op, 495526900.00 ns, 0.9230 ns/op
OverheadActual   3: 536870912 op, 504020600.00 ns, 0.9388 ns/op
OverheadActual   4: 536870912 op, 498875100.00 ns, 0.9292 ns/op
OverheadActual   5: 536870912 op, 586787800.00 ns, 1.0930 ns/op
OverheadActual   6: 536870912 op, 526692000.00 ns, 0.9810 ns/op
OverheadActual   7: 536870912 op, 506440700.00 ns, 0.9433 ns/op
OverheadActual   8: 536870912 op, 510167100.00 ns, 0.9503 ns/op
OverheadActual   9: 536870912 op, 537845200.00 ns, 1.0018 ns/op
OverheadActual  10: 536870912 op, 517301300.00 ns, 0.9635 ns/op
OverheadActual  11: 536870912 op, 522480000.00 ns, 0.9732 ns/op
OverheadActual  12: 536870912 op, 555402200.00 ns, 1.0345 ns/op
OverheadActual  13: 536870912 op, 668712400.00 ns, 1.2456 ns/op
OverheadActual  14: 536870912 op, 760334700.00 ns, 1.4162 ns/op
OverheadActual  15: 536870912 op, 537166100.00 ns, 1.0005 ns/op
OverheadActual  16: 536870912 op, 571139200.00 ns, 1.0638 ns/op
OverheadActual  17: 536870912 op, 548590200.00 ns, 1.0218 ns/op
OverheadActual  18: 536870912 op, 562315200.00 ns, 1.0474 ns/op
OverheadActual  19: 536870912 op, 554612700.00 ns, 1.0330 ns/op
OverheadActual  20: 536870912 op, 549012700.00 ns, 1.0226 ns/op

WorkloadWarmup   1: 536870912 op, 507538700.00 ns, 0.9454 ns/op
WorkloadWarmup   2: 536870912 op, 513650800.00 ns, 0.9567 ns/op
WorkloadWarmup   3: 536870912 op, 521919900.00 ns, 0.9722 ns/op

// BeforeActualRun
WorkloadActual   1: 536870912 op, 506740400.00 ns, 0.9439 ns/op
WorkloadActual   2: 536870912 op, 506463600.00 ns, 0.9434 ns/op
WorkloadActual   3: 536870912 op, 503787100.00 ns, 0.9384 ns/op

// AfterActualRun
WorkloadResult   1: 536870912 op, 0.00 ns, 0.0000 ns/op
WorkloadResult   2: 536870912 op, 0.00 ns, 0.0000 ns/op
WorkloadResult   3: 536870912 op, 0.00 ns, 0.0000 ns/op
// GC:  0 0 0 400 536870912
// Threading:  0 0 536870912

// AfterAll
// Benchmark Process 66660 has exited with code 0.

Mean = 0.000 ns, StdErr = 0.000 ns (NaN%), N = 3, StdDev = 0.000 ns
Min = 0.000 ns, Q1 = 0.000 ns, Median = 0.000 ns, Q3 = 0.000 ns, Max = 0.000 ns
IQR = 0.000 ns, LowerFence = 0.000 ns, UpperFence = 0.000 ns
ConfidenceInterval = [0.000 ns; 0.000 ns] (CI 99.9%), Margin = 0.000 ns (NaN% of Mean)
Skewness = NaN, Kurtosis = NaN, MValue = 2

// ** Remained 23 (54.8%) benchmark(s) to run. Estimated finish 2026-05-18 18:11 (0h 6m from now) **
Setup power plan (GUID: 8c5e7fda-e8bf-4a96-9a85-a6e23a8c635c FriendlyName: High performance)
// **************************
// Benchmark: HandlingResultBenchmarks.Static_Cancelled_Access: ShortRun(IterationCount=3, LaunchCount=1, WarmupCount=3)
// *** Execute ***
// Launch: 1 / 1
// Execute: dotnet 6c7ed3db-dd7f-401f-b526-5c0523d7f382.dll --anonymousPipes 1796 1792 --benchmarkName Chopsticks.Benchmarks.HandlingResultBenchmarks.Static_Cancelled_Access --job ShortRun --benchmarkId 19 in A:\g\Chopsticks2\Native\Benchmarks\bin\Release\net9.0\6c7ed3db-dd7f-401f-b526-5c0523d7f382\bin\Release\net9.0
// BeforeAnythingElse

// Benchmark Process Environment Information:
// BenchmarkDotNet v0.14.0
// Runtime=.NET 9.0.16 (9.0.1626.22923), X64 RyuJIT AVX2
// GC=Concurrent Workstation
// HardwareIntrinsics=AVX2,AES,BMI1,BMI2,FMA,LZCNT,PCLMUL,POPCNT,AvxVnni,SERIALIZE VectorSize=256
// Job: ShortRun(IterationCount=3, LaunchCount=1, WarmupCount=3)

OverheadJitting  1: 1 op, 185700.00 ns, 185.7000 us/op
WorkloadJitting  1: 1 op, 189300.00 ns, 189.3000 us/op

OverheadJitting  2: 16 op, 156900.00 ns, 9.8063 us/op
WorkloadJitting  2: 16 op, 162600.00 ns, 10.1625 us/op

WorkloadPilot    1: 16 op, 600.00 ns, 37.5000 ns/op
WorkloadPilot    2: 32 op, 500.00 ns, 15.6250 ns/op
WorkloadPilot    3: 64 op, 500.00 ns, 7.8125 ns/op
WorkloadPilot    4: 128 op, 900.00 ns, 7.0313 ns/op
WorkloadPilot    5: 256 op, 2100.00 ns, 8.2031 ns/op
WorkloadPilot    6: 512 op, 3800.00 ns, 7.4219 ns/op
WorkloadPilot    7: 1024 op, 6900.00 ns, 6.7383 ns/op
WorkloadPilot    8: 2048 op, 13700.00 ns, 6.6895 ns/op
WorkloadPilot    9: 4096 op, 27300.00 ns, 6.6650 ns/op
WorkloadPilot   10: 8192 op, 54300.00 ns, 6.6284 ns/op
WorkloadPilot   11: 16384 op, 108800.00 ns, 6.6406 ns/op
WorkloadPilot   12: 32768 op, 226500.00 ns, 6.9122 ns/op
WorkloadPilot   13: 65536 op, 434700.00 ns, 6.6330 ns/op
WorkloadPilot   14: 131072 op, 735400.00 ns, 5.6107 ns/op
WorkloadPilot   15: 262144 op, 1471900.00 ns, 5.6149 ns/op
WorkloadPilot   16: 524288 op, 3571200.00 ns, 6.8115 ns/op
WorkloadPilot   17: 1048576 op, 7008900.00 ns, 6.6842 ns/op
WorkloadPilot   18: 2097152 op, 14068200.00 ns, 6.7082 ns/op
WorkloadPilot   19: 4194304 op, 28090000.00 ns, 6.6972 ns/op
WorkloadPilot   20: 8388608 op, 55727600.00 ns, 6.6432 ns/op
WorkloadPilot   21: 16777216 op, 37465200.00 ns, 2.2331 ns/op
WorkloadPilot   22: 33554432 op, 31372200.00 ns, 0.9350 ns/op
WorkloadPilot   23: 67108864 op, 62314100.00 ns, 0.9286 ns/op
WorkloadPilot   24: 134217728 op, 127671400.00 ns, 0.9512 ns/op
WorkloadPilot   25: 268435456 op, 257091500.00 ns, 0.9577 ns/op
WorkloadPilot   26: 536870912 op, 508262900.00 ns, 0.9467 ns/op

OverheadWarmup   1: 536870912 op, 588457500.00 ns, 1.0961 ns/op
OverheadWarmup   2: 536870912 op, 490086200.00 ns, 0.9129 ns/op
OverheadWarmup   3: 536870912 op, 504338100.00 ns, 0.9394 ns/op
OverheadWarmup   4: 536870912 op, 516720000.00 ns, 0.9625 ns/op
OverheadWarmup   5: 536870912 op, 514530100.00 ns, 0.9584 ns/op
OverheadWarmup   6: 536870912 op, 507404400.00 ns, 0.9451 ns/op
OverheadWarmup   7: 536870912 op, 513581300.00 ns, 0.9566 ns/op
OverheadWarmup   8: 536870912 op, 512535000.00 ns, 0.9547 ns/op

OverheadActual   1: 536870912 op, 510916200.00 ns, 0.9517 ns/op
OverheadActual   2: 536870912 op, 507378700.00 ns, 0.9451 ns/op
OverheadActual   3: 536870912 op, 554897000.00 ns, 1.0336 ns/op
OverheadActual   4: 536870912 op, 505969900.00 ns, 0.9424 ns/op
OverheadActual   5: 536870912 op, 506691400.00 ns, 0.9438 ns/op
OverheadActual   6: 536870912 op, 500699000.00 ns, 0.9326 ns/op
OverheadActual   7: 536870912 op, 485656300.00 ns, 0.9046 ns/op
OverheadActual   8: 536870912 op, 529105600.00 ns, 0.9855 ns/op
OverheadActual   9: 536870912 op, 498095000.00 ns, 0.9278 ns/op
OverheadActual  10: 536870912 op, 506808900.00 ns, 0.9440 ns/op
OverheadActual  11: 536870912 op, 497100600.00 ns, 0.9259 ns/op
OverheadActual  12: 536870912 op, 492910400.00 ns, 0.9181 ns/op
OverheadActual  13: 536870912 op, 498771100.00 ns, 0.9290 ns/op
OverheadActual  14: 536870912 op, 508594000.00 ns, 0.9473 ns/op
OverheadActual  15: 536870912 op, 514121800.00 ns, 0.9576 ns/op

WorkloadWarmup   1: 536870912 op, 498423400.00 ns, 0.9284 ns/op
WorkloadWarmup   2: 536870912 op, 511087000.00 ns, 0.9520 ns/op
WorkloadWarmup   3: 536870912 op, 502428000.00 ns, 0.9358 ns/op

// BeforeActualRun
WorkloadActual   1: 536870912 op, 572707000.00 ns, 1.0667 ns/op
WorkloadActual   2: 536870912 op, 498791900.00 ns, 0.9291 ns/op
WorkloadActual   3: 536870912 op, 514765700.00 ns, 0.9588 ns/op

// AfterActualRun
WorkloadResult   1: 536870912 op, 66015600.00 ns, 0.1230 ns/op
WorkloadResult   2: 536870912 op, 0.00 ns, 0.0000 ns/op
WorkloadResult   3: 536870912 op, 8074300.00 ns, 0.0150 ns/op
// GC:  0 0 0 400 536870912
// Threading:  0 0 536870912

// AfterAll
// Benchmark Process 54100 has exited with code 0.

Mean = 0.046 ns, StdErr = 0.039 ns (84.18%), N = 3, StdDev = 0.067 ns
Min = 0.000 ns, Q1 = 0.008 ns, Median = 0.015 ns, Q3 = 0.069 ns, Max = 0.123 ns
IQR = 0.061 ns, LowerFence = -0.085 ns, UpperFence = 0.161 ns
ConfidenceInterval = [-1.178 ns; 1.270 ns] (CI 99.9%), Margin = 1.224 ns (2660.13% of Mean)
Skewness = 0.36, Kurtosis = 0.67, MValue = 2

// ** Remained 22 (52.4%) benchmark(s) to run. Estimated finish 2026-05-18 18:11 (0h 6m from now) **
Setup power plan (GUID: 8c5e7fda-e8bf-4a96-9a85-a6e23a8c635c FriendlyName: High performance)
// **************************
// Benchmark: HandlingResultBenchmarks.Static_Success_1000x: ShortRun(IterationCount=3, LaunchCount=1, WarmupCount=3)
// *** Execute ***
// Launch: 1 / 1
// Execute: dotnet 6c7ed3db-dd7f-401f-b526-5c0523d7f382.dll --anonymousPipes 1584 1716 --benchmarkName Chopsticks.Benchmarks.HandlingResultBenchmarks.Static_Success_Throughput --job ShortRun --benchmarkId 20 in A:\g\Chopsticks2\Native\Benchmarks\bin\Release\net9.0\6c7ed3db-dd7f-401f-b526-5c0523d7f382\bin\Release\net9.0
// BeforeAnythingElse

// Benchmark Process Environment Information:
// BenchmarkDotNet v0.14.0
// Runtime=.NET 9.0.16 (9.0.1626.22923), X64 RyuJIT AVX2
// GC=Concurrent Workstation
// HardwareIntrinsics=AVX2,AES,BMI1,BMI2,FMA,LZCNT,PCLMUL,POPCNT,AvxVnni,SERIALIZE VectorSize=256
// Job: ShortRun(IterationCount=3, LaunchCount=1, WarmupCount=3)

OverheadJitting  1: 1 op, 164700.00 ns, 164.7000 us/op
WorkloadJitting  1: 1 op, 231800.00 ns, 231.8000 us/op

OverheadJitting  2: 16 op, 241100.00 ns, 15.0688 us/op
WorkloadJitting  2: 16 op, 643600.00 ns, 40.2250 us/op

WorkloadPilot    1: 16 op, 233700.00 ns, 14.6063 us/op
WorkloadPilot    2: 32 op, 360200.00 ns, 11.2563 us/op
WorkloadPilot    3: 64 op, 602000.00 ns, 9.4063 us/op
WorkloadPilot    4: 128 op, 1301700.00 ns, 10.1695 us/op
WorkloadPilot    5: 256 op, 2557400.00 ns, 9.9898 us/op
WorkloadPilot    6: 512 op, 5051200.00 ns, 9.8656 us/op
WorkloadPilot    7: 1024 op, 9791200.00 ns, 9.5617 us/op
WorkloadPilot    8: 2048 op, 19953800.00 ns, 9.7431 us/op
WorkloadPilot    9: 4096 op, 39370200.00 ns, 9.6119 us/op
WorkloadPilot   10: 8192 op, 78748000.00 ns, 9.6128 us/op
WorkloadPilot   11: 16384 op, 97465600.00 ns, 5.9488 us/op
WorkloadPilot   12: 32768 op, 8399900.00 ns, 256.3446 ns/op
WorkloadPilot   13: 65536 op, 16227400.00 ns, 247.6105 ns/op
WorkloadPilot   14: 131072 op, 31761000.00 ns, 242.3172 ns/op
WorkloadPilot   15: 262144 op, 63244300.00 ns, 241.2579 ns/op
WorkloadPilot   16: 524288 op, 124828700.00 ns, 238.0919 ns/op
WorkloadPilot   17: 1048576 op, 242751500.00 ns, 231.5059 ns/op
WorkloadPilot   18: 2097152 op, 483005300.00 ns, 230.3149 ns/op
WorkloadPilot   19: 4194304 op, 951633500.00 ns, 226.8871 ns/op

OverheadWarmup   1: 4194304 op, 6739200.00 ns, 1.6068 ns/op
OverheadWarmup   2: 4194304 op, 6793200.00 ns, 1.6196 ns/op
OverheadWarmup   3: 4194304 op, 6729900.00 ns, 1.6045 ns/op
OverheadWarmup   4: 4194304 op, 6871500.00 ns, 1.6383 ns/op
OverheadWarmup   5: 4194304 op, 7220800.00 ns, 1.7216 ns/op
OverheadWarmup   6: 4194304 op, 6787700.00 ns, 1.6183 ns/op

OverheadActual   1: 4194304 op, 6907700.00 ns, 1.6469 ns/op
OverheadActual   2: 4194304 op, 6919700.00 ns, 1.6498 ns/op
OverheadActual   3: 4194304 op, 6850500.00 ns, 1.6333 ns/op
OverheadActual   4: 4194304 op, 7173100.00 ns, 1.7102 ns/op
OverheadActual   5: 4194304 op, 6839100.00 ns, 1.6306 ns/op
OverheadActual   6: 4194304 op, 7115200.00 ns, 1.6964 ns/op
OverheadActual   7: 4194304 op, 6780100.00 ns, 1.6165 ns/op
OverheadActual   8: 4194304 op, 6814600.00 ns, 1.6247 ns/op
OverheadActual   9: 4194304 op, 6840200.00 ns, 1.6308 ns/op
OverheadActual  10: 4194304 op, 6924000.00 ns, 1.6508 ns/op
OverheadActual  11: 4194304 op, 6972400.00 ns, 1.6623 ns/op
OverheadActual  12: 4194304 op, 7235100.00 ns, 1.7250 ns/op
OverheadActual  13: 4194304 op, 6748800.00 ns, 1.6090 ns/op
OverheadActual  14: 4194304 op, 7178700.00 ns, 1.7115 ns/op
OverheadActual  15: 4194304 op, 7010500.00 ns, 1.6714 ns/op

WorkloadWarmup   1: 4194304 op, 1068127400.00 ns, 254.6614 ns/op
WorkloadWarmup   2: 4194304 op, 1188651600.00 ns, 283.3966 ns/op
WorkloadWarmup   3: 4194304 op, 1097977900.00 ns, 261.7783 ns/op

// BeforeActualRun
WorkloadActual   1: 4194304 op, 1030368800.00 ns, 245.6591 ns/op
WorkloadActual   2: 4194304 op, 984847100.00 ns, 234.8058 ns/op
WorkloadActual   3: 4194304 op, 1016638300.00 ns, 242.3855 ns/op

// AfterActualRun
WorkloadResult   1: 4194304 op, 1023449100.00 ns, 244.0093 ns/op
WorkloadResult   2: 4194304 op, 977927400.00 ns, 233.1561 ns/op
WorkloadResult   3: 4194304 op, 1009718600.00 ns, 240.7357 ns/op
// GC:  0 0 0 400 4194304
// Threading:  0 0 4194304

// AfterAll
// Benchmark Process 65764 has exited with code 0.

Mean = 239.300 ns, StdErr = 3.214 ns (1.34%), N = 3, StdDev = 5.567 ns
Min = 233.156 ns, Q1 = 236.946 ns, Median = 240.736 ns, Q3 = 242.372 ns, Max = 244.009 ns
IQR = 5.427 ns, LowerFence = 228.806 ns, UpperFence = 250.512 ns
ConfidenceInterval = [137.735 ns; 340.866 ns] (CI 99.9%), Margin = 101.566 ns (42.44% of Mean)
Skewness = -0.24, Kurtosis = 0.67, MValue = 2

// ** Remained 21 (50.0%) benchmark(s) to run. Estimated finish 2026-05-18 18:11 (0h 5m from now) **
Setup power plan (GUID: 8c5e7fda-e8bf-4a96-9a85-a6e23a8c635c FriendlyName: High performance)
// **************************
// Benchmark: HandlingResultBenchmarks.Exceptions_SingleException: ShortRun(IterationCount=3, LaunchCount=1, WarmupCount=3)
// *** Execute ***
// Launch: 1 / 1
// Execute: dotnet 6c7ed3db-dd7f-401f-b526-5c0523d7f382.dll --anonymousPipes 1468 1440 --benchmarkName Chopsticks.Benchmarks.HandlingResultBenchmarks.Exceptions_SingleException --job ShortRun --benchmarkId 21 in A:\g\Chopsticks2\Native\Benchmarks\bin\Release\net9.0\6c7ed3db-dd7f-401f-b526-5c0523d7f382\bin\Release\net9.0
// BeforeAnythingElse

// Benchmark Process Environment Information:
// BenchmarkDotNet v0.14.0
// Runtime=.NET 9.0.16 (9.0.1626.22923), X64 RyuJIT AVX2
// GC=Concurrent Workstation
// HardwareIntrinsics=AVX2,AES,BMI1,BMI2,FMA,LZCNT,PCLMUL,POPCNT,AvxVnni,SERIALIZE VectorSize=256
// Job: ShortRun(IterationCount=3, LaunchCount=1, WarmupCount=3)

OverheadJitting  1: 1 op, 171300.00 ns, 171.3000 us/op
WorkloadJitting  1: 1 op, 563300.00 ns, 563.3000 us/op

OverheadJitting  2: 16 op, 308700.00 ns, 19.2938 us/op
WorkloadJitting  2: 16 op, 262300.00 ns, 16.3938 us/op

WorkloadPilot    1: 16 op, 3200.00 ns, 200.0000 ns/op
WorkloadPilot    2: 32 op, 4100.00 ns, 128.1250 ns/op
WorkloadPilot    3: 64 op, 17900.00 ns, 279.6875 ns/op
WorkloadPilot    4: 128 op, 19700.00 ns, 153.9063 ns/op
WorkloadPilot    5: 256 op, 35100.00 ns, 137.1094 ns/op
WorkloadPilot    6: 512 op, 53300.00 ns, 104.1016 ns/op
WorkloadPilot    7: 1024 op, 121100.00 ns, 118.2617 ns/op
WorkloadPilot    8: 2048 op, 245500.00 ns, 119.8730 ns/op
WorkloadPilot    9: 4096 op, 477200.00 ns, 116.5039 ns/op
WorkloadPilot   10: 8192 op, 1169700.00 ns, 142.7856 ns/op
WorkloadPilot   11: 16384 op, 2069400.00 ns, 126.3062 ns/op
WorkloadPilot   12: 32768 op, 3705900.00 ns, 113.0951 ns/op
WorkloadPilot   13: 65536 op, 7039700.00 ns, 107.4173 ns/op
WorkloadPilot   14: 131072 op, 14125400.00 ns, 107.7682 ns/op
WorkloadPilot   15: 262144 op, 26453100.00 ns, 100.9106 ns/op
WorkloadPilot   16: 524288 op, 47655300.00 ns, 90.8953 ns/op
WorkloadPilot   17: 1048576 op, 50688300.00 ns, 48.3401 ns/op
WorkloadPilot   18: 2097152 op, 36067800.00 ns, 17.1985 ns/op
WorkloadPilot   19: 4194304 op, 67726300.00 ns, 16.1472 ns/op
WorkloadPilot   20: 8388608 op, 141426700.00 ns, 16.8594 ns/op
WorkloadPilot   21: 16777216 op, 282756800.00 ns, 16.8536 ns/op
WorkloadPilot   22: 33554432 op, 566520500.00 ns, 16.8836 ns/op

OverheadWarmup   1: 33554432 op, 66534400.00 ns, 1.9829 ns/op
OverheadWarmup   2: 33554432 op, 65075800.00 ns, 1.9394 ns/op
OverheadWarmup   3: 33554432 op, 74000800.00 ns, 2.2054 ns/op
OverheadWarmup   4: 33554432 op, 39395400.00 ns, 1.1741 ns/op
OverheadWarmup   5: 33554432 op, 35820900.00 ns, 1.0675 ns/op
OverheadWarmup   6: 33554432 op, 34879800.00 ns, 1.0395 ns/op
OverheadWarmup   7: 33554432 op, 34315700.00 ns, 1.0227 ns/op
OverheadWarmup   8: 33554432 op, 35491300.00 ns, 1.0577 ns/op
OverheadWarmup   9: 33554432 op, 34294600.00 ns, 1.0221 ns/op

OverheadActual   1: 33554432 op, 35406200.00 ns, 1.0552 ns/op
OverheadActual   2: 33554432 op, 35727800.00 ns, 1.0648 ns/op
OverheadActual   3: 33554432 op, 34886600.00 ns, 1.0397 ns/op
OverheadActual   4: 33554432 op, 35463100.00 ns, 1.0569 ns/op
OverheadActual   5: 33554432 op, 34072000.00 ns, 1.0154 ns/op
OverheadActual   6: 33554432 op, 34856500.00 ns, 1.0388 ns/op
OverheadActual   7: 33554432 op, 35607800.00 ns, 1.0612 ns/op
OverheadActual   8: 33554432 op, 34444500.00 ns, 1.0265 ns/op
OverheadActual   9: 33554432 op, 34875100.00 ns, 1.0394 ns/op
OverheadActual  10: 33554432 op, 35735700.00 ns, 1.0650 ns/op
OverheadActual  11: 33554432 op, 35425600.00 ns, 1.0558 ns/op
OverheadActual  12: 33554432 op, 34233800.00 ns, 1.0202 ns/op
OverheadActual  13: 33554432 op, 35641300.00 ns, 1.0622 ns/op
OverheadActual  14: 33554432 op, 32102600.00 ns, 0.9567 ns/op
OverheadActual  15: 33554432 op, 34973300.00 ns, 1.0423 ns/op

WorkloadWarmup   1: 33554432 op, 587182000.00 ns, 17.4994 ns/op
WorkloadWarmup   2: 33554432 op, 585954600.00 ns, 17.4628 ns/op
WorkloadWarmup   3: 33554432 op, 575093500.00 ns, 17.1391 ns/op

// BeforeActualRun
WorkloadActual   1: 33554432 op, 580100400.00 ns, 17.2883 ns/op
WorkloadActual   2: 33554432 op, 576680300.00 ns, 17.1864 ns/op
WorkloadActual   3: 33554432 op, 553827300.00 ns, 16.5053 ns/op

// AfterActualRun
WorkloadResult   1: 33554432 op, 545127100.00 ns, 16.2461 ns/op
WorkloadResult   2: 33554432 op, 541707000.00 ns, 16.1441 ns/op
WorkloadResult   3: 33554432 op, 518854000.00 ns, 15.4631 ns/op
// GC:  142 0 0 2684354960 33554432
// Threading:  0 0 33554432

// AfterAll
// Benchmark Process 66084 has exited with code 0.

Mean = 15.951 ns, StdErr = 0.246 ns (1.54%), N = 3, StdDev = 0.426 ns
Min = 15.463 ns, Q1 = 15.804 ns, Median = 16.144 ns, Q3 = 16.195 ns, Max = 16.246 ns
IQR = 0.391 ns, LowerFence = 15.216 ns, UpperFence = 16.782 ns
ConfidenceInterval = [8.185 ns; 23.717 ns] (CI 99.9%), Margin = 7.766 ns (48.69% of Mean)
Skewness = -0.36, Kurtosis = 0.67, MValue = 2

// ** Remained 20 (47.6%) benchmark(s) to run. Estimated finish 2026-05-18 18:11 (0h 5m from now) **
Setup power plan (GUID: 8c5e7fda-e8bf-4a96-9a85-a6e23a8c635c FriendlyName: High performance)
// **************************
// Benchmark: HandlingResultBenchmarks.Exceptions_MultipleExceptions: ShortRun(IterationCount=3, LaunchCount=1, WarmupCount=3)
// *** Execute ***
// Launch: 1 / 1
// Execute: dotnet 6c7ed3db-dd7f-401f-b526-5c0523d7f382.dll --anonymousPipes 1908 1904 --benchmarkName Chopsticks.Benchmarks.HandlingResultBenchmarks.Exceptions_MultipleExceptions --job ShortRun --benchmarkId 22 in A:\g\Chopsticks2\Native\Benchmarks\bin\Release\net9.0\6c7ed3db-dd7f-401f-b526-5c0523d7f382\bin\Release\net9.0
// BeforeAnythingElse

// Benchmark Process Environment Information:
// BenchmarkDotNet v0.14.0
// Runtime=.NET 9.0.16 (9.0.1626.22923), X64 RyuJIT AVX2
// GC=Concurrent Workstation
// HardwareIntrinsics=AVX2,AES,BMI1,BMI2,FMA,LZCNT,PCLMUL,POPCNT,AvxVnni,SERIALIZE VectorSize=256
// Job: ShortRun(IterationCount=3, LaunchCount=1, WarmupCount=3)

OverheadJitting  1: 1 op, 178000.00 ns, 178.0000 us/op
WorkloadJitting  1: 1 op, 751900.00 ns, 751.9000 us/op

OverheadJitting  2: 16 op, 353500.00 ns, 22.0938 us/op
WorkloadJitting  2: 16 op, 597300.00 ns, 37.3313 us/op

WorkloadPilot    1: 16 op, 10000.00 ns, 625.0000 ns/op
WorkloadPilot    2: 32 op, 12300.00 ns, 384.3750 ns/op
WorkloadPilot    3: 64 op, 26300.00 ns, 410.9375 ns/op
WorkloadPilot    4: 128 op, 28600.00 ns, 223.4375 ns/op
WorkloadPilot    5: 256 op, 85900.00 ns, 335.5469 ns/op
WorkloadPilot    6: 512 op, 156600.00 ns, 305.8594 ns/op
WorkloadPilot    7: 1024 op, 307000.00 ns, 299.8047 ns/op
WorkloadPilot    8: 2048 op, 907100.00 ns, 442.9199 ns/op
WorkloadPilot    9: 4096 op, 972500.00 ns, 237.4268 ns/op
WorkloadPilot   10: 8192 op, 1899700.00 ns, 231.8970 ns/op
WorkloadPilot   11: 16384 op, 3347500.00 ns, 204.3152 ns/op
WorkloadPilot   12: 32768 op, 10112600.00 ns, 308.6121 ns/op
WorkloadPilot   13: 65536 op, 16287500.00 ns, 248.5275 ns/op
WorkloadPilot   14: 131072 op, 24637800.00 ns, 187.9715 ns/op
WorkloadPilot   15: 262144 op, 46031100.00 ns, 175.5947 ns/op
WorkloadPilot   16: 524288 op, 36333000.00 ns, 69.2997 ns/op
WorkloadPilot   17: 1048576 op, 23716900.00 ns, 22.6182 ns/op
WorkloadPilot   18: 2097152 op, 46155100.00 ns, 22.0085 ns/op
WorkloadPilot   19: 4194304 op, 92464300.00 ns, 22.0452 ns/op
WorkloadPilot   20: 8388608 op, 187206100.00 ns, 22.3167 ns/op
WorkloadPilot   21: 16777216 op, 358810600.00 ns, 21.3868 ns/op
WorkloadPilot   22: 33554432 op, 761070000.00 ns, 22.6817 ns/op

OverheadWarmup   1: 33554432 op, 62678600.00 ns, 1.8680 ns/op
OverheadWarmup   2: 33554432 op, 64263700.00 ns, 1.9152 ns/op
OverheadWarmup   3: 33554432 op, 67582600.00 ns, 2.0141 ns/op
OverheadWarmup   4: 33554432 op, 48849300.00 ns, 1.4558 ns/op
OverheadWarmup   5: 33554432 op, 35211900.00 ns, 1.0494 ns/op
OverheadWarmup   6: 33554432 op, 35327700.00 ns, 1.0528 ns/op
OverheadWarmup   7: 33554432 op, 36444300.00 ns, 1.0861 ns/op
OverheadWarmup   8: 33554432 op, 36033400.00 ns, 1.0739 ns/op

OverheadActual   1: 33554432 op, 36959200.00 ns, 1.1015 ns/op
OverheadActual   2: 33554432 op, 36975800.00 ns, 1.1020 ns/op
OverheadActual   3: 33554432 op, 38061700.00 ns, 1.1343 ns/op
OverheadActual   4: 33554432 op, 37349900.00 ns, 1.1131 ns/op
OverheadActual   5: 33554432 op, 38622300.00 ns, 1.1510 ns/op
OverheadActual   6: 33554432 op, 37678000.00 ns, 1.1229 ns/op
OverheadActual   7: 33554432 op, 35492600.00 ns, 1.0578 ns/op
OverheadActual   8: 33554432 op, 40892400.00 ns, 1.2187 ns/op
OverheadActual   9: 33554432 op, 38499500.00 ns, 1.1474 ns/op
OverheadActual  10: 33554432 op, 34359700.00 ns, 1.0240 ns/op
OverheadActual  11: 33554432 op, 36292600.00 ns, 1.0816 ns/op
OverheadActual  12: 33554432 op, 35601400.00 ns, 1.0610 ns/op
OverheadActual  13: 33554432 op, 35416200.00 ns, 1.0555 ns/op
OverheadActual  14: 33554432 op, 35941200.00 ns, 1.0711 ns/op
OverheadActual  15: 33554432 op, 34666400.00 ns, 1.0331 ns/op
OverheadActual  16: 33554432 op, 34809900.00 ns, 1.0374 ns/op

WorkloadWarmup   1: 33554432 op, 773070000.00 ns, 23.0393 ns/op
WorkloadWarmup   2: 33554432 op, 792518900.00 ns, 23.6189 ns/op
WorkloadWarmup   3: 33554432 op, 780837300.00 ns, 23.2708 ns/op

// BeforeActualRun
WorkloadActual   1: 33554432 op, 754970200.00 ns, 22.4999 ns/op
WorkloadActual   2: 33554432 op, 768377800.00 ns, 22.8994 ns/op
WorkloadActual   3: 33554432 op, 795609900.00 ns, 23.7110 ns/op

// AfterActualRun
WorkloadResult   1: 33554432 op, 718344300.00 ns, 21.4083 ns/op
WorkloadResult   2: 33554432 op, 731751900.00 ns, 21.8079 ns/op
WorkloadResult   3: 33554432 op, 758984000.00 ns, 22.6195 ns/op
// GC:  142 0 0 2684354960 33554432
// Threading:  0 0 33554432

// AfterAll
// Benchmark Process 36740 has exited with code 0.

Mean = 21.945 ns, StdErr = 0.356 ns (1.62%), N = 3, StdDev = 0.617 ns
Min = 21.408 ns, Q1 = 21.608 ns, Median = 21.808 ns, Q3 = 22.214 ns, Max = 22.619 ns
IQR = 0.606 ns, LowerFence = 20.700 ns, UpperFence = 23.122 ns
ConfidenceInterval = [10.686 ns; 33.204 ns] (CI 99.9%), Margin = 11.259 ns (51.31% of Mean)
Skewness = 0.21, Kurtosis = 0.67, MValue = 2

// ** Remained 19 (45.2%) benchmark(s) to run. Estimated finish 2026-05-18 18:11 (0h 4m from now) **
Setup power plan (GUID: 8c5e7fda-e8bf-4a96-9a85-a6e23a8c635c FriendlyName: High performance)
// **************************
// Benchmark: HandlingResultBenchmarks.Promise_Static_Success: ShortRun(IterationCount=3, LaunchCount=1, WarmupCount=3)
// *** Execute ***
// Launch: 1 / 1
// Execute: dotnet 6c7ed3db-dd7f-401f-b526-5c0523d7f382.dll --anonymousPipes 1700 1744 --benchmarkName Chopsticks.Benchmarks.HandlingResultBenchmarks.Promise_Static_Success --job ShortRun --benchmarkId 23 in A:\g\Chopsticks2\Native\Benchmarks\bin\Release\net9.0\6c7ed3db-dd7f-401f-b526-5c0523d7f382\bin\Release\net9.0
// BeforeAnythingElse

// Benchmark Process Environment Information:
// BenchmarkDotNet v0.14.0
// Runtime=.NET 9.0.16 (9.0.1626.22923), X64 RyuJIT AVX2
// GC=Concurrent Workstation
// HardwareIntrinsics=AVX2,AES,BMI1,BMI2,FMA,LZCNT,PCLMUL,POPCNT,AvxVnni,SERIALIZE VectorSize=256
// Job: ShortRun(IterationCount=3, LaunchCount=1, WarmupCount=3)

OverheadJitting  1: 1 op, 166500.00 ns, 166.5000 us/op
WorkloadJitting  1: 1 op, 894000.00 ns, 894.0000 us/op

OverheadJitting  2: 16 op, 162200.00 ns, 10.1375 us/op
WorkloadJitting  2: 16 op, 143200.00 ns, 8.9500 us/op

WorkloadPilot    1: 16 op, 600.00 ns, 37.5000 ns/op
WorkloadPilot    2: 32 op, 600.00 ns, 18.7500 ns/op
WorkloadPilot    3: 64 op, 500.00 ns, 7.8125 ns/op
WorkloadPilot    4: 128 op, 1300.00 ns, 10.1563 ns/op
WorkloadPilot    5: 256 op, 1800.00 ns, 7.0313 ns/op
WorkloadPilot    6: 512 op, 2800.00 ns, 5.4688 ns/op
WorkloadPilot    7: 1024 op, 4600.00 ns, 4.4922 ns/op
WorkloadPilot    8: 2048 op, 9300.00 ns, 4.5410 ns/op
WorkloadPilot    9: 4096 op, 21500.00 ns, 5.2490 ns/op
WorkloadPilot   10: 8192 op, 36600.00 ns, 4.4678 ns/op
WorkloadPilot   11: 16384 op, 71600.00 ns, 4.3701 ns/op
WorkloadPilot   12: 32768 op, 145500.00 ns, 4.4403 ns/op
WorkloadPilot   13: 65536 op, 329000.00 ns, 5.0201 ns/op
WorkloadPilot   14: 131072 op, 571500.00 ns, 4.3602 ns/op
WorkloadPilot   15: 262144 op, 1142400.00 ns, 4.3579 ns/op
WorkloadPilot   16: 524288 op, 2725100.00 ns, 5.1977 ns/op
WorkloadPilot   17: 1048576 op, 4600600.00 ns, 4.3875 ns/op
WorkloadPilot   18: 2097152 op, 9317300.00 ns, 4.4428 ns/op
WorkloadPilot   19: 4194304 op, 18573800.00 ns, 4.4283 ns/op
WorkloadPilot   20: 8388608 op, 38155200.00 ns, 4.5485 ns/op
WorkloadPilot   21: 16777216 op, 74663200.00 ns, 4.4503 ns/op
WorkloadPilot   22: 33554432 op, 107685000.00 ns, 3.2093 ns/op
WorkloadPilot   23: 67108864 op, 63308600.00 ns, 0.9434 ns/op
WorkloadPilot   24: 134217728 op, 129565500.00 ns, 0.9653 ns/op
WorkloadPilot   25: 268435456 op, 271142300.00 ns, 1.0101 ns/op
WorkloadPilot   26: 536870912 op, 530825200.00 ns, 0.9887 ns/op

OverheadWarmup   1: 536870912 op, 585140800.00 ns, 1.0899 ns/op
OverheadWarmup   2: 536870912 op, 491397700.00 ns, 0.9153 ns/op
OverheadWarmup   3: 536870912 op, 502546900.00 ns, 0.9361 ns/op
OverheadWarmup   4: 536870912 op, 528512700.00 ns, 0.9844 ns/op
OverheadWarmup   5: 536870912 op, 509333700.00 ns, 0.9487 ns/op
OverheadWarmup   6: 536870912 op, 508314000.00 ns, 0.9468 ns/op
OverheadWarmup   7: 536870912 op, 544426200.00 ns, 1.0141 ns/op
OverheadWarmup   8: 536870912 op, 557825900.00 ns, 1.0390 ns/op
OverheadWarmup   9: 536870912 op, 556044000.00 ns, 1.0357 ns/op

OverheadActual   1: 536870912 op, 560160900.00 ns, 1.0434 ns/op
OverheadActual   2: 536870912 op, 559770300.00 ns, 1.0427 ns/op
OverheadActual   3: 536870912 op, 547890200.00 ns, 1.0205 ns/op
OverheadActual   4: 536870912 op, 554211800.00 ns, 1.0323 ns/op
OverheadActual   5: 536870912 op, 549721400.00 ns, 1.0239 ns/op
OverheadActual   6: 536870912 op, 544837100.00 ns, 1.0148 ns/op
OverheadActual   7: 536870912 op, 553834400.00 ns, 1.0316 ns/op
OverheadActual   8: 536870912 op, 605036100.00 ns, 1.1270 ns/op
OverheadActual   9: 536870912 op, 806204900.00 ns, 1.5017 ns/op
OverheadActual  10: 536870912 op, 565056400.00 ns, 1.0525 ns/op
OverheadActual  11: 536870912 op, 577398900.00 ns, 1.0755 ns/op
OverheadActual  12: 536870912 op, 571391100.00 ns, 1.0643 ns/op
OverheadActual  13: 536870912 op, 559426700.00 ns, 1.0420 ns/op
OverheadActual  14: 536870912 op, 552570200.00 ns, 1.0292 ns/op
OverheadActual  15: 536870912 op, 584004700.00 ns, 1.0878 ns/op

WorkloadWarmup   1: 536870912 op, 602223600.00 ns, 1.1217 ns/op
WorkloadWarmup   2: 536870912 op, 628630900.00 ns, 1.1709 ns/op
WorkloadWarmup   3: 536870912 op, 573607700.00 ns, 1.0684 ns/op

// BeforeActualRun
WorkloadActual   1: 536870912 op, 548682000.00 ns, 1.0220 ns/op
WorkloadActual   2: 536870912 op, 598438100.00 ns, 1.1147 ns/op
WorkloadActual   3: 536870912 op, 562488700.00 ns, 1.0477 ns/op

// AfterActualRun
WorkloadResult   1: 536870912 op, 0.00 ns, 0.0000 ns/op
WorkloadResult   2: 536870912 op, 38667800.00 ns, 0.0720 ns/op
WorkloadResult   3: 536870912 op, 2718400.00 ns, 0.0051 ns/op
// GC:  0 0 0 400 536870912
// Threading:  0 0 536870912

// AfterAll
// Benchmark Process 65964 has exited with code 0.

Mean = 0.026 ns, StdErr = 0.023 ns (90.33%), N = 3, StdDev = 0.040 ns
Min = 0.000 ns, Q1 = 0.003 ns, Median = 0.005 ns, Q3 = 0.039 ns, Max = 0.072 ns
IQR = 0.036 ns, LowerFence = -0.051 ns, UpperFence = 0.093 ns
ConfidenceInterval = [-0.708 ns; 0.759 ns] (CI 99.9%), Margin = 0.733 ns (2854.24% of Mean)
Skewness = 0.38, Kurtosis = 0.67, MValue = 2

// ** Remained 18 (42.9%) benchmark(s) to run. Estimated finish 2026-05-18 18:11 (0h 4m from now) **
Setup power plan (GUID: 8c5e7fda-e8bf-4a96-9a85-a6e23a8c635c FriendlyName: High performance)
// **************************
// Benchmark: HandlingResultBenchmarks.Promise_Static_NoHandlers: ShortRun(IterationCount=3, LaunchCount=1, WarmupCount=3)
// *** Execute ***
// Launch: 1 / 1
// Execute: dotnet 6c7ed3db-dd7f-401f-b526-5c0523d7f382.dll --anonymousPipes 1716 1584 --benchmarkName Chopsticks.Benchmarks.HandlingResultBenchmarks.Promise_Static_NoHandlers --job ShortRun --benchmarkId 24 in A:\g\Chopsticks2\Native\Benchmarks\bin\Release\net9.0\6c7ed3db-dd7f-401f-b526-5c0523d7f382\bin\Release\net9.0
// BeforeAnythingElse

// Benchmark Process Environment Information:
// BenchmarkDotNet v0.14.0
// Runtime=.NET 9.0.16 (9.0.1626.22923), X64 RyuJIT AVX2
// GC=Concurrent Workstation
// HardwareIntrinsics=AVX2,AES,BMI1,BMI2,FMA,LZCNT,PCLMUL,POPCNT,AvxVnni,SERIALIZE VectorSize=256
// Job: ShortRun(IterationCount=3, LaunchCount=1, WarmupCount=3)

OverheadJitting  1: 1 op, 183000.00 ns, 183.0000 us/op
WorkloadJitting  1: 1 op, 757200.00 ns, 757.2000 us/op

OverheadJitting  2: 16 op, 212300.00 ns, 13.2688 us/op
WorkloadJitting  2: 16 op, 215800.00 ns, 13.4875 us/op

WorkloadPilot    1: 16 op, 600.00 ns, 37.5000 ns/op
WorkloadPilot    2: 32 op, 600.00 ns, 18.7500 ns/op
WorkloadPilot    3: 64 op, 700.00 ns, 10.9375 ns/op
WorkloadPilot    4: 128 op, 700.00 ns, 5.4688 ns/op
WorkloadPilot    5: 256 op, 2100.00 ns, 8.2031 ns/op
WorkloadPilot    6: 512 op, 2800.00 ns, 5.4688 ns/op
WorkloadPilot    7: 1024 op, 5100.00 ns, 4.9805 ns/op
WorkloadPilot    8: 2048 op, 10100.00 ns, 4.9316 ns/op
WorkloadPilot    9: 4096 op, 19800.00 ns, 4.8340 ns/op
WorkloadPilot   10: 8192 op, 38800.00 ns, 4.7363 ns/op
WorkloadPilot   11: 16384 op, 76700.00 ns, 4.6814 ns/op
WorkloadPilot   12: 32768 op, 160400.00 ns, 4.8950 ns/op
WorkloadPilot   13: 65536 op, 349400.00 ns, 5.3314 ns/op
WorkloadPilot   14: 131072 op, 628400.00 ns, 4.7943 ns/op
WorkloadPilot   15: 262144 op, 1346300.00 ns, 5.1357 ns/op
WorkloadPilot   16: 524288 op, 2564500.00 ns, 4.8914 ns/op
WorkloadPilot   17: 1048576 op, 4990000.00 ns, 4.7588 ns/op
WorkloadPilot   18: 2097152 op, 10534100.00 ns, 5.0231 ns/op
WorkloadPilot   19: 4194304 op, 21213400.00 ns, 5.0577 ns/op
WorkloadPilot   20: 8388608 op, 41724000.00 ns, 4.9739 ns/op
WorkloadPilot   21: 16777216 op, 55288500.00 ns, 3.2955 ns/op
WorkloadPilot   22: 33554432 op, 36873500.00 ns, 1.0989 ns/op
WorkloadPilot   23: 67108864 op, 75288400.00 ns, 1.1219 ns/op
WorkloadPilot   24: 134217728 op, 150821500.00 ns, 1.1237 ns/op
WorkloadPilot   25: 268435456 op, 306783800.00 ns, 1.1429 ns/op
WorkloadPilot   26: 536870912 op, 615609900.00 ns, 1.1467 ns/op

OverheadWarmup   1: 536870912 op, 653362400.00 ns, 1.2170 ns/op
OverheadWarmup   2: 536870912 op, 575913200.00 ns, 1.0727 ns/op
OverheadWarmup   3: 536870912 op, 539289300.00 ns, 1.0045 ns/op
OverheadWarmup   4: 536870912 op, 551187600.00 ns, 1.0267 ns/op
OverheadWarmup   5: 536870912 op, 563014300.00 ns, 1.0487 ns/op
OverheadWarmup   6: 536870912 op, 559359100.00 ns, 1.0419 ns/op
OverheadWarmup   7: 536870912 op, 590070200.00 ns, 1.0991 ns/op
OverheadWarmup   8: 536870912 op, 564477700.00 ns, 1.0514 ns/op

OverheadActual   1: 536870912 op, 554287200.00 ns, 1.0324 ns/op
OverheadActual   2: 536870912 op, 580544700.00 ns, 1.0813 ns/op
OverheadActual   3: 536870912 op, 565835600.00 ns, 1.0540 ns/op
OverheadActual   4: 536870912 op, 536422000.00 ns, 0.9992 ns/op
OverheadActual   5: 536870912 op, 536996500.00 ns, 1.0002 ns/op
OverheadActual   6: 536870912 op, 556479400.00 ns, 1.0365 ns/op
OverheadActual   7: 536870912 op, 539312200.00 ns, 1.0045 ns/op
OverheadActual   8: 536870912 op, 553991400.00 ns, 1.0319 ns/op
OverheadActual   9: 536870912 op, 534969200.00 ns, 0.9965 ns/op
OverheadActual  10: 536870912 op, 543811600.00 ns, 1.0129 ns/op
OverheadActual  11: 536870912 op, 575957600.00 ns, 1.0728 ns/op
OverheadActual  12: 536870912 op, 555802300.00 ns, 1.0353 ns/op
OverheadActual  13: 536870912 op, 545192600.00 ns, 1.0155 ns/op
OverheadActual  14: 536870912 op, 584116500.00 ns, 1.0880 ns/op
OverheadActual  15: 536870912 op, 573845300.00 ns, 1.0689 ns/op

WorkloadWarmup   1: 536870912 op, 531614800.00 ns, 0.9902 ns/op
WorkloadWarmup   2: 536870912 op, 530466400.00 ns, 0.9881 ns/op
WorkloadWarmup   3: 536870912 op, 518955700.00 ns, 0.9666 ns/op

// BeforeActualRun
WorkloadActual   1: 536870912 op, 547452400.00 ns, 1.0197 ns/op
WorkloadActual   2: 536870912 op, 535596300.00 ns, 0.9976 ns/op
WorkloadActual   3: 536870912 op, 545029000.00 ns, 1.0152 ns/op

// AfterActualRun
WorkloadResult   1: 536870912 op, 0.00 ns, 0.0000 ns/op
WorkloadResult   2: 536870912 op, 0.00 ns, 0.0000 ns/op
WorkloadResult   3: 536870912 op, 0.00 ns, 0.0000 ns/op
// GC:  0 0 0 400 536870912
// Threading:  0 0 536870912

// AfterAll
// Benchmark Process 51884 has exited with code 0.

Mean = 0.000 ns, StdErr = 0.000 ns (NaN%), N = 3, StdDev = 0.000 ns
Min = 0.000 ns, Q1 = 0.000 ns, Median = 0.000 ns, Q3 = 0.000 ns, Max = 0.000 ns
IQR = 0.000 ns, LowerFence = 0.000 ns, UpperFence = 0.000 ns
ConfidenceInterval = [0.000 ns; 0.000 ns] (CI 99.9%), Margin = 0.000 ns (NaN% of Mean)
Skewness = NaN, Kurtosis = NaN, MValue = 2

// ** Remained 17 (40.5%) benchmark(s) to run. Estimated finish 2026-05-18 18:11 (0h 4m from now) **
Setup power plan (GUID: 8c5e7fda-e8bf-4a96-9a85-a6e23a8c635c FriendlyName: High performance)
// **************************
// Benchmark: HandlingResultBenchmarks.Struct_CopyAndAccess: ShortRun(IterationCount=3, LaunchCount=1, WarmupCount=3)
// *** Execute ***
// Launch: 1 / 1
// Execute: dotnet 6c7ed3db-dd7f-401f-b526-5c0523d7f382.dll --anonymousPipes 1844 1900 --benchmarkName Chopsticks.Benchmarks.HandlingResultBenchmarks.Struct_CopyAndAccess --job ShortRun --benchmarkId 25 in A:\g\Chopsticks2\Native\Benchmarks\bin\Release\net9.0\6c7ed3db-dd7f-401f-b526-5c0523d7f382\bin\Release\net9.0
// BeforeAnythingElse

// Benchmark Process Environment Information:
// BenchmarkDotNet v0.14.0
// Runtime=.NET 9.0.16 (9.0.1626.22923), X64 RyuJIT AVX2
// GC=Concurrent Workstation
// HardwareIntrinsics=AVX2,AES,BMI1,BMI2,FMA,LZCNT,PCLMUL,POPCNT,AvxVnni,SERIALIZE VectorSize=256
// Job: ShortRun(IterationCount=3, LaunchCount=1, WarmupCount=3)

OverheadJitting  1: 1 op, 184400.00 ns, 184.4000 us/op
WorkloadJitting  1: 1 op, 185600.00 ns, 185.6000 us/op

OverheadJitting  2: 16 op, 158700.00 ns, 9.9188 us/op
WorkloadJitting  2: 16 op, 144900.00 ns, 9.0563 us/op

WorkloadPilot    1: 16 op, 800.00 ns, 50.0000 ns/op
WorkloadPilot    2: 32 op, 600.00 ns, 18.7500 ns/op
WorkloadPilot    3: 64 op, 700.00 ns, 10.9375 ns/op
WorkloadPilot    4: 128 op, 1200.00 ns, 9.3750 ns/op
WorkloadPilot    5: 256 op, 2800.00 ns, 10.9375 ns/op
WorkloadPilot    6: 512 op, 5000.00 ns, 9.7656 ns/op
WorkloadPilot    7: 1024 op, 8700.00 ns, 8.4961 ns/op
WorkloadPilot    8: 2048 op, 17200.00 ns, 8.3984 ns/op
WorkloadPilot    9: 4096 op, 39200.00 ns, 9.5703 ns/op
WorkloadPilot   10: 8192 op, 68700.00 ns, 8.3862 ns/op
WorkloadPilot   11: 16384 op, 136600.00 ns, 8.3374 ns/op
WorkloadPilot   12: 32768 op, 363700.00 ns, 11.0992 ns/op
WorkloadPilot   13: 65536 op, 546600.00 ns, 8.3405 ns/op
WorkloadPilot   14: 131072 op, 1154700.00 ns, 8.8097 ns/op
WorkloadPilot   15: 262144 op, 2342100.00 ns, 8.9344 ns/op
WorkloadPilot   16: 524288 op, 4579500.00 ns, 8.7347 ns/op
WorkloadPilot   17: 1048576 op, 9330600.00 ns, 8.8984 ns/op
WorkloadPilot   18: 2097152 op, 17315600.00 ns, 8.2567 ns/op
WorkloadPilot   19: 4194304 op, 34615500.00 ns, 8.2530 ns/op
WorkloadPilot   20: 8388608 op, 66240900.00 ns, 7.8965 ns/op
WorkloadPilot   21: 16777216 op, 17030300.00 ns, 1.0151 ns/op
WorkloadPilot   22: 33554432 op, 33980100.00 ns, 1.0127 ns/op
WorkloadPilot   23: 67108864 op, 67644100.00 ns, 1.0080 ns/op
WorkloadPilot   24: 134217728 op, 135641100.00 ns, 1.0106 ns/op
WorkloadPilot   25: 268435456 op, 267088200.00 ns, 0.9950 ns/op
WorkloadPilot   26: 536870912 op, 545306200.00 ns, 1.0157 ns/op

OverheadWarmup   1: 536870912 op, 619519500.00 ns, 1.1539 ns/op
OverheadWarmup   2: 536870912 op, 531953200.00 ns, 0.9908 ns/op
OverheadWarmup   3: 536870912 op, 534039500.00 ns, 0.9947 ns/op
OverheadWarmup   4: 536870912 op, 643286900.00 ns, 1.1982 ns/op
OverheadWarmup   5: 536870912 op, 693808600.00 ns, 1.2923 ns/op
OverheadWarmup   6: 536870912 op, 707788200.00 ns, 1.3184 ns/op
OverheadWarmup   7: 536870912 op, 668726500.00 ns, 1.2456 ns/op
OverheadWarmup   8: 536870912 op, 506144000.00 ns, 0.9428 ns/op
OverheadWarmup   9: 536870912 op, 522793700.00 ns, 0.9738 ns/op
OverheadWarmup  10: 536870912 op, 520871000.00 ns, 0.9702 ns/op

OverheadActual   1: 536870912 op, 511060700.00 ns, 0.9519 ns/op
OverheadActual   2: 536870912 op, 507742300.00 ns, 0.9457 ns/op
OverheadActual   3: 536870912 op, 495264800.00 ns, 0.9225 ns/op
OverheadActual   4: 536870912 op, 556828100.00 ns, 1.0372 ns/op
OverheadActual   5: 536870912 op, 544658500.00 ns, 1.0145 ns/op
OverheadActual   6: 536870912 op, 543870100.00 ns, 1.0130 ns/op
OverheadActual   7: 536870912 op, 497067200.00 ns, 0.9259 ns/op
OverheadActual   8: 536870912 op, 545252100.00 ns, 1.0156 ns/op
OverheadActual   9: 536870912 op, 544943900.00 ns, 1.0150 ns/op
OverheadActual  10: 536870912 op, 550232600.00 ns, 1.0249 ns/op
OverheadActual  11: 536870912 op, 525923600.00 ns, 0.9796 ns/op
OverheadActual  12: 536870912 op, 509053500.00 ns, 0.9482 ns/op
OverheadActual  13: 536870912 op, 512658700.00 ns, 0.9549 ns/op
OverheadActual  14: 536870912 op, 528232100.00 ns, 0.9839 ns/op
OverheadActual  15: 536870912 op, 547834800.00 ns, 1.0204 ns/op

WorkloadWarmup   1: 536870912 op, 523743000.00 ns, 0.9755 ns/op
WorkloadWarmup   2: 536870912 op, 519275300.00 ns, 0.9672 ns/op
WorkloadWarmup   3: 536870912 op, 525076300.00 ns, 0.9780 ns/op

// BeforeActualRun
WorkloadActual   1: 536870912 op, 532883500.00 ns, 0.9926 ns/op
WorkloadActual   2: 536870912 op, 520667500.00 ns, 0.9698 ns/op
WorkloadActual   3: 536870912 op, 525506800.00 ns, 0.9788 ns/op

// AfterActualRun
WorkloadResult   1: 536870912 op, 4651400.00 ns, 0.0087 ns/op
WorkloadResult   2: 536870912 op, 0.00 ns, 0.0000 ns/op
WorkloadResult   3: 536870912 op, 0.00 ns, 0.0000 ns/op
// GC:  0 0 0 400 536870912
// Threading:  0 0 536870912

// AfterAll
// Benchmark Process 63340 has exited with code 0.

Mean = 0.003 ns, StdErr = 0.003 ns (100.00%), N = 3, StdDev = 0.005 ns
Min = 0.000 ns, Q1 = 0.000 ns, Median = 0.000 ns, Q3 = 0.004 ns, Max = 0.009 ns
IQR = 0.004 ns, LowerFence = -0.006 ns, UpperFence = 0.011 ns
ConfidenceInterval = [-0.088 ns; 0.094 ns] (CI 99.9%), Margin = 0.091 ns (3159.91% of Mean)
Skewness = 0.38, Kurtosis = 0.67, MValue = 2

// ** Remained 16 (38.1%) benchmark(s) to run. Estimated finish 2026-05-18 18:11 (0h 4m from now) **
Successfully reverted power plan (GUID: 381b4222-f694-41f0-9685-ff5bb260df2e FriendlyName: Balanced)
// ***** BenchmarkRunner: Finish  *****

// * Export *
  BenchmarkDotNet.Artifacts\results\Chopsticks.Benchmarks.HandlingResultBenchmarks-report.csv
  BenchmarkDotNet.Artifacts\results\Chopsticks.Benchmarks.HandlingResultBenchmarks-report-github.md
  BenchmarkDotNet.Artifacts\results\Chopsticks.Benchmarks.HandlingResultBenchmarks-report.html

// * Detailed results *
HandlingResultBenchmarks.Static_Success_Access: Job-HMXGET(IterationCount=10, WarmupCount=3)
Runtime = .NET 9.0.16 (9.0.1626.22923), X64 RyuJIT AVX2; GC = Concurrent Workstation
Mean = 0.000 ns, StdErr = 0.000 ns (NaN%), N = 9, StdDev = 0.000 ns
Min = 0.000 ns, Q1 = 0.000 ns, Median = 0.000 ns, Q3 = 0.000 ns, Max = 0.000 ns
IQR = 0.000 ns, LowerFence = 0.000 ns, UpperFence = 0.000 ns
ConfidenceInterval = [0.000 ns; 0.000 ns] (CI 99.9%), Margin = 0.000 ns (NaN% of Mean)
Skewness = NaN, Kurtosis = NaN, MValue = 2
-------------------- Histogram --------------------
[-0.500 ns ; 0.500 ns) | @@@@@@@@@
---------------------------------------------------

HandlingResultBenchmarks.Static_NoHandlers_Access: Job-HMXGET(IterationCount=10, WarmupCount=3)
Runtime = .NET 9.0.16 (9.0.1626.22923), X64 RyuJIT AVX2; GC = Concurrent Workstation
Mean = 0.230 ns, StdErr = 0.057 ns (24.75%), N = 10, StdDev = 0.180 ns
Min = 0.000 ns, Q1 = 0.087 ns, Median = 0.206 ns, Q3 = 0.403 ns, Max = 0.475 ns
IQR = 0.315 ns, LowerFence = -0.385 ns, UpperFence = 0.875 ns
ConfidenceInterval = [-0.042 ns; 0.502 ns] (CI 99.9%), Margin = 0.272 ns (118.31% of Mean)
Skewness = 0.06, Kurtosis = 1.3, MValue = 2
-------------------- Histogram --------------------
[-0.006 ns ; 0.213 ns) | @@@@@@
[ 0.213 ns ; 0.504 ns) | @@@@
---------------------------------------------------

HandlingResultBenchmarks.Static_Cancelled_Access: Job-HMXGET(IterationCount=10, WarmupCount=3)
Runtime = .NET 9.0.16 (9.0.1626.22923), X64 RyuJIT AVX2; GC = Concurrent Workstation
Mean = 0.000 ns, StdErr = 0.000 ns (NaN%), N = 8, StdDev = 0.000 ns
Min = 0.000 ns, Q1 = 0.000 ns, Median = 0.000 ns, Q3 = 0.000 ns, Max = 0.000 ns
IQR = 0.000 ns, LowerFence = 0.000 ns, UpperFence = 0.000 ns
ConfidenceInterval = [0.000 ns; 0.000 ns] (CI 99.9%), Margin = 0.000 ns (NaN% of Mean)
Skewness = NaN, Kurtosis = NaN, MValue = 2
-------------------- Histogram --------------------
[-0.500 ns ; 0.500 ns) | @@@@@@@@
---------------------------------------------------

HandlingResultBenchmarks.Static_Success_1000x: Job-HMXGET(IterationCount=10, WarmupCount=3)
Runtime = .NET 9.0.16 (9.0.1626.22923), X64 RyuJIT AVX2; GC = Concurrent Workstation
Mean = 225.050 ns, StdErr = 1.309 ns (0.58%), N = 8, StdDev = 3.703 ns
Min = 219.962 ns, Q1 = 222.587 ns, Median = 224.820 ns, Q3 = 226.959 ns, Max = 231.036 ns
IQR = 4.373 ns, LowerFence = 216.028 ns, UpperFence = 233.519 ns
ConfidenceInterval = [217.969 ns; 232.130 ns] (CI 99.9%), Margin = 7.080 ns (3.15% of Mean)
Skewness = 0.23, Kurtosis = 1.58, MValue = 2
-------------------- Histogram --------------------
[217.532 ns ; 226.334 ns) | @@@@@@
[226.334 ns ; 232.454 ns) | @@
---------------------------------------------------

HandlingResultBenchmarks.Exceptions_SingleException: Job-HMXGET(IterationCount=10, WarmupCount=3)
Runtime = .NET 9.0.16 (9.0.1626.22923), X64 RyuJIT AVX2; GC = Concurrent Workstation
Mean = 15.375 ns, StdErr = 0.045 ns (0.29%), N = 10, StdDev = 0.142 ns
Min = 15.167 ns, Q1 = 15.257 ns, Median = 15.365 ns, Q3 = 15.508 ns, Max = 15.557 ns
IQR = 0.250 ns, LowerFence = 14.882 ns, UpperFence = 15.883 ns
ConfidenceInterval = [15.159 ns; 15.590 ns] (CI 99.9%), Margin = 0.215 ns (1.40% of Mean)
Skewness = 0.04, Kurtosis = 1.23, MValue = 2
-------------------- Histogram --------------------
[15.080 ns ; 15.644 ns) | @@@@@@@@@@
---------------------------------------------------

HandlingResultBenchmarks.Exceptions_MultipleExceptions: Job-HMXGET(IterationCount=10, WarmupCount=3)
Runtime = .NET 9.0.16 (9.0.1626.22923), X64 RyuJIT AVX2; GC = Concurrent Workstation
Mean = 18.819 ns, StdErr = 0.159 ns (0.85%), N = 10, StdDev = 0.503 ns
Min = 18.068 ns, Q1 = 18.398 ns, Median = 18.821 ns, Q3 = 19.208 ns, Max = 19.639 ns
IQR = 0.810 ns, LowerFence = 17.183 ns, UpperFence = 20.424 ns
ConfidenceInterval = [18.058 ns; 19.580 ns] (CI 99.9%), Margin = 0.761 ns (4.04% of Mean)
Skewness = 0.07, Kurtosis = 1.49, MValue = 2
-------------------- Histogram --------------------
[17.984 ns ; 18.667 ns) | @@@@
[18.667 ns ; 19.280 ns) | @@@@@
[19.280 ns ; 19.946 ns) | @
---------------------------------------------------

HandlingResultBenchmarks.Promise_Static_Success: Job-HMXGET(IterationCount=10, WarmupCount=3)
Runtime = .NET 9.0.16 (9.0.1626.22923), X64 RyuJIT AVX2; GC = Concurrent Workstation
Mean = 0.029 ns, StdErr = 0.009 ns (30.62%), N = 10, StdDev = 0.028 ns
Min = 0.000 ns, Q1 = 0.003 ns, Median = 0.029 ns, Q3 = 0.043 ns, Max = 0.082 ns
IQR = 0.040 ns, LowerFence = -0.057 ns, UpperFence = 0.103 ns
ConfidenceInterval = [-0.013 ns; 0.071 ns] (CI 99.9%), Margin = 0.042 ns (146.38% of Mean)
Skewness = 0.44, Kurtosis = 1.77, MValue = 2
-------------------- Histogram --------------------
[-0.009 ns ; 0.030 ns) | @@@@@
[ 0.030 ns ; 0.065 ns) | @@@@
[ 0.065 ns ; 0.100 ns) | @
---------------------------------------------------

HandlingResultBenchmarks.Promise_Static_NoHandlers: Job-HMXGET(IterationCount=10, WarmupCount=3)
Runtime = .NET 9.0.16 (9.0.1626.22923), X64 RyuJIT AVX2; GC = Concurrent Workstation
Mean = 0.072 ns, StdErr = 0.024 ns (34.13%), N = 10, StdDev = 0.077 ns
Min = 0.000 ns, Q1 = 0.007 ns, Median = 0.047 ns, Q3 = 0.108 ns, Max = 0.201 ns
IQR = 0.100 ns, LowerFence = -0.144 ns, UpperFence = 0.258 ns
ConfidenceInterval = [-0.045 ns; 0.189 ns] (CI 99.9%), Margin = 0.117 ns (163.16% of Mean)
Skewness = 0.68, Kurtosis = 1.78, MValue = 2
-------------------- Histogram --------------------
[-0.010 ns ; 0.084 ns) | @@@@@@@
[ 0.084 ns ; 0.207 ns) | @@@
---------------------------------------------------

HandlingResultBenchmarks.Struct_CopyAndAccess: Job-HMXGET(IterationCount=10, WarmupCount=3)
Runtime = .NET 9.0.16 (9.0.1626.22923), X64 RyuJIT AVX2; GC = Concurrent Workstation
Mean = 0.060 ns, StdErr = 0.008 ns (13.32%), N = 8, StdDev = 0.022 ns
Min = 0.030 ns, Q1 = 0.036 ns, Median = 0.070 ns, Q3 = 0.073 ns, Max = 0.085 ns
IQR = 0.037 ns, LowerFence = -0.020 ns, UpperFence = 0.129 ns
ConfidenceInterval = [0.017 ns; 0.102 ns] (CI 99.9%), Margin = 0.043 ns (72.03% of Mean)
Skewness = -0.28, Kurtosis = 1.08, MValue = 3.2
-------------------- Histogram --------------------
[0.018 ns ; 0.048 ns) | @@@
[0.048 ns ; 0.062 ns) | 
[0.062 ns ; 0.092 ns) | @@@@@
---------------------------------------------------

HandlingResultBenchmarks.Static_Success_Access: ShortRun(IterationCount=3, LaunchCount=1, WarmupCount=3)
Runtime = .NET 9.0.16 (9.0.1626.22923), X64 RyuJIT AVX2; GC = Concurrent Workstation
Mean = 0.000 ns, StdErr = 0.000 ns (NaN%), N = 3, StdDev = 0.000 ns
Min = 0.000 ns, Q1 = 0.000 ns, Median = 0.000 ns, Q3 = 0.000 ns, Max = 0.000 ns
IQR = 0.000 ns, LowerFence = 0.000 ns, UpperFence = 0.000 ns
ConfidenceInterval = [0.000 ns; 0.000 ns] (CI 99.9%), Margin = 0.000 ns (NaN% of Mean)
Skewness = NaN, Kurtosis = NaN, MValue = 2
-------------------- Histogram --------------------
[-0.500 ns ; 0.500 ns) | @@@
---------------------------------------------------

HandlingResultBenchmarks.Static_NoHandlers_Access: ShortRun(IterationCount=3, LaunchCount=1, WarmupCount=3)
Runtime = .NET 9.0.16 (9.0.1626.22923), X64 RyuJIT AVX2; GC = Concurrent Workstation
Mean = 0.000 ns, StdErr = 0.000 ns (NaN%), N = 3, StdDev = 0.000 ns
Min = 0.000 ns, Q1 = 0.000 ns, Median = 0.000 ns, Q3 = 0.000 ns, Max = 0.000 ns
IQR = 0.000 ns, LowerFence = 0.000 ns, UpperFence = 0.000 ns
ConfidenceInterval = [0.000 ns; 0.000 ns] (CI 99.9%), Margin = 0.000 ns (NaN% of Mean)
Skewness = NaN, Kurtosis = NaN, MValue = 2
-------------------- Histogram --------------------
[-0.500 ns ; 0.500 ns) | @@@
---------------------------------------------------

HandlingResultBenchmarks.Static_Cancelled_Access: ShortRun(IterationCount=3, LaunchCount=1, WarmupCount=3)
Runtime = .NET 9.0.16 (9.0.1626.22923), X64 RyuJIT AVX2; GC = Concurrent Workstation
Mean = 0.046 ns, StdErr = 0.039 ns (84.18%), N = 3, StdDev = 0.067 ns
Min = 0.000 ns, Q1 = 0.008 ns, Median = 0.015 ns, Q3 = 0.069 ns, Max = 0.123 ns
IQR = 0.061 ns, LowerFence = -0.085 ns, UpperFence = 0.161 ns
ConfidenceInterval = [-1.178 ns; 1.270 ns] (CI 99.9%), Margin = 1.224 ns (2660.13% of Mean)
Skewness = 0.36, Kurtosis = 0.67, MValue = 2
-------------------- Histogram --------------------
[-0.061 ns ; 0.069 ns) | @@
[ 0.069 ns ; 0.184 ns) | @
---------------------------------------------------

HandlingResultBenchmarks.Static_Success_1000x: ShortRun(IterationCount=3, LaunchCount=1, WarmupCount=3)
Runtime = .NET 9.0.16 (9.0.1626.22923), X64 RyuJIT AVX2; GC = Concurrent Workstation
Mean = 239.300 ns, StdErr = 3.214 ns (1.34%), N = 3, StdDev = 5.567 ns
Min = 233.156 ns, Q1 = 236.946 ns, Median = 240.736 ns, Q3 = 242.372 ns, Max = 244.009 ns
IQR = 5.427 ns, LowerFence = 228.806 ns, UpperFence = 250.512 ns
ConfidenceInterval = [137.735 ns; 340.866 ns] (CI 99.9%), Margin = 101.566 ns (42.44% of Mean)
Skewness = -0.24, Kurtosis = 0.67, MValue = 2
-------------------- Histogram --------------------
[228.090 ns ; 237.306 ns) | @
[237.306 ns ; 249.076 ns) | @@
---------------------------------------------------

HandlingResultBenchmarks.Exceptions_SingleException: ShortRun(IterationCount=3, LaunchCount=1, WarmupCount=3)
Runtime = .NET 9.0.16 (9.0.1626.22923), X64 RyuJIT AVX2; GC = Concurrent Workstation
Mean = 15.951 ns, StdErr = 0.246 ns (1.54%), N = 3, StdDev = 0.426 ns
Min = 15.463 ns, Q1 = 15.804 ns, Median = 16.144 ns, Q3 = 16.195 ns, Max = 16.246 ns
IQR = 0.391 ns, LowerFence = 15.216 ns, UpperFence = 16.782 ns
ConfidenceInterval = [8.185 ns; 23.717 ns] (CI 99.9%), Margin = 7.766 ns (48.69% of Mean)
Skewness = -0.36, Kurtosis = 0.67, MValue = 2
-------------------- Histogram --------------------
[15.076 ns ; 15.808 ns) | @
[15.808 ns ; 16.634 ns) | @@
---------------------------------------------------

HandlingResultBenchmarks.Exceptions_MultipleExceptions: ShortRun(IterationCount=3, LaunchCount=1, WarmupCount=3)
Runtime = .NET 9.0.16 (9.0.1626.22923), X64 RyuJIT AVX2; GC = Concurrent Workstation
Mean = 21.945 ns, StdErr = 0.356 ns (1.62%), N = 3, StdDev = 0.617 ns
Min = 21.408 ns, Q1 = 21.608 ns, Median = 21.808 ns, Q3 = 22.214 ns, Max = 22.619 ns
IQR = 0.606 ns, LowerFence = 20.700 ns, UpperFence = 23.122 ns
ConfidenceInterval = [10.686 ns; 33.204 ns] (CI 99.9%), Margin = 11.259 ns (51.31% of Mean)
Skewness = 0.21, Kurtosis = 0.67, MValue = 2
-------------------- Histogram --------------------
[21.046 ns ; 22.170 ns) | @@
[22.170 ns ; 23.181 ns) | @
---------------------------------------------------

HandlingResultBenchmarks.Promise_Static_Success: ShortRun(IterationCount=3, LaunchCount=1, WarmupCount=3)
Runtime = .NET 9.0.16 (9.0.1626.22923), X64 RyuJIT AVX2; GC = Concurrent Workstation
Mean = 0.026 ns, StdErr = 0.023 ns (90.33%), N = 3, StdDev = 0.040 ns
Min = 0.000 ns, Q1 = 0.003 ns, Median = 0.005 ns, Q3 = 0.039 ns, Max = 0.072 ns
IQR = 0.036 ns, LowerFence = -0.051 ns, UpperFence = 0.093 ns
ConfidenceInterval = [-0.708 ns; 0.759 ns] (CI 99.9%), Margin = 0.733 ns (2854.24% of Mean)
Skewness = 0.38, Kurtosis = 0.67, MValue = 2
-------------------- Histogram --------------------
[-0.001 ns ; 0.073 ns) | @@@
---------------------------------------------------

HandlingResultBenchmarks.Promise_Static_NoHandlers: ShortRun(IterationCount=3, LaunchCount=1, WarmupCount=3)
Runtime = .NET 9.0.16 (9.0.1626.22923), X64 RyuJIT AVX2; GC = Concurrent Workstation
Mean = 0.000 ns, StdErr = 0.000 ns (NaN%), N = 3, StdDev = 0.000 ns
Min = 0.000 ns, Q1 = 0.000 ns, Median = 0.000 ns, Q3 = 0.000 ns, Max = 0.000 ns
IQR = 0.000 ns, LowerFence = 0.000 ns, UpperFence = 0.000 ns
ConfidenceInterval = [0.000 ns; 0.000 ns] (CI 99.9%), Margin = 0.000 ns (NaN% of Mean)
Skewness = NaN, Kurtosis = NaN, MValue = 2
-------------------- Histogram --------------------
[-0.500 ns ; 0.500 ns) | @@@
---------------------------------------------------

HandlingResultBenchmarks.Struct_CopyAndAccess: ShortRun(IterationCount=3, LaunchCount=1, WarmupCount=3)
Runtime = .NET 9.0.16 (9.0.1626.22923), X64 RyuJIT AVX2; GC = Concurrent Workstation
Mean = 0.003 ns, StdErr = 0.003 ns (100.00%), N = 3, StdDev = 0.005 ns
Min = 0.000 ns, Q1 = 0.000 ns, Median = 0.000 ns, Q3 = 0.004 ns, Max = 0.009 ns
IQR = 0.004 ns, LowerFence = -0.006 ns, UpperFence = 0.011 ns
ConfidenceInterval = [-0.088 ns; 0.094 ns] (CI 99.9%), Margin = 0.091 ns (3159.91% of Mean)
Skewness = 0.38, Kurtosis = 0.67, MValue = 2
-------------------- Histogram --------------------
[-0.000 ns ; 0.009 ns) | @@@
---------------------------------------------------

// * Summary *

BenchmarkDotNet v0.14.0, Windows 11 (10.0.26200.8457)
Unknown processor
.NET SDK 9.0.314
  [Host]     : .NET 9.0.16 (9.0.1626.22923), X64 RyuJIT AVX2
  Job-HMXGET : .NET 9.0.16 (9.0.1626.22923), X64 RyuJIT AVX2
  ShortRun   : .NET 9.0.16 (9.0.1626.22923), X64 RyuJIT AVX2

WarmupCount=3  

| Method                        | Job        | IterationCount | LaunchCount | Mean        | Error       | StdDev    | Median      | Gen0   | Allocated |
|------------------------------ |----------- |--------------- |------------ |------------:|------------:|----------:|------------:|-------:|----------:|
| Static_Success_Access         | Job-HMXGET | 10             | Default     |   0.0000 ns |   0.0000 ns | 0.0000 ns |   0.0000 ns |      - |         - |
| Static_NoHandlers_Access      | Job-HMXGET | 10             | Default     |   0.2299 ns |   0.2720 ns | 0.1799 ns |   0.2056 ns |      - |         - |
| Static_Cancelled_Access       | Job-HMXGET | 10             | Default     |   0.0000 ns |   0.0000 ns | 0.0000 ns |   0.0000 ns |      - |         - |
| Static_Success_1000x          | Job-HMXGET | 10             | Default     | 225.0496 ns |   7.0804 ns | 3.7032 ns | 224.8203 ns |      - |         - |
| Exceptions_SingleException    | Job-HMXGET | 10             | Default     |  15.3748 ns |   0.2154 ns | 0.1424 ns |  15.3653 ns | 0.0042 |      80 B |
| Exceptions_MultipleExceptions | Job-HMXGET | 10             | Default     |  18.8190 ns |   0.7608 ns | 0.5032 ns |  18.8208 ns | 0.0042 |      80 B |
| Promise_Static_Success        | Job-HMXGET | 10             | Default     |   0.0289 ns |   0.0423 ns | 0.0280 ns |   0.0293 ns |      - |         - |
| Promise_Static_NoHandlers     | Job-HMXGET | 10             | Default     |   0.0717 ns |   0.1169 ns | 0.0773 ns |   0.0471 ns |      - |         - |
| Struct_CopyAndAccess          | Job-HMXGET | 10             | Default     |   0.0595 ns |   0.0429 ns | 0.0224 ns |   0.0697 ns |      - |         - |
| Static_Success_Access         | ShortRun   | 3              | 1           |   0.0000 ns |   0.0000 ns | 0.0000 ns |   0.0000 ns |      - |         - |
| Static_NoHandlers_Access      | ShortRun   | 3              | 1           |   0.0000 ns |   0.0000 ns | 0.0000 ns |   0.0000 ns |      - |         - |
| Static_Cancelled_Access       | ShortRun   | 3              | 1           |   0.0460 ns |   1.2237 ns | 0.0671 ns |   0.0150 ns |      - |         - |
| Static_Success_1000x          | ShortRun   | 3              | 1           | 239.3003 ns | 101.5657 ns | 5.5672 ns | 240.7357 ns |      - |         - |
| Exceptions_SingleException    | ShortRun   | 3              | 1           |  15.9511 ns |   7.7664 ns | 0.4257 ns |  16.1441 ns | 0.0042 |      80 B |
| Exceptions_MultipleExceptions | ShortRun   | 3              | 1           |  21.9452 ns |  11.2591 ns | 0.6171 ns |  21.8079 ns | 0.0042 |      80 B |
| Promise_Static_Success        | ShortRun   | 3              | 1           |   0.0257 ns |   0.7334 ns | 0.0402 ns |   0.0051 ns |      - |         - |
| Promise_Static_NoHandlers     | ShortRun   | 3              | 1           |   0.0000 ns |   0.0000 ns | 0.0000 ns |   0.0000 ns |      - |         - |
| Struct_CopyAndAccess          | ShortRun   | 3              | 1           |   0.0029 ns |   0.0913 ns | 0.0050 ns |   0.0000 ns |      - |         - |

// * Warnings *
ZeroMeasurement
  HandlingResultBenchmarks.Static_Success_Access: IterationCount=10, WarmupCount=3     -> The method duration is indistinguishable from the empty method duration
  HandlingResultBenchmarks.Static_NoHandlers_Access: IterationCount=10, WarmupCount=3  -> The method duration is indistinguishable from the empty method duration
  HandlingResultBenchmarks.Static_Cancelled_Access: IterationCount=10, WarmupCount=3   -> The method duration is indistinguishable from the empty method duration
  HandlingResultBenchmarks.Promise_Static_Success: IterationCount=10, WarmupCount=3    -> The method duration is indistinguishable from the empty method duration
  HandlingResultBenchmarks.Promise_Static_NoHandlers: IterationCount=10, WarmupCount=3 -> The method duration is indistinguishable from the empty method duration
  HandlingResultBenchmarks.Struct_CopyAndAccess: IterationCount=10, WarmupCount=3      -> The method duration is indistinguishable from the empty method duration
  HandlingResultBenchmarks.Static_Success_Access: ShortRun                             -> The method duration is indistinguishable from the empty method duration
  HandlingResultBenchmarks.Static_NoHandlers_Access: ShortRun                          -> The method duration is indistinguishable from the empty method duration
  HandlingResultBenchmarks.Static_Cancelled_Access: ShortRun                           -> The method duration is indistinguishable from the empty method duration
  HandlingResultBenchmarks.Promise_Static_Success: ShortRun                            -> The method duration is indistinguishable from the empty method duration
  HandlingResultBenchmarks.Promise_Static_NoHandlers: ShortRun                         -> The method duration is indistinguishable from the empty method duration
  HandlingResultBenchmarks.Struct_CopyAndAccess: ShortRun                              -> The method duration is indistinguishable from the empty method duration

// * Hints *
Outliers
  HandlingResultBenchmarks.Static_Success_Access: IterationCount=10, WarmupCount=3   -> 1 outlier  was  removed, 2 outliers were detected (0.92 ns, 1.04 ns)
  HandlingResultBenchmarks.Static_Cancelled_Access: IterationCount=10, WarmupCount=3 -> 2 outliers were removed (0.99 ns, 1.02 ns)
  HandlingResultBenchmarks.Static_Success_1000x: IterationCount=10, WarmupCount=3    -> 2 outliers were removed (243.94 ns, 267.39 ns)
  HandlingResultBenchmarks.Struct_CopyAndAccess: IterationCount=10, WarmupCount=3    -> 2 outliers were removed (1.11 ns, 1.12 ns)

// * Legends *
  Mean      : Arithmetic mean of all measurements
  Error     : Half of 99.9% confidence interval
  StdDev    : Standard deviation of all measurements
  Median    : Value separating the higher half of all measurements (50th percentile)
  Gen0      : GC Generation 0 collects per 1000 operations
  Allocated : Allocated memory per single operation (managed only, inclusive, 1KB = 1024B)
  1 ns      : 1 Nanosecond (0.000000001 sec)

// * Diagnostic Output - MemoryDiagnoser *


// ***** BenchmarkRunner: End *****
Run time: 00:05:15 (315.85 sec), executed benchmarks: 18

// Found 6 benchmarks:
//   MessageDispatchBenchmarks.Dispatch_1Handler_Sync: Job-HMXGET(IterationCount=10, WarmupCount=3)
//   MessageDispatchBenchmarks.Dispatch_5Handlers_Sync: Job-HMXGET(IterationCount=10, WarmupCount=3)
//   MessageDispatchBenchmarks.Dispatch_1000x_Throughput: Job-HMXGET(IterationCount=10, WarmupCount=3)
//   MessageDispatchBenchmarks.Dispatch_1Handler_Sync: ShortRun(IterationCount=3, LaunchCount=1, WarmupCount=3)
//   MessageDispatchBenchmarks.Dispatch_5Handlers_Sync: ShortRun(IterationCount=3, LaunchCount=1, WarmupCount=3)
//   MessageDispatchBenchmarks.Dispatch_1000x_Throughput: ShortRun(IterationCount=3, LaunchCount=1, WarmupCount=3)

Setup power plan (GUID: 8c5e7fda-e8bf-4a96-9a85-a6e23a8c635c FriendlyName: High performance)
// **************************
// Benchmark: MessageDispatchBenchmarks.Dispatch_1Handler_Sync: Job-HMXGET(IterationCount=10, WarmupCount=3)
// *** Execute ***
// Launch: 1 / 1
// Execute: dotnet 6c7ed3db-dd7f-401f-b526-5c0523d7f382.dll --anonymousPipes 1716 1584 --benchmarkName Chopsticks.Benchmarks.MessageDispatchBenchmarks.Dispatch_SingleHandler --job "IterationCount=10, WarmupCount=3" --benchmarkId 26 in A:\g\Chopsticks2\Native\Benchmarks\bin\Release\net9.0\6c7ed3db-dd7f-401f-b526-5c0523d7f382\bin\Release\net9.0
// BeforeAnythingElse

// Benchmark Process Environment Information:
// BenchmarkDotNet v0.14.0
// Runtime=.NET 9.0.16 (9.0.1626.22923), X64 RyuJIT AVX2
// GC=Concurrent Workstation
// HardwareIntrinsics=AVX2,AES,BMI1,BMI2,FMA,LZCNT,PCLMUL,POPCNT,AvxVnni,SERIALIZE VectorSize=256
// Job: Job-CDJODV(IterationCount=10, WarmupCount=3)

OverheadJitting  1: 1 op, 171100.00 ns, 171.1000 us/op
WorkloadJitting  1: 1 op, 1625800.00 ns, 1.6258 ms/op

OverheadJitting  2: 16 op, 164400.00 ns, 10.2750 us/op
WorkloadJitting  2: 16 op, 172100.00 ns, 10.7563 us/op

WorkloadPilot    1: 16 op, 6300.00 ns, 393.7500 ns/op
WorkloadPilot    2: 32 op, 15000.00 ns, 468.7500 ns/op
WorkloadPilot    3: 64 op, 15800.00 ns, 246.8750 ns/op
WorkloadPilot    4: 128 op, 35200.00 ns, 275.0000 ns/op
WorkloadPilot    5: 256 op, 78800.00 ns, 307.8125 ns/op
WorkloadPilot    6: 512 op, 149000.00 ns, 291.0156 ns/op
WorkloadPilot    7: 1024 op, 276700.00 ns, 270.2148 ns/op
WorkloadPilot    8: 2048 op, 435000.00 ns, 212.4023 ns/op
WorkloadPilot    9: 4096 op, 987400.00 ns, 241.0645 ns/op
WorkloadPilot   10: 8192 op, 1854600.00 ns, 226.3916 ns/op
WorkloadPilot   11: 16384 op, 3105700.00 ns, 189.5569 ns/op
WorkloadPilot   12: 32768 op, 7676100.00 ns, 234.2560 ns/op
WorkloadPilot   13: 65536 op, 12430400.00 ns, 189.6729 ns/op
WorkloadPilot   14: 131072 op, 17724300.00 ns, 135.2257 ns/op
WorkloadPilot   15: 262144 op, 36110400.00 ns, 137.7502 ns/op
WorkloadPilot   16: 524288 op, 70796900.00 ns, 135.0344 ns/op
WorkloadPilot   17: 1048576 op, 104479900.00 ns, 99.6398 ns/op
WorkloadPilot   18: 2097152 op, 109086600.00 ns, 52.0165 ns/op
WorkloadPilot   19: 4194304 op, 207784400.00 ns, 49.5397 ns/op
WorkloadPilot   20: 8388608 op, 412365400.00 ns, 49.1578 ns/op
WorkloadPilot   21: 16777216 op, 829087700.00 ns, 49.4175 ns/op

OverheadWarmup   1: 16777216 op, 28493100.00 ns, 1.6983 ns/op
OverheadWarmup   2: 16777216 op, 28251400.00 ns, 1.6839 ns/op
OverheadWarmup   3: 16777216 op, 28432100.00 ns, 1.6947 ns/op
OverheadWarmup   4: 16777216 op, 27930700.00 ns, 1.6648 ns/op
OverheadWarmup   5: 16777216 op, 27721100.00 ns, 1.6523 ns/op
OverheadWarmup   6: 16777216 op, 27554100.00 ns, 1.6424 ns/op
OverheadWarmup   7: 16777216 op, 27801900.00 ns, 1.6571 ns/op
OverheadWarmup   8: 16777216 op, 27795800.00 ns, 1.6568 ns/op

OverheadActual   1: 16777216 op, 27607100.00 ns, 1.6455 ns/op
OverheadActual   2: 16777216 op, 28944000.00 ns, 1.7252 ns/op
OverheadActual   3: 16777216 op, 27859900.00 ns, 1.6606 ns/op
OverheadActual   4: 16777216 op, 28778200.00 ns, 1.7153 ns/op
OverheadActual   5: 16777216 op, 28316000.00 ns, 1.6878 ns/op
OverheadActual   6: 16777216 op, 28035200.00 ns, 1.6710 ns/op
OverheadActual   7: 16777216 op, 28067400.00 ns, 1.6729 ns/op
OverheadActual   8: 16777216 op, 27889900.00 ns, 1.6624 ns/op
OverheadActual   9: 16777216 op, 27758100.00 ns, 1.6545 ns/op
OverheadActual  10: 16777216 op, 27720900.00 ns, 1.6523 ns/op
OverheadActual  11: 16777216 op, 23009600.00 ns, 1.3715 ns/op
OverheadActual  12: 16777216 op, 18478000.00 ns, 1.1014 ns/op
OverheadActual  13: 16777216 op, 16697000.00 ns, 0.9952 ns/op
OverheadActual  14: 16777216 op, 15955600.00 ns, 0.9510 ns/op
OverheadActual  15: 16777216 op, 16274000.00 ns, 0.9700 ns/op
OverheadActual  16: 16777216 op, 15929400.00 ns, 0.9495 ns/op
OverheadActual  17: 16777216 op, 15943200.00 ns, 0.9503 ns/op
OverheadActual  18: 16777216 op, 15921200.00 ns, 0.9490 ns/op
OverheadActual  19: 16777216 op, 16584900.00 ns, 0.9885 ns/op
OverheadActual  20: 16777216 op, 16656600.00 ns, 0.9928 ns/op

WorkloadWarmup   1: 16777216 op, 838003500.00 ns, 49.9489 ns/op
WorkloadWarmup   2: 16777216 op, 904913300.00 ns, 53.9370 ns/op
WorkloadWarmup   3: 16777216 op, 838881000.00 ns, 50.0012 ns/op

// BeforeActualRun
WorkloadActual   1: 16777216 op, 843666400.00 ns, 50.2864 ns/op
WorkloadActual   2: 16777216 op, 849619700.00 ns, 50.6413 ns/op
WorkloadActual   3: 16777216 op, 870882700.00 ns, 51.9087 ns/op
WorkloadActual   4: 16777216 op, 920498300.00 ns, 54.8660 ns/op
WorkloadActual   5: 16777216 op, 852217300.00 ns, 50.7961 ns/op
WorkloadActual   6: 16777216 op, 987357500.00 ns, 58.8511 ns/op
WorkloadActual   7: 16777216 op, 1066241100.00 ns, 63.5529 ns/op
WorkloadActual   8: 16777216 op, 935044500.00 ns, 55.7330 ns/op
WorkloadActual   9: 16777216 op, 908431800.00 ns, 54.1468 ns/op
WorkloadActual  10: 16777216 op, 837940000.00 ns, 49.9451 ns/op

// AfterActualRun
WorkloadResult   1: 16777216 op, 818358050.00 ns, 48.7779 ns/op
WorkloadResult   2: 16777216 op, 824311350.00 ns, 49.1328 ns/op
WorkloadResult   3: 16777216 op, 845574350.00 ns, 50.4002 ns/op
WorkloadResult   4: 16777216 op, 895189950.00 ns, 53.3575 ns/op
WorkloadResult   5: 16777216 op, 826908950.00 ns, 49.2876 ns/op
WorkloadResult   6: 16777216 op, 962049150.00 ns, 57.3426 ns/op
WorkloadResult   7: 16777216 op, 909736150.00 ns, 54.2245 ns/op
WorkloadResult   8: 16777216 op, 883123450.00 ns, 52.6383 ns/op
WorkloadResult   9: 16777216 op, 812631650.00 ns, 48.4366 ns/op
// GC:  278 0 0 5234491504 16777216
// Threading:  0 0 16777216

// AfterAll
// Benchmark Process 66932 has exited with code 0.

Mean = 51.511 ns, StdErr = 1.019 ns (1.98%), N = 9, StdDev = 3.058 ns
Min = 48.437 ns, Q1 = 49.133 ns, Median = 50.400 ns, Q3 = 53.357 ns, Max = 57.343 ns
IQR = 4.225 ns, LowerFence = 42.796 ns, UpperFence = 59.695 ns
ConfidenceInterval = [46.372 ns; 56.649 ns] (CI 99.9%), Margin = 5.139 ns (9.98% of Mean)
Skewness = 0.59, Kurtosis = 1.81, MValue = 2

// ** Remained 15 (35.7%) benchmark(s) to run. Estimated finish 2026-05-18 18:11 (0h 3m from now) **
Setup power plan (GUID: 8c5e7fda-e8bf-4a96-9a85-a6e23a8c635c FriendlyName: High performance)
// **************************
// Benchmark: MessageDispatchBenchmarks.Dispatch_5Handlers_Sync: Job-HMXGET(IterationCount=10, WarmupCount=3)
// *** Execute ***
// Launch: 1 / 1
// Execute: dotnet 6c7ed3db-dd7f-401f-b526-5c0523d7f382.dll --anonymousPipes 1964 1956 --benchmarkName Chopsticks.Benchmarks.MessageDispatchBenchmarks.Dispatch_FiveHandlers --job "IterationCount=10, WarmupCount=3" --benchmarkId 27 in A:\g\Chopsticks2\Native\Benchmarks\bin\Release\net9.0\6c7ed3db-dd7f-401f-b526-5c0523d7f382\bin\Release\net9.0
// BeforeAnythingElse

// Benchmark Process Environment Information:
// BenchmarkDotNet v0.14.0
// Runtime=.NET 9.0.16 (9.0.1626.22923), X64 RyuJIT AVX2
// GC=Concurrent Workstation
// HardwareIntrinsics=AVX2,AES,BMI1,BMI2,FMA,LZCNT,PCLMUL,POPCNT,AvxVnni,SERIALIZE VectorSize=256
// Job: Job-EFMMTL(IterationCount=10, WarmupCount=3)

OverheadJitting  1: 1 op, 179500.00 ns, 179.5000 us/op
WorkloadJitting  1: 1 op, 1756000.00 ns, 1.7560 ms/op

OverheadJitting  2: 16 op, 171000.00 ns, 10.6875 us/op
WorkloadJitting  2: 16 op, 186400.00 ns, 11.6500 us/op

WorkloadPilot    1: 16 op, 10300.00 ns, 643.7500 ns/op
WorkloadPilot    2: 32 op, 18200.00 ns, 568.7500 ns/op
WorkloadPilot    3: 64 op, 26000.00 ns, 406.2500 ns/op
WorkloadPilot    4: 128 op, 63900.00 ns, 499.2188 ns/op
WorkloadPilot    5: 256 op, 127800.00 ns, 499.2188 ns/op
WorkloadPilot    6: 512 op, 221100.00 ns, 431.8359 ns/op
WorkloadPilot    7: 1024 op, 436900.00 ns, 426.6602 ns/op
WorkloadPilot    8: 2048 op, 781900.00 ns, 381.7871 ns/op
WorkloadPilot    9: 4096 op, 1555300.00 ns, 379.7119 ns/op
WorkloadPilot   10: 8192 op, 3285600.00 ns, 401.0742 ns/op
WorkloadPilot   11: 16384 op, 5465500.00 ns, 333.5876 ns/op
WorkloadPilot   12: 32768 op, 13650300.00 ns, 416.5741 ns/op
WorkloadPilot   13: 65536 op, 22893200.00 ns, 349.3225 ns/op
WorkloadPilot   14: 131072 op, 35298600.00 ns, 269.3069 ns/op
WorkloadPilot   15: 262144 op, 73624500.00 ns, 280.8552 ns/op
WorkloadPilot   16: 524288 op, 99978800.00 ns, 190.6944 ns/op
WorkloadPilot   17: 1048576 op, 99767200.00 ns, 95.1454 ns/op
WorkloadPilot   18: 2097152 op, 202282700.00 ns, 96.4559 ns/op
WorkloadPilot   19: 4194304 op, 388458700.00 ns, 92.6158 ns/op
WorkloadPilot   20: 8388608 op, 755806600.00 ns, 90.0992 ns/op

OverheadWarmup   1: 8388608 op, 13983200.00 ns, 1.6669 ns/op
OverheadWarmup   2: 8388608 op, 14322200.00 ns, 1.7073 ns/op
OverheadWarmup   3: 8388608 op, 14043900.00 ns, 1.6742 ns/op
OverheadWarmup   4: 8388608 op, 13955700.00 ns, 1.6636 ns/op
OverheadWarmup   5: 8388608 op, 14919700.00 ns, 1.7786 ns/op
OverheadWarmup   6: 8388608 op, 14200500.00 ns, 1.6928 ns/op

OverheadActual   1: 8388608 op, 14416700.00 ns, 1.7186 ns/op
OverheadActual   2: 8388608 op, 14131500.00 ns, 1.6846 ns/op
OverheadActual   3: 8388608 op, 14562400.00 ns, 1.7360 ns/op
OverheadActual   4: 8388608 op, 14595700.00 ns, 1.7399 ns/op
OverheadActual   5: 8388608 op, 14444800.00 ns, 1.7220 ns/op
OverheadActual   6: 8388608 op, 14222300.00 ns, 1.6954 ns/op
OverheadActual   7: 8388608 op, 14785800.00 ns, 1.7626 ns/op
OverheadActual   8: 8388608 op, 13879700.00 ns, 1.6546 ns/op
OverheadActual   9: 8388608 op, 14009800.00 ns, 1.6701 ns/op
OverheadActual  10: 8388608 op, 13874600.00 ns, 1.6540 ns/op
OverheadActual  11: 8388608 op, 13935000.00 ns, 1.6612 ns/op
OverheadActual  12: 8388608 op, 14031000.00 ns, 1.6726 ns/op
OverheadActual  13: 8388608 op, 13876900.00 ns, 1.6543 ns/op
OverheadActual  14: 8388608 op, 14486200.00 ns, 1.7269 ns/op
OverheadActual  15: 8388608 op, 14201100.00 ns, 1.6929 ns/op

WorkloadWarmup   1: 8388608 op, 785242900.00 ns, 93.6082 ns/op
WorkloadWarmup   2: 8388608 op, 809800700.00 ns, 96.5358 ns/op
WorkloadWarmup   3: 8388608 op, 827151000.00 ns, 98.6041 ns/op

// BeforeActualRun
WorkloadActual   1: 8388608 op, 775840900.00 ns, 92.4874 ns/op
WorkloadActual   2: 8388608 op, 800333800.00 ns, 95.4072 ns/op
WorkloadActual   3: 8388608 op, 754422000.00 ns, 89.9341 ns/op
WorkloadActual   4: 8388608 op, 783681400.00 ns, 93.4221 ns/op
WorkloadActual   5: 8388608 op, 842260800.00 ns, 100.4053 ns/op
WorkloadActual   6: 8388608 op, 797392300.00 ns, 95.0566 ns/op
WorkloadActual   7: 8388608 op, 774426200.00 ns, 92.3188 ns/op
WorkloadActual   8: 8388608 op, 793788900.00 ns, 94.6270 ns/op
WorkloadActual   9: 8388608 op, 789016400.00 ns, 94.0581 ns/op
WorkloadActual  10: 8388608 op, 791460000.00 ns, 94.3494 ns/op

// AfterActualRun
WorkloadResult   1: 8388608 op, 761639800.00 ns, 90.7945 ns/op
WorkloadResult   2: 8388608 op, 786132700.00 ns, 93.7143 ns/op
WorkloadResult   3: 8388608 op, 740220900.00 ns, 88.2412 ns/op
WorkloadResult   4: 8388608 op, 769480300.00 ns, 91.7292 ns/op
WorkloadResult   5: 8388608 op, 783191200.00 ns, 93.3637 ns/op
WorkloadResult   6: 8388608 op, 760225100.00 ns, 90.6259 ns/op
WorkloadResult   7: 8388608 op, 779587800.00 ns, 92.9341 ns/op
WorkloadResult   8: 8388608 op, 774815300.00 ns, 92.3652 ns/op
WorkloadResult   9: 8388608 op, 777258900.00 ns, 92.6565 ns/op
// GC:  153 0 0 2885681264 8388608
// Threading:  0 0 8388608

// AfterAll
// Benchmark Process 58664 has exited with code 0.

Mean = 91.825 ns, StdErr = 0.571 ns (0.62%), N = 9, StdDev = 1.714 ns
Min = 88.241 ns, Q1 = 90.795 ns, Median = 92.365 ns, Q3 = 92.934 ns, Max = 93.714 ns
IQR = 2.140 ns, LowerFence = 87.585 ns, UpperFence = 96.143 ns
ConfidenceInterval = [88.945 ns; 94.705 ns] (CI 99.9%), Margin = 2.880 ns (3.14% of Mean)
Skewness = -0.8, Kurtosis = 2.43, MValue = 2

// ** Remained 14 (33.3%) benchmark(s) to run. Estimated finish 2026-05-18 18:11 (0h 3m from now) **
Setup power plan (GUID: 8c5e7fda-e8bf-4a96-9a85-a6e23a8c635c FriendlyName: High performance)
// **************************
// Benchmark: MessageDispatchBenchmarks.Dispatch_1000x_Throughput: Job-HMXGET(IterationCount=10, WarmupCount=3)
// *** Execute ***
// Launch: 1 / 1
// Execute: dotnet 6c7ed3db-dd7f-401f-b526-5c0523d7f382.dll --anonymousPipes 1988 1940 --benchmarkName Chopsticks.Benchmarks.MessageDispatchBenchmarks.Dispatch_Throughput --job "IterationCount=10, WarmupCount=3" --benchmarkId 28 in A:\g\Chopsticks2\Native\Benchmarks\bin\Release\net9.0\6c7ed3db-dd7f-401f-b526-5c0523d7f382\bin\Release\net9.0
// BeforeAnythingElse

// Benchmark Process Environment Information:
// BenchmarkDotNet v0.14.0
// Runtime=.NET 9.0.16 (9.0.1626.22923), X64 RyuJIT AVX2
// GC=Concurrent Workstation
// HardwareIntrinsics=AVX2,AES,BMI1,BMI2,FMA,LZCNT,PCLMUL,POPCNT,AvxVnni,SERIALIZE VectorSize=256
// Job: Job-MKARPJ(IterationCount=10, WarmupCount=3)

OverheadJitting  1: 1 op, 175500.00 ns, 175.5000 us/op
WorkloadJitting  1: 1 op, 1824600.00 ns, 1.8246 ms/op

OverheadJitting  2: 16 op, 238700.00 ns, 14.9188 us/op
WorkloadJitting  2: 16 op, 4846100.00 ns, 302.8813 us/op

WorkloadPilot    1: 16 op, 3747000.00 ns, 234.1875 us/op
WorkloadPilot    2: 32 op, 6866400.00 ns, 214.5750 us/op
WorkloadPilot    3: 64 op, 12940000.00 ns, 202.1875 us/op
WorkloadPilot    4: 128 op, 17141500.00 ns, 133.9180 us/op
WorkloadPilot    5: 256 op, 33612900.00 ns, 131.3004 us/op
WorkloadPilot    6: 512 op, 63733700.00 ns, 124.4799 us/op
WorkloadPilot    7: 1024 op, 46223300.00 ns, 45.1399 us/op
WorkloadPilot    8: 2048 op, 92317000.00 ns, 45.0767 us/op
WorkloadPilot    9: 4096 op, 191079200.00 ns, 46.6502 us/op
WorkloadPilot   10: 8192 op, 403129500.00 ns, 49.2101 us/op
WorkloadPilot   11: 16384 op, 810659600.00 ns, 49.4787 us/op

OverheadWarmup   1: 16384 op, 30600.00 ns, 1.8677 ns/op
OverheadWarmup   2: 16384 op, 28700.00 ns, 1.7517 ns/op
OverheadWarmup   3: 16384 op, 33900.00 ns, 2.0691 ns/op
OverheadWarmup   4: 16384 op, 28700.00 ns, 1.7517 ns/op
OverheadWarmup   5: 16384 op, 29100.00 ns, 1.7761 ns/op
OverheadWarmup   6: 16384 op, 33900.00 ns, 2.0691 ns/op
OverheadWarmup   7: 16384 op, 29300.00 ns, 1.7883 ns/op

OverheadActual   1: 16384 op, 29400.00 ns, 1.7944 ns/op
OverheadActual   2: 16384 op, 29700.00 ns, 1.8127 ns/op
OverheadActual   3: 16384 op, 33300.00 ns, 2.0325 ns/op
OverheadActual   4: 16384 op, 29200.00 ns, 1.7822 ns/op
OverheadActual   5: 16384 op, 29200.00 ns, 1.7822 ns/op
OverheadActual   6: 16384 op, 29300.00 ns, 1.7883 ns/op
OverheadActual   7: 16384 op, 29400.00 ns, 1.7944 ns/op
OverheadActual   8: 16384 op, 78000.00 ns, 4.7607 ns/op
OverheadActual   9: 16384 op, 29300.00 ns, 1.7883 ns/op
OverheadActual  10: 16384 op, 29100.00 ns, 1.7761 ns/op
OverheadActual  11: 16384 op, 28600.00 ns, 1.7456 ns/op
OverheadActual  12: 16384 op, 29300.00 ns, 1.7883 ns/op
OverheadActual  13: 16384 op, 33300.00 ns, 2.0325 ns/op
OverheadActual  14: 16384 op, 24500.00 ns, 1.4954 ns/op
OverheadActual  15: 16384 op, 29500.00 ns, 1.8005 ns/op
OverheadActual  16: 16384 op, 29500.00 ns, 1.8005 ns/op
OverheadActual  17: 16384 op, 29600.00 ns, 1.8066 ns/op
OverheadActual  18: 16384 op, 31400.00 ns, 1.9165 ns/op
OverheadActual  19: 16384 op, 29100.00 ns, 1.7761 ns/op

WorkloadWarmup   1: 16384 op, 780938200.00 ns, 47.6647 us/op
WorkloadWarmup   2: 16384 op, 743056300.00 ns, 45.3526 us/op
WorkloadWarmup   3: 16384 op, 755074800.00 ns, 46.0861 us/op

// BeforeActualRun
WorkloadActual   1: 16384 op, 775832000.00 ns, 47.3530 us/op
WorkloadActual   2: 16384 op, 712185300.00 ns, 43.4683 us/op
WorkloadActual   3: 16384 op, 750528900.00 ns, 45.8086 us/op
WorkloadActual   4: 16384 op, 718872000.00 ns, 43.8765 us/op
WorkloadActual   5: 16384 op, 761880200.00 ns, 46.5015 us/op
WorkloadActual   6: 16384 op, 720494300.00 ns, 43.9755 us/op
WorkloadActual   7: 16384 op, 799308200.00 ns, 48.7859 us/op
WorkloadActual   8: 16384 op, 749445400.00 ns, 45.7425 us/op
WorkloadActual   9: 16384 op, 742375900.00 ns, 45.3110 us/op
WorkloadActual  10: 16384 op, 749171800.00 ns, 45.7258 us/op

// AfterActualRun
WorkloadResult   1: 16384 op, 775802600.00 ns, 47.3512 us/op
WorkloadResult   2: 16384 op, 712155900.00 ns, 43.4665 us/op
WorkloadResult   3: 16384 op, 750499500.00 ns, 45.8069 us/op
WorkloadResult   4: 16384 op, 718842600.00 ns, 43.8747 us/op
WorkloadResult   5: 16384 op, 761850800.00 ns, 46.4997 us/op
WorkloadResult   6: 16384 op, 720464900.00 ns, 43.9737 us/op
WorkloadResult   7: 16384 op, 799278800.00 ns, 48.7841 us/op
WorkloadResult   8: 16384 op, 749416000.00 ns, 45.7407 us/op
WorkloadResult   9: 16384 op, 742346500.00 ns, 45.3092 us/op
WorkloadResult  10: 16384 op, 749142400.00 ns, 45.7240 us/op
// GC:  271 0 0 5111808400 16384
// Threading:  0 0 16384

// AfterAll
// Benchmark Process 64276 has exited with code 0.

Mean = 45.653 μs, StdErr = 0.520 μs (1.14%), N = 10, StdDev = 1.644 μs
Min = 43.467 μs, Q1 = 44.308 μs, Median = 45.732 μs, Q3 = 46.326 μs, Max = 48.784 μs
IQR = 2.019 μs, LowerFence = 41.279 μs, UpperFence = 49.355 μs
ConfidenceInterval = [43.168 μs; 48.138 μs] (CI 99.9%), Margin = 2.485 μs (5.44% of Mean)
Skewness = 0.35, Kurtosis = 2, MValue = 2

// ** Remained 13 (31.0%) benchmark(s) to run. Estimated finish 2026-05-18 18:11 (0h 3m from now) **
Setup power plan (GUID: 8c5e7fda-e8bf-4a96-9a85-a6e23a8c635c FriendlyName: High performance)
// **************************
// Benchmark: MessageDispatchBenchmarks.Dispatch_1Handler_Sync: ShortRun(IterationCount=3, LaunchCount=1, WarmupCount=3)
// *** Execute ***
// Launch: 1 / 1
// Execute: dotnet 6c7ed3db-dd7f-401f-b526-5c0523d7f382.dll --anonymousPipes 1976 1968 --benchmarkName Chopsticks.Benchmarks.MessageDispatchBenchmarks.Dispatch_SingleHandler --job ShortRun --benchmarkId 29 in A:\g\Chopsticks2\Native\Benchmarks\bin\Release\net9.0\6c7ed3db-dd7f-401f-b526-5c0523d7f382\bin\Release\net9.0
// BeforeAnythingElse

// Benchmark Process Environment Information:
// BenchmarkDotNet v0.14.0
// Runtime=.NET 9.0.16 (9.0.1626.22923), X64 RyuJIT AVX2
// GC=Concurrent Workstation
// HardwareIntrinsics=AVX2,AES,BMI1,BMI2,FMA,LZCNT,PCLMUL,POPCNT,AvxVnni,SERIALIZE VectorSize=256
// Job: ShortRun(IterationCount=3, LaunchCount=1, WarmupCount=3)

OverheadJitting  1: 1 op, 184100.00 ns, 184.1000 us/op
WorkloadJitting  1: 1 op, 1521300.00 ns, 1.5213 ms/op

OverheadJitting  2: 16 op, 164200.00 ns, 10.2625 us/op
WorkloadJitting  2: 16 op, 215500.00 ns, 13.4688 us/op

WorkloadPilot    1: 16 op, 7100.00 ns, 443.7500 ns/op
WorkloadPilot    2: 32 op, 12000.00 ns, 375.0000 ns/op
WorkloadPilot    3: 64 op, 19800.00 ns, 309.3750 ns/op
WorkloadPilot    4: 128 op, 37100.00 ns, 289.8438 ns/op
WorkloadPilot    5: 256 op, 79900.00 ns, 312.1094 ns/op
WorkloadPilot    6: 512 op, 140200.00 ns, 273.8281 ns/op
WorkloadPilot    7: 1024 op, 268000.00 ns, 261.7188 ns/op
WorkloadPilot    8: 2048 op, 472800.00 ns, 230.8594 ns/op
WorkloadPilot    9: 4096 op, 951500.00 ns, 232.2998 ns/op
WorkloadPilot   10: 8192 op, 1805500.00 ns, 220.3979 ns/op
WorkloadPilot   11: 16384 op, 3705300.00 ns, 226.1536 ns/op
WorkloadPilot   12: 32768 op, 8331700.00 ns, 254.2633 ns/op
WorkloadPilot   13: 65536 op, 13022900.00 ns, 198.7137 ns/op
WorkloadPilot   14: 131072 op, 17323600.00 ns, 132.1686 ns/op
WorkloadPilot   15: 262144 op, 33266700.00 ns, 126.9024 ns/op
WorkloadPilot   16: 524288 op, 67802300.00 ns, 129.3226 ns/op
WorkloadPilot   17: 1048576 op, 112625100.00 ns, 107.4077 ns/op
WorkloadPilot   18: 2097152 op, 113843200.00 ns, 54.2847 ns/op
WorkloadPilot   19: 4194304 op, 225041700.00 ns, 53.6541 ns/op
WorkloadPilot   20: 8388608 op, 467126400.00 ns, 55.6858 ns/op
WorkloadPilot   21: 16777216 op, 858477700.00 ns, 51.1693 ns/op

OverheadWarmup   1: 16777216 op, 28549000.00 ns, 1.7017 ns/op
OverheadWarmup   2: 16777216 op, 28292900.00 ns, 1.6864 ns/op
OverheadWarmup   3: 16777216 op, 27636800.00 ns, 1.6473 ns/op
OverheadWarmup   4: 16777216 op, 28519600.00 ns, 1.6999 ns/op
OverheadWarmup   5: 16777216 op, 27955200.00 ns, 1.6663 ns/op
OverheadWarmup   6: 16777216 op, 28108900.00 ns, 1.6754 ns/op
OverheadWarmup   7: 16777216 op, 27690600.00 ns, 1.6505 ns/op

OverheadActual   1: 16777216 op, 27540600.00 ns, 1.6415 ns/op
OverheadActual   2: 16777216 op, 27685700.00 ns, 1.6502 ns/op
OverheadActual   3: 16777216 op, 27718200.00 ns, 1.6521 ns/op
OverheadActual   4: 16777216 op, 28779800.00 ns, 1.7154 ns/op
OverheadActual   5: 16777216 op, 27821400.00 ns, 1.6583 ns/op
OverheadActual   6: 16777216 op, 27757400.00 ns, 1.6545 ns/op
OverheadActual   7: 16777216 op, 27813200.00 ns, 1.6578 ns/op
OverheadActual   8: 16777216 op, 27761100.00 ns, 1.6547 ns/op
OverheadActual   9: 16777216 op, 21980100.00 ns, 1.3101 ns/op
OverheadActual  10: 16777216 op, 18300600.00 ns, 1.0908 ns/op
OverheadActual  11: 16777216 op, 16629400.00 ns, 0.9912 ns/op
OverheadActual  12: 16777216 op, 17226400.00 ns, 1.0268 ns/op
OverheadActual  13: 16777216 op, 16328000.00 ns, 0.9732 ns/op
OverheadActual  14: 16777216 op, 16376000.00 ns, 0.9761 ns/op
OverheadActual  15: 16777216 op, 16300600.00 ns, 0.9716 ns/op
OverheadActual  16: 16777216 op, 17054600.00 ns, 1.0165 ns/op
OverheadActual  17: 16777216 op, 16304500.00 ns, 0.9718 ns/op
OverheadActual  18: 16777216 op, 16301100.00 ns, 0.9716 ns/op
OverheadActual  19: 16777216 op, 16521900.00 ns, 0.9848 ns/op
OverheadActual  20: 16777216 op, 16313900.00 ns, 0.9724 ns/op

WorkloadWarmup   1: 16777216 op, 894099700.00 ns, 53.2925 ns/op
WorkloadWarmup   2: 16777216 op, 859988500.00 ns, 51.2593 ns/op
WorkloadWarmup   3: 16777216 op, 864412400.00 ns, 51.5230 ns/op

// BeforeActualRun
WorkloadActual   1: 16777216 op, 926920200.00 ns, 55.2487 ns/op
WorkloadActual   2: 16777216 op, 884457200.00 ns, 52.7178 ns/op
WorkloadActual   3: 16777216 op, 870934900.00 ns, 51.9118 ns/op

// AfterActualRun
WorkloadResult   1: 16777216 op, 909156700.00 ns, 54.1900 ns/op
WorkloadResult   2: 16777216 op, 866693700.00 ns, 51.6590 ns/op
WorkloadResult   3: 16777216 op, 853171400.00 ns, 50.8530 ns/op
// GC:  278 0 0 5234491792 16777216
// Threading:  0 0 16777216

// AfterAll
// Benchmark Process 63332 has exited with code 0.

Mean = 52.234 ns, StdErr = 1.005 ns (1.92%), N = 3, StdDev = 1.741 ns
Min = 50.853 ns, Q1 = 51.256 ns, Median = 51.659 ns, Q3 = 52.924 ns, Max = 54.190 ns
IQR = 1.668 ns, LowerFence = 48.753 ns, UpperFence = 55.427 ns
ConfidenceInterval = [20.468 ns; 84.000 ns] (CI 99.9%), Margin = 31.766 ns (60.82% of Mean)
Skewness = 0.29, Kurtosis = 0.67, MValue = 2

// ** Remained 12 (28.6%) benchmark(s) to run. Estimated finish 2026-05-18 18:11 (0h 3m from now) **
Setup power plan (GUID: 8c5e7fda-e8bf-4a96-9a85-a6e23a8c635c FriendlyName: High performance)
// **************************
// Benchmark: MessageDispatchBenchmarks.Dispatch_5Handlers_Sync: ShortRun(IterationCount=3, LaunchCount=1, WarmupCount=3)
// *** Execute ***
// Launch: 1 / 1
// Execute: dotnet 6c7ed3db-dd7f-401f-b526-5c0523d7f382.dll --anonymousPipes 1960 1612 --benchmarkName Chopsticks.Benchmarks.MessageDispatchBenchmarks.Dispatch_FiveHandlers --job ShortRun --benchmarkId 30 in A:\g\Chopsticks2\Native\Benchmarks\bin\Release\net9.0\6c7ed3db-dd7f-401f-b526-5c0523d7f382\bin\Release\net9.0
// BeforeAnythingElse

// Benchmark Process Environment Information:
// BenchmarkDotNet v0.14.0
// Runtime=.NET 9.0.16 (9.0.1626.22923), X64 RyuJIT AVX2
// GC=Concurrent Workstation
// HardwareIntrinsics=AVX2,AES,BMI1,BMI2,FMA,LZCNT,PCLMUL,POPCNT,AvxVnni,SERIALIZE VectorSize=256
// Job: ShortRun(IterationCount=3, LaunchCount=1, WarmupCount=3)

OverheadJitting  1: 1 op, 167000.00 ns, 167.0000 us/op
WorkloadJitting  1: 1 op, 1457700.00 ns, 1.4577 ms/op

OverheadJitting  2: 16 op, 215200.00 ns, 13.4500 us/op
WorkloadJitting  2: 16 op, 179300.00 ns, 11.2063 us/op

WorkloadPilot    1: 16 op, 8000.00 ns, 500.0000 ns/op
WorkloadPilot    2: 32 op, 20900.00 ns, 653.1250 ns/op
WorkloadPilot    3: 64 op, 30900.00 ns, 482.8125 ns/op
WorkloadPilot    4: 128 op, 61900.00 ns, 483.5938 ns/op
WorkloadPilot    5: 256 op, 154300.00 ns, 602.7344 ns/op
WorkloadPilot    6: 512 op, 196500.00 ns, 383.7891 ns/op
WorkloadPilot    7: 1024 op, 392900.00 ns, 383.6914 ns/op
WorkloadPilot    8: 2048 op, 712100.00 ns, 347.7051 ns/op
WorkloadPilot    9: 4096 op, 1431700.00 ns, 349.5361 ns/op
WorkloadPilot   10: 8192 op, 2867700.00 ns, 350.0610 ns/op
WorkloadPilot   11: 16384 op, 6116800.00 ns, 373.3398 ns/op
WorkloadPilot   12: 32768 op, 12512500.00 ns, 381.8512 ns/op
WorkloadPilot   13: 65536 op, 23288600.00 ns, 355.3558 ns/op
WorkloadPilot   14: 131072 op, 37201000.00 ns, 283.8211 ns/op
WorkloadPilot   15: 262144 op, 59634400.00 ns, 227.4872 ns/op
WorkloadPilot   16: 524288 op, 50131000.00 ns, 95.6173 ns/op
WorkloadPilot   17: 1048576 op, 95297800.00 ns, 90.8831 ns/op
WorkloadPilot   18: 2097152 op, 193925000.00 ns, 92.4706 ns/op
WorkloadPilot   19: 4194304 op, 401617000.00 ns, 95.7530 ns/op
WorkloadPilot   20: 8388608 op, 789805300.00 ns, 94.1521 ns/op

OverheadWarmup   1: 8388608 op, 14428300.00 ns, 1.7200 ns/op
OverheadWarmup   2: 8388608 op, 14299300.00 ns, 1.7046 ns/op
OverheadWarmup   3: 8388608 op, 14315600.00 ns, 1.7066 ns/op
OverheadWarmup   4: 8388608 op, 13984900.00 ns, 1.6671 ns/op
OverheadWarmup   5: 8388608 op, 14562600.00 ns, 1.7360 ns/op
OverheadWarmup   6: 8388608 op, 14391900.00 ns, 1.7156 ns/op

OverheadActual   1: 8388608 op, 14368800.00 ns, 1.7129 ns/op
OverheadActual   2: 8388608 op, 14533000.00 ns, 1.7325 ns/op
OverheadActual   3: 8388608 op, 14579400.00 ns, 1.7380 ns/op
OverheadActual   4: 8388608 op, 14963800.00 ns, 1.7838 ns/op
OverheadActual   5: 8388608 op, 14741900.00 ns, 1.7574 ns/op
OverheadActual   6: 8388608 op, 15003900.00 ns, 1.7886 ns/op
OverheadActual   7: 8388608 op, 14593300.00 ns, 1.7397 ns/op
OverheadActual   8: 8388608 op, 14639700.00 ns, 1.7452 ns/op
OverheadActual   9: 8388608 op, 14145600.00 ns, 1.6863 ns/op
OverheadActual  10: 8388608 op, 14271300.00 ns, 1.7013 ns/op
OverheadActual  11: 8388608 op, 14777100.00 ns, 1.7616 ns/op
OverheadActual  12: 8388608 op, 14475100.00 ns, 1.7256 ns/op
OverheadActual  13: 8388608 op, 15060600.00 ns, 1.7954 ns/op
OverheadActual  14: 8388608 op, 15026900.00 ns, 1.7913 ns/op
OverheadActual  15: 8388608 op, 14871700.00 ns, 1.7728 ns/op

WorkloadWarmup   1: 8388608 op, 811933100.00 ns, 96.7900 ns/op
WorkloadWarmup   2: 8388608 op, 812655000.00 ns, 96.8760 ns/op
WorkloadWarmup   3: 8388608 op, 814966300.00 ns, 97.1516 ns/op

// BeforeActualRun
WorkloadActual   1: 8388608 op, 882111200.00 ns, 105.1558 ns/op
WorkloadActual   2: 8388608 op, 812766500.00 ns, 96.8893 ns/op
WorkloadActual   3: 8388608 op, 786468800.00 ns, 93.7544 ns/op

// AfterActualRun
WorkloadResult   1: 8388608 op, 867471500.00 ns, 103.4107 ns/op
WorkloadResult   2: 8388608 op, 798126800.00 ns, 95.1441 ns/op
WorkloadResult   3: 8388608 op, 771829100.00 ns, 92.0092 ns/op
// GC:  153 0 0 2885681552 8388608
// Threading:  0 0 8388608

// AfterAll
// Benchmark Process 13036 has exited with code 0.

Mean = 96.855 ns, StdErr = 3.401 ns (3.51%), N = 3, StdDev = 5.890 ns
Min = 92.009 ns, Q1 = 93.577 ns, Median = 95.144 ns, Q3 = 99.277 ns, Max = 103.411 ns
IQR = 5.701 ns, LowerFence = 85.026 ns, UpperFence = 107.828 ns
ConfidenceInterval = [-10.602 ns; 204.311 ns] (CI 99.9%), Margin = 107.457 ns (110.95% of Mean)
Skewness = 0.27, Kurtosis = 0.67, MValue = 2

// ** Remained 11 (26.2%) benchmark(s) to run. Estimated finish 2026-05-18 18:10 (0h 2m from now) **
Setup power plan (GUID: 8c5e7fda-e8bf-4a96-9a85-a6e23a8c635c FriendlyName: High performance)
// **************************
// Benchmark: MessageDispatchBenchmarks.Dispatch_1000x_Throughput: ShortRun(IterationCount=3, LaunchCount=1, WarmupCount=3)
// *** Execute ***
// Launch: 1 / 1
// Execute: dotnet 6c7ed3db-dd7f-401f-b526-5c0523d7f382.dll --anonymousPipes 2052 1960 --benchmarkName Chopsticks.Benchmarks.MessageDispatchBenchmarks.Dispatch_Throughput --job ShortRun --benchmarkId 31 in A:\g\Chopsticks2\Native\Benchmarks\bin\Release\net9.0\6c7ed3db-dd7f-401f-b526-5c0523d7f382\bin\Release\net9.0
// BeforeAnythingElse

// Benchmark Process Environment Information:
// BenchmarkDotNet v0.14.0
// Runtime=.NET 9.0.16 (9.0.1626.22923), X64 RyuJIT AVX2
// GC=Concurrent Workstation
// HardwareIntrinsics=AVX2,AES,BMI1,BMI2,FMA,LZCNT,PCLMUL,POPCNT,AvxVnni,SERIALIZE VectorSize=256
// Job: ShortRun(IterationCount=3, LaunchCount=1, WarmupCount=3)

OverheadJitting  1: 1 op, 181400.00 ns, 181.4000 us/op
WorkloadJitting  1: 1 op, 2235200.00 ns, 2.2352 ms/op

OverheadJitting  2: 16 op, 328000.00 ns, 20.5000 us/op
WorkloadJitting  2: 16 op, 5204300.00 ns, 325.2688 us/op

WorkloadPilot    1: 16 op, 3941000.00 ns, 246.3125 us/op
WorkloadPilot    2: 32 op, 6458500.00 ns, 201.8281 us/op
WorkloadPilot    3: 64 op, 14605600.00 ns, 228.2125 us/op
WorkloadPilot    4: 128 op, 17256800.00 ns, 134.8188 us/op
WorkloadPilot    5: 256 op, 33359400.00 ns, 130.3102 us/op
WorkloadPilot    6: 512 op, 67248700.00 ns, 131.3451 us/op
WorkloadPilot    7: 1024 op, 106631400.00 ns, 104.1322 us/op
WorkloadPilot    8: 2048 op, 91393300.00 ns, 44.6256 us/op
WorkloadPilot    9: 4096 op, 186146400.00 ns, 45.4459 us/op
WorkloadPilot   10: 8192 op, 368077100.00 ns, 44.9313 us/op
WorkloadPilot   11: 16384 op, 770198200.00 ns, 47.0092 us/op

OverheadWarmup   1: 16384 op, 29000.00 ns, 1.7700 ns/op
OverheadWarmup   2: 16384 op, 27800.00 ns, 1.6968 ns/op
OverheadWarmup   3: 16384 op, 32300.00 ns, 1.9714 ns/op
OverheadWarmup   4: 16384 op, 28200.00 ns, 1.7212 ns/op
OverheadWarmup   5: 16384 op, 28700.00 ns, 1.7517 ns/op
OverheadWarmup   6: 16384 op, 37900.00 ns, 2.3132 ns/op
OverheadWarmup   7: 16384 op, 28300.00 ns, 1.7273 ns/op

OverheadActual   1: 16384 op, 28600.00 ns, 1.7456 ns/op
OverheadActual   2: 16384 op, 29000.00 ns, 1.7700 ns/op
OverheadActual   3: 16384 op, 24300.00 ns, 1.4832 ns/op
OverheadActual   4: 16384 op, 31500.00 ns, 1.9226 ns/op
OverheadActual   5: 16384 op, 32200.00 ns, 1.9653 ns/op
OverheadActual   6: 16384 op, 28900.00 ns, 1.7639 ns/op
OverheadActual   7: 16384 op, 28400.00 ns, 1.7334 ns/op
OverheadActual   8: 16384 op, 28300.00 ns, 1.7273 ns/op
OverheadActual   9: 16384 op, 32200.00 ns, 1.9653 ns/op
OverheadActual  10: 16384 op, 32500.00 ns, 1.9836 ns/op
OverheadActual  11: 16384 op, 28400.00 ns, 1.7334 ns/op
OverheadActual  12: 16384 op, 27900.00 ns, 1.7029 ns/op
OverheadActual  13: 16384 op, 28300.00 ns, 1.7273 ns/op
OverheadActual  14: 16384 op, 28500.00 ns, 1.7395 ns/op
OverheadActual  15: 16384 op, 28200.00 ns, 1.7212 ns/op
OverheadActual  16: 16384 op, 28200.00 ns, 1.7212 ns/op
OverheadActual  17: 16384 op, 28300.00 ns, 1.7273 ns/op
OverheadActual  18: 16384 op, 29500.00 ns, 1.8005 ns/op

WorkloadWarmup   1: 16384 op, 751560600.00 ns, 45.8716 us/op
WorkloadWarmup   2: 16384 op, 790735400.00 ns, 48.2627 us/op
WorkloadWarmup   3: 16384 op, 781643300.00 ns, 47.7077 us/op

// BeforeActualRun
WorkloadActual   1: 16384 op, 777133600.00 ns, 47.4325 us/op
WorkloadActual   2: 16384 op, 770888300.00 ns, 47.0513 us/op
WorkloadActual   3: 16384 op, 791850500.00 ns, 48.3307 us/op

// AfterActualRun
WorkloadResult   1: 16384 op, 777105150.00 ns, 47.4307 us/op
WorkloadResult   2: 16384 op, 770859850.00 ns, 47.0496 us/op
WorkloadResult   3: 16384 op, 791822050.00 ns, 48.3290 us/op
// GC:  271 0 0 5111808400 16384
// Threading:  0 0 16384

// AfterAll
// Benchmark Process 48404 has exited with code 0.

Mean = 47.603 μs, StdErr = 0.379 μs (0.80%), N = 3, StdDev = 0.657 μs
Min = 47.050 μs, Q1 = 47.240 μs, Median = 47.431 μs, Q3 = 47.880 μs, Max = 48.329 μs
IQR = 0.640 μs, LowerFence = 46.281 μs, UpperFence = 48.839 μs
ConfidenceInterval = [35.619 μs; 59.587 μs] (CI 99.9%), Margin = 11.984 μs (25.18% of Mean)
Skewness = 0.24, Kurtosis = 0.67, MValue = 2

// ** Remained 10 (23.8%) benchmark(s) to run. Estimated finish 2026-05-18 18:10 (0h 2m from now) **
Successfully reverted power plan (GUID: 381b4222-f694-41f0-9685-ff5bb260df2e FriendlyName: Balanced)
// ***** BenchmarkRunner: Finish  *****

// * Export *
  BenchmarkDotNet.Artifacts\results\Chopsticks.Benchmarks.MessageDispatchBenchmarks-report.csv
  BenchmarkDotNet.Artifacts\results\Chopsticks.Benchmarks.MessageDispatchBenchmarks-report-github.md
  BenchmarkDotNet.Artifacts\results\Chopsticks.Benchmarks.MessageDispatchBenchmarks-report.html

// * Detailed results *
MessageDispatchBenchmarks.Dispatch_1Handler_Sync: Job-HMXGET(IterationCount=10, WarmupCount=3)
Runtime = .NET 9.0.16 (9.0.1626.22923), X64 RyuJIT AVX2; GC = Concurrent Workstation
Mean = 51.511 ns, StdErr = 1.019 ns (1.98%), N = 9, StdDev = 3.058 ns
Min = 48.437 ns, Q1 = 49.133 ns, Median = 50.400 ns, Q3 = 53.357 ns, Max = 57.343 ns
IQR = 4.225 ns, LowerFence = 42.796 ns, UpperFence = 59.695 ns
ConfidenceInterval = [46.372 ns; 56.649 ns] (CI 99.9%), Margin = 5.139 ns (9.98% of Mean)
Skewness = 0.59, Kurtosis = 1.81, MValue = 2
-------------------- Histogram --------------------
[47.489 ns ; 51.348 ns) | @@@@@
[51.348 ns ; 55.361 ns) | @@@
[55.361 ns ; 59.272 ns) | @
---------------------------------------------------

MessageDispatchBenchmarks.Dispatch_5Handlers_Sync: Job-HMXGET(IterationCount=10, WarmupCount=3)
Runtime = .NET 9.0.16 (9.0.1626.22923), X64 RyuJIT AVX2; GC = Concurrent Workstation
Mean = 91.825 ns, StdErr = 0.571 ns (0.62%), N = 9, StdDev = 1.714 ns
Min = 88.241 ns, Q1 = 90.795 ns, Median = 92.365 ns, Q3 = 92.934 ns, Max = 93.714 ns
IQR = 2.140 ns, LowerFence = 87.585 ns, UpperFence = 96.143 ns
ConfidenceInterval = [88.945 ns; 94.705 ns] (CI 99.9%), Margin = 2.880 ns (3.14% of Mean)
Skewness = -0.8, Kurtosis = 2.43, MValue = 2
-------------------- Histogram --------------------
[87.160 ns ; 89.629 ns) | @
[89.629 ns ; 91.640 ns) | @@
[91.640 ns ; 93.803 ns) | @@@@@@
---------------------------------------------------

MessageDispatchBenchmarks.Dispatch_1000x_Throughput: Job-HMXGET(IterationCount=10, WarmupCount=3)
Runtime = .NET 9.0.16 (9.0.1626.22923), X64 RyuJIT AVX2; GC = Concurrent Workstation
Mean = 45.653 μs, StdErr = 0.520 μs (1.14%), N = 10, StdDev = 1.644 μs
Min = 43.467 μs, Q1 = 44.308 μs, Median = 45.732 μs, Q3 = 46.326 μs, Max = 48.784 μs
IQR = 2.019 μs, LowerFence = 41.279 μs, UpperFence = 49.355 μs
ConfidenceInterval = [43.168 μs; 48.138 μs] (CI 99.9%), Margin = 2.485 μs (5.44% of Mean)
Skewness = 0.35, Kurtosis = 2, MValue = 2
-------------------- Histogram --------------------
[42.465 μs ; 43.839 μs) | @
[43.839 μs ; 45.842 μs) | @@@@@@
[45.842 μs ; 47.927 μs) | @@
[47.927 μs ; 49.786 μs) | @
---------------------------------------------------

MessageDispatchBenchmarks.Dispatch_1Handler_Sync: ShortRun(IterationCount=3, LaunchCount=1, WarmupCount=3)
Runtime = .NET 9.0.16 (9.0.1626.22923), X64 RyuJIT AVX2; GC = Concurrent Workstation
Mean = 52.234 ns, StdErr = 1.005 ns (1.92%), N = 3, StdDev = 1.741 ns
Min = 50.853 ns, Q1 = 51.256 ns, Median = 51.659 ns, Q3 = 52.924 ns, Max = 54.190 ns
IQR = 1.668 ns, LowerFence = 48.753 ns, UpperFence = 55.427 ns
ConfidenceInterval = [20.468 ns; 84.000 ns] (CI 99.9%), Margin = 31.766 ns (60.82% of Mean)
Skewness = 0.29, Kurtosis = 0.67, MValue = 2
-------------------- Histogram --------------------
[49.671 ns ; 52.841 ns) | @@
[52.841 ns ; 55.775 ns) | @
---------------------------------------------------

MessageDispatchBenchmarks.Dispatch_5Handlers_Sync: ShortRun(IterationCount=3, LaunchCount=1, WarmupCount=3)
Runtime = .NET 9.0.16 (9.0.1626.22923), X64 RyuJIT AVX2; GC = Concurrent Workstation
Mean = 96.855 ns, StdErr = 3.401 ns (3.51%), N = 3, StdDev = 5.890 ns
Min = 92.009 ns, Q1 = 93.577 ns, Median = 95.144 ns, Q3 = 99.277 ns, Max = 103.411 ns
IQR = 5.701 ns, LowerFence = 85.026 ns, UpperFence = 107.828 ns
ConfidenceInterval = [-10.602 ns; 204.311 ns] (CI 99.9%), Margin = 107.457 ns (110.95% of Mean)
Skewness = 0.27, Kurtosis = 0.67, MValue = 2
-------------------- Histogram --------------------
[88.216 ns ;  98.937 ns) | @@
[98.937 ns ; 108.771 ns) | @
---------------------------------------------------

MessageDispatchBenchmarks.Dispatch_1000x_Throughput: ShortRun(IterationCount=3, LaunchCount=1, WarmupCount=3)
Runtime = .NET 9.0.16 (9.0.1626.22923), X64 RyuJIT AVX2; GC = Concurrent Workstation
Mean = 47.603 μs, StdErr = 0.379 μs (0.80%), N = 3, StdDev = 0.657 μs
Min = 47.050 μs, Q1 = 47.240 μs, Median = 47.431 μs, Q3 = 47.880 μs, Max = 48.329 μs
IQR = 0.640 μs, LowerFence = 46.281 μs, UpperFence = 48.839 μs
ConfidenceInterval = [35.619 μs; 59.587 μs] (CI 99.9%), Margin = 11.984 μs (25.18% of Mean)
Skewness = 0.24, Kurtosis = 0.67, MValue = 2
-------------------- Histogram --------------------
[46.642 μs ; 47.838 μs) | @@
[47.838 μs ; 48.927 μs) | @
---------------------------------------------------

// * Summary *

BenchmarkDotNet v0.14.0, Windows 11 (10.0.26200.8457)
Unknown processor
.NET SDK 9.0.314
  [Host]     : .NET 9.0.16 (9.0.1626.22923), X64 RyuJIT AVX2
  Job-HMXGET : .NET 9.0.16 (9.0.1626.22923), X64 RyuJIT AVX2
  ShortRun   : .NET 9.0.16 (9.0.1626.22923), X64 RyuJIT AVX2

WarmupCount=3  

| Method                    | Job        | IterationCount | LaunchCount | Mean         | Error         | StdDev       | Gen0    | Allocated |
|-------------------------- |----------- |--------------- |------------ |-------------:|--------------:|-------------:|--------:|----------:|
| Dispatch_1Handler_Sync    | Job-HMXGET | 10             | Default     |     51.51 ns |      5.139 ns |     3.058 ns |  0.0166 |     312 B |
| Dispatch_5Handlers_Sync   | Job-HMXGET | 10             | Default     |     91.82 ns |      2.880 ns |     1.714 ns |  0.0182 |     344 B |
| Dispatch_1000x_Throughput | Job-HMXGET | 10             | Default     | 45,653.08 ns |  2,485.380 ns | 1,643.925 ns | 16.5405 |  312000 B |
| Dispatch_1Handler_Sync    | ShortRun   | 3              | 1           |     52.23 ns |     31.766 ns |     1.741 ns |  0.0166 |     312 B |
| Dispatch_5Handlers_Sync   | ShortRun   | 3              | 1           |     96.85 ns |    107.457 ns |     5.890 ns |  0.0182 |     344 B |
| Dispatch_1000x_Throughput | ShortRun   | 3              | 1           | 47,603.09 ns | 11,984.275 ns |   656.899 ns | 16.5405 |  312000 B |

// * Hints *
Outliers
  MessageDispatchBenchmarks.Dispatch_1Handler_Sync: IterationCount=10, WarmupCount=3  -> 1 outlier  was  removed (63.55 ns)
  MessageDispatchBenchmarks.Dispatch_5Handlers_Sync: IterationCount=10, WarmupCount=3 -> 1 outlier  was  removed (100.41 ns)

// * Legends *
  Mean      : Arithmetic mean of all measurements
  Error     : Half of 99.9% confidence interval
  StdDev    : Standard deviation of all measurements
  Gen0      : GC Generation 0 collects per 1000 operations
  Allocated : Allocated memory per single operation (managed only, inclusive, 1KB = 1024B)
  1 ns      : 1 Nanosecond (0.000000001 sec)

// * Diagnostic Output - MemoryDiagnoser *


// ***** BenchmarkRunner: End *****
Run time: 00:01:06 (66.13 sec), executed benchmarks: 6

// Found 10 benchmarks:
//   RegistrationBenchmarks.Register_FirstHandler: Job-HMXGET(IterationCount=10, WarmupCount=3)
//   RegistrationBenchmarks.Register_5Handlers_Sequential: Job-HMXGET(IterationCount=10, WarmupCount=3)
//   RegistrationBenchmarks.Register_10Handlers_Sequential: Job-HMXGET(IterationCount=10, WarmupCount=3)
//   RegistrationBenchmarks.Register_WithVaryingOrder: Job-HMXGET(IterationCount=10, WarmupCount=3)
//   RegistrationBenchmarks.AccessHandlerArray_1Handler: Job-HMXGET(IterationCount=10, WarmupCount=3)
//   RegistrationBenchmarks.Register_FirstHandler: ShortRun(IterationCount=3, LaunchCount=1, WarmupCount=3)
//   RegistrationBenchmarks.Register_5Handlers_Sequential: ShortRun(IterationCount=3, LaunchCount=1, WarmupCount=3)
//   RegistrationBenchmarks.Register_10Handlers_Sequential: ShortRun(IterationCount=3, LaunchCount=1, WarmupCount=3)
//   RegistrationBenchmarks.Register_WithVaryingOrder: ShortRun(IterationCount=3, LaunchCount=1, WarmupCount=3)
//   RegistrationBenchmarks.AccessHandlerArray_1Handler: ShortRun(IterationCount=3, LaunchCount=1, WarmupCount=3)

Setup power plan (GUID: 8c5e7fda-e8bf-4a96-9a85-a6e23a8c635c FriendlyName: High performance)
// **************************
// Benchmark: RegistrationBenchmarks.Register_FirstHandler: Job-HMXGET(IterationCount=10, WarmupCount=3)
// *** Execute ***
// Launch: 1 / 1
// Execute: dotnet 6c7ed3db-dd7f-401f-b526-5c0523d7f382.dll --anonymousPipes 1556 1584 --benchmarkName Chopsticks.Benchmarks.RegistrationBenchmarks.Register_FirstHandler --job "IterationCount=10, WarmupCount=3" --benchmarkId 32 in A:\g\Chopsticks2\Native\Benchmarks\bin\Release\net9.0\6c7ed3db-dd7f-401f-b526-5c0523d7f382\bin\Release\net9.0
// BeforeAnythingElse

// Benchmark Process Environment Information:
// BenchmarkDotNet v0.14.0
// Runtime=.NET 9.0.16 (9.0.1626.22923), X64 RyuJIT AVX2
// GC=Concurrent Workstation
// HardwareIntrinsics=AVX2,AES,BMI1,BMI2,FMA,LZCNT,PCLMUL,POPCNT,AvxVnni,SERIALIZE VectorSize=256
// Job: Job-HUJYGR(IterationCount=10, WarmupCount=3)

OverheadJitting  1: 1 op, 217600.00 ns, 217.6000 us/op
WorkloadJitting  1: 1 op, 1472400.00 ns, 1.4724 ms/op

OverheadJitting  2: 16 op, 345900.00 ns, 21.6188 us/op
WorkloadJitting  2: 16 op, 340500.00 ns, 21.2813 us/op

WorkloadPilot    1: 16 op, 4700.00 ns, 293.7500 ns/op
WorkloadPilot    2: 32 op, 11100.00 ns, 346.8750 ns/op
WorkloadPilot    3: 64 op, 17600.00 ns, 275.0000 ns/op
WorkloadPilot    4: 128 op, 37600.00 ns, 293.7500 ns/op
WorkloadPilot    5: 256 op, 67000.00 ns, 261.7188 ns/op
WorkloadPilot    6: 512 op, 128200.00 ns, 250.3906 ns/op
WorkloadPilot    7: 1024 op, 174600.00 ns, 170.5078 ns/op
WorkloadPilot    8: 2048 op, 418100.00 ns, 204.1504 ns/op
WorkloadPilot    9: 4096 op, 878500.00 ns, 214.4775 ns/op
WorkloadPilot   10: 8192 op, 1826600.00 ns, 222.9736 ns/op
WorkloadPilot   11: 16384 op, 2839600.00 ns, 173.3154 ns/op
WorkloadPilot   12: 32768 op, 9211800.00 ns, 281.1218 ns/op
WorkloadPilot   13: 65536 op, 10023500.00 ns, 152.9465 ns/op
WorkloadPilot   14: 131072 op, 12503500.00 ns, 95.3941 ns/op
WorkloadPilot   15: 262144 op, 24099200.00 ns, 91.9312 ns/op
WorkloadPilot   16: 524288 op, 45783300.00 ns, 87.3247 ns/op
WorkloadPilot   17: 1048576 op, 64050700.00 ns, 61.0835 ns/op
WorkloadPilot   18: 2097152 op, 108686300.00 ns, 51.8257 ns/op
WorkloadPilot   19: 4194304 op, 211609100.00 ns, 50.4515 ns/op
WorkloadPilot   20: 8388608 op, 420609300.00 ns, 50.1405 ns/op
WorkloadPilot   21: 16777216 op, 853405200.00 ns, 50.8669 ns/op

OverheadWarmup   1: 16777216 op, 38773600.00 ns, 2.3111 ns/op
OverheadWarmup   2: 16777216 op, 38453300.00 ns, 2.2920 ns/op
OverheadWarmup   3: 16777216 op, 38543100.00 ns, 2.2973 ns/op
OverheadWarmup   4: 16777216 op, 38662700.00 ns, 2.3045 ns/op
OverheadWarmup   5: 16777216 op, 38393400.00 ns, 2.2884 ns/op
OverheadWarmup   6: 16777216 op, 37749400.00 ns, 2.2500 ns/op
OverheadWarmup   7: 16777216 op, 37512100.00 ns, 2.2359 ns/op
OverheadWarmup   8: 16777216 op, 38693300.00 ns, 2.3063 ns/op
OverheadWarmup   9: 16777216 op, 36668400.00 ns, 2.1856 ns/op

OverheadActual   1: 16777216 op, 34504200.00 ns, 2.0566 ns/op
OverheadActual   2: 16777216 op, 34397200.00 ns, 2.0502 ns/op
OverheadActual   3: 16777216 op, 33304900.00 ns, 1.9851 ns/op
OverheadActual   4: 16777216 op, 33265600.00 ns, 1.9828 ns/op
OverheadActual   5: 16777216 op, 35283100.00 ns, 2.1030 ns/op
OverheadActual   6: 16777216 op, 33693400.00 ns, 2.0083 ns/op
OverheadActual   7: 16777216 op, 33696300.00 ns, 2.0085 ns/op
OverheadActual   8: 16777216 op, 34345300.00 ns, 2.0471 ns/op
OverheadActual   9: 16777216 op, 32740000.00 ns, 1.9515 ns/op
OverheadActual  10: 16777216 op, 33771100.00 ns, 2.0129 ns/op
OverheadActual  11: 16777216 op, 33679700.00 ns, 2.0075 ns/op
OverheadActual  12: 16777216 op, 34569000.00 ns, 2.0605 ns/op
OverheadActual  13: 16777216 op, 34259200.00 ns, 2.0420 ns/op
OverheadActual  14: 16777216 op, 34232500.00 ns, 2.0404 ns/op
OverheadActual  15: 16777216 op, 34201800.00 ns, 2.0386 ns/op

WorkloadWarmup   1: 16777216 op, 845078900.00 ns, 50.3706 ns/op
WorkloadWarmup   2: 16777216 op, 870433800.00 ns, 51.8819 ns/op
WorkloadWarmup   3: 16777216 op, 833419100.00 ns, 49.6756 ns/op

// BeforeActualRun
WorkloadActual   1: 16777216 op, 832458600.00 ns, 49.6184 ns/op
WorkloadActual   2: 16777216 op, 893253100.00 ns, 53.2420 ns/op
WorkloadActual   3: 16777216 op, 917225100.00 ns, 54.6709 ns/op
WorkloadActual   4: 16777216 op, 852541200.00 ns, 50.8154 ns/op
WorkloadActual   5: 16777216 op, 941045500.00 ns, 56.0907 ns/op
WorkloadActual   6: 16777216 op, 820367500.00 ns, 48.8977 ns/op
WorkloadActual   7: 16777216 op, 813278500.00 ns, 48.4752 ns/op
WorkloadActual   8: 16777216 op, 795196100.00 ns, 47.3974 ns/op
WorkloadActual   9: 16777216 op, 793637700.00 ns, 47.3045 ns/op
WorkloadActual  10: 16777216 op, 807915200.00 ns, 48.1555 ns/op

// AfterActualRun
WorkloadResult   1: 16777216 op, 798256800.00 ns, 47.5798 ns/op
WorkloadResult   2: 16777216 op, 859051300.00 ns, 51.2034 ns/op
WorkloadResult   3: 16777216 op, 883023300.00 ns, 52.6323 ns/op
WorkloadResult   4: 16777216 op, 818339400.00 ns, 48.7768 ns/op
WorkloadResult   5: 16777216 op, 906843700.00 ns, 54.0521 ns/op
WorkloadResult   6: 16777216 op, 786165700.00 ns, 46.8591 ns/op
WorkloadResult   7: 16777216 op, 779076700.00 ns, 46.4366 ns/op
WorkloadResult   8: 16777216 op, 760994300.00 ns, 45.3588 ns/op
WorkloadResult   9: 16777216 op, 759435900.00 ns, 45.2659 ns/op
WorkloadResult  10: 16777216 op, 773713400.00 ns, 46.1169 ns/op
// GC:  370 0 0 6979322256 16777216
// Threading:  0 0 16777216

// AfterAll
// Benchmark Process 66896 has exited with code 0.

Mean = 48.428 ns, StdErr = 0.995 ns (2.05%), N = 10, StdDev = 3.145 ns
Min = 45.266 ns, Q1 = 46.197 ns, Median = 47.219 ns, Q3 = 50.597 ns, Max = 54.052 ns
IQR = 4.400 ns, LowerFence = 39.597 ns, UpperFence = 57.197 ns
ConfidenceInterval = [43.673 ns; 53.183 ns] (CI 99.9%), Margin = 4.755 ns (9.82% of Mean)
Skewness = 0.61, Kurtosis = 1.65, MValue = 2.86

// ** Remained 9 (21.4%) benchmark(s) to run. Estimated finish 2026-05-18 18:10 (0h 2m from now) **
Setup power plan (GUID: 8c5e7fda-e8bf-4a96-9a85-a6e23a8c635c FriendlyName: High performance)
// **************************
// Benchmark: RegistrationBenchmarks.Register_5Handlers_Sequential: Job-HMXGET(IterationCount=10, WarmupCount=3)
// *** Execute ***
// Launch: 1 / 1
// Execute: dotnet 6c7ed3db-dd7f-401f-b526-5c0523d7f382.dll --anonymousPipes 1632 1612 --benchmarkName Chopsticks.Benchmarks.RegistrationBenchmarks.Register_5Handlers --job "IterationCount=10, WarmupCount=3" --benchmarkId 33 in A:\g\Chopsticks2\Native\Benchmarks\bin\Release\net9.0\6c7ed3db-dd7f-401f-b526-5c0523d7f382\bin\Release\net9.0
// BeforeAnythingElse

// Benchmark Process Environment Information:
// BenchmarkDotNet v0.14.0
// Runtime=.NET 9.0.16 (9.0.1626.22923), X64 RyuJIT AVX2
// GC=Concurrent Workstation
// HardwareIntrinsics=AVX2,AES,BMI1,BMI2,FMA,LZCNT,PCLMUL,POPCNT,AvxVnni,SERIALIZE VectorSize=256
// Job: Job-IKAAQY(IterationCount=10, WarmupCount=3)

OverheadJitting  1: 1 op, 171600.00 ns, 171.6000 us/op
WorkloadJitting  1: 1 op, 1807200.00 ns, 1.8072 ms/op

OverheadJitting  2: 16 op, 298500.00 ns, 18.6563 us/op
WorkloadJitting  2: 16 op, 263100.00 ns, 16.4438 us/op

WorkloadPilot    1: 16 op, 12400.00 ns, 775.0000 ns/op
WorkloadPilot    2: 32 op, 28500.00 ns, 890.6250 ns/op
WorkloadPilot    3: 64 op, 55400.00 ns, 865.6250 ns/op
WorkloadPilot    4: 128 op, 106500.00 ns, 832.0313 ns/op
WorkloadPilot    5: 256 op, 213300.00 ns, 833.2031 ns/op
WorkloadPilot    6: 512 op, 352500.00 ns, 688.4766 ns/op
WorkloadPilot    7: 1024 op, 763700.00 ns, 745.8008 ns/op
WorkloadPilot    8: 2048 op, 1548600.00 ns, 756.1523 ns/op
WorkloadPilot    9: 4096 op, 2968400.00 ns, 724.7070 ns/op
WorkloadPilot   10: 8192 op, 5748800.00 ns, 701.7578 ns/op
WorkloadPilot   11: 16384 op, 10014500.00 ns, 611.2366 ns/op
WorkloadPilot   12: 32768 op, 16161700.00 ns, 493.2159 ns/op
WorkloadPilot   13: 65536 op, 27776000.00 ns, 423.8281 ns/op
WorkloadPilot   14: 131072 op, 56613000.00 ns, 431.9229 ns/op
WorkloadPilot   15: 262144 op, 52558900.00 ns, 200.4963 ns/op
WorkloadPilot   16: 524288 op, 95330300.00 ns, 181.8281 ns/op
WorkloadPilot   17: 1048576 op, 181559100.00 ns, 173.1483 ns/op
WorkloadPilot   18: 2097152 op, 356908700.00 ns, 170.1873 ns/op
WorkloadPilot   19: 4194304 op, 690288300.00 ns, 164.5776 ns/op

OverheadWarmup   1: 4194304 op, 6942600.00 ns, 1.6552 ns/op
OverheadWarmup   2: 4194304 op, 6939400.00 ns, 1.6545 ns/op
OverheadWarmup   3: 4194304 op, 6831100.00 ns, 1.6287 ns/op
OverheadWarmup   4: 4194304 op, 6930900.00 ns, 1.6525 ns/op
OverheadWarmup   5: 4194304 op, 6834700.00 ns, 1.6295 ns/op
OverheadWarmup   6: 4194304 op, 6854800.00 ns, 1.6343 ns/op
OverheadWarmup   7: 4194304 op, 6658400.00 ns, 1.5875 ns/op

OverheadActual   1: 4194304 op, 6723100.00 ns, 1.6029 ns/op
OverheadActual   2: 4194304 op, 6761500.00 ns, 1.6121 ns/op
OverheadActual   3: 4194304 op, 6938000.00 ns, 1.6541 ns/op
OverheadActual   4: 4194304 op, 6879000.00 ns, 1.6401 ns/op
OverheadActual   5: 4194304 op, 6685600.00 ns, 1.5940 ns/op
OverheadActual   6: 4194304 op, 6621100.00 ns, 1.5786 ns/op
OverheadActual   7: 4194304 op, 6909500.00 ns, 1.6474 ns/op
OverheadActual   8: 4194304 op, 6543500.00 ns, 1.5601 ns/op
OverheadActual   9: 4194304 op, 6752900.00 ns, 1.6100 ns/op
OverheadActual  10: 4194304 op, 6464000.00 ns, 1.5411 ns/op
OverheadActual  11: 4194304 op, 6990100.00 ns, 1.6666 ns/op
OverheadActual  12: 4194304 op, 7280500.00 ns, 1.7358 ns/op
OverheadActual  13: 4194304 op, 7281700.00 ns, 1.7361 ns/op
OverheadActual  14: 4194304 op, 6894800.00 ns, 1.6438 ns/op
OverheadActual  15: 4194304 op, 6874600.00 ns, 1.6390 ns/op

WorkloadWarmup   1: 4194304 op, 716614700.00 ns, 170.8543 ns/op
WorkloadWarmup   2: 4194304 op, 724569400.00 ns, 172.7508 ns/op
WorkloadWarmup   3: 4194304 op, 726810100.00 ns, 173.2850 ns/op

// BeforeActualRun
WorkloadActual   1: 4194304 op, 716915500.00 ns, 170.9260 ns/op
WorkloadActual   2: 4194304 op, 697034000.00 ns, 166.1859 ns/op
WorkloadActual   3: 4194304 op, 720897700.00 ns, 171.8754 ns/op
WorkloadActual   4: 4194304 op, 695124900.00 ns, 165.7307 ns/op
WorkloadActual   5: 4194304 op, 706642800.00 ns, 168.4768 ns/op
WorkloadActual   6: 4194304 op, 703529900.00 ns, 167.7346 ns/op
WorkloadActual   7: 4194304 op, 709585500.00 ns, 169.1784 ns/op
WorkloadActual   8: 4194304 op, 696817100.00 ns, 166.1341 ns/op
WorkloadActual   9: 4194304 op, 720774400.00 ns, 171.8460 ns/op
WorkloadActual  10: 4194304 op, 708174900.00 ns, 168.8421 ns/op

// AfterActualRun
WorkloadResult   1: 4194304 op, 710040900.00 ns, 169.2869 ns/op
WorkloadResult   2: 4194304 op, 690159400.00 ns, 164.5468 ns/op
WorkloadResult   3: 4194304 op, 714023100.00 ns, 170.2364 ns/op
WorkloadResult   4: 4194304 op, 688250300.00 ns, 164.0917 ns/op
WorkloadResult   5: 4194304 op, 699768200.00 ns, 166.8377 ns/op
WorkloadResult   6: 4194304 op, 696655300.00 ns, 166.0956 ns/op
WorkloadResult   7: 4194304 op, 702710900.00 ns, 167.5393 ns/op
WorkloadResult   8: 4194304 op, 689942500.00 ns, 164.4951 ns/op
WorkloadResult   9: 4194304 op, 713899800.00 ns, 170.2070 ns/op
WorkloadResult  10: 4194304 op, 701300300.00 ns, 167.2030 ns/op
// GC:  228 0 0 4294967696 4194304
// Threading:  0 0 4194304

// AfterAll
// Benchmark Process 22180 has exited with code 0.

Mean = 167.054 ns, StdErr = 0.729 ns (0.44%), N = 10, StdDev = 2.307 ns
Min = 164.092 ns, Q1 = 164.934 ns, Median = 167.020 ns, Q3 = 168.850 ns, Max = 170.236 ns
IQR = 3.916 ns, LowerFence = 159.060 ns, UpperFence = 174.724 ns
ConfidenceInterval = [163.567 ns; 170.541 ns] (CI 99.9%), Margin = 3.487 ns (2.09% of Mean)
Skewness = 0.13, Kurtosis = 1.37, MValue = 2

// ** Remained 8 (19.0%) benchmark(s) to run. Estimated finish 2026-05-18 18:10 (0h 1m from now) **
Setup power plan (GUID: 8c5e7fda-e8bf-4a96-9a85-a6e23a8c635c FriendlyName: High performance)
// **************************
// Benchmark: RegistrationBenchmarks.Register_10Handlers_Sequential: Job-HMXGET(IterationCount=10, WarmupCount=3)
// *** Execute ***
// Launch: 1 / 1
// Execute: dotnet 6c7ed3db-dd7f-401f-b526-5c0523d7f382.dll --anonymousPipes 1612 1908 --benchmarkName Chopsticks.Benchmarks.RegistrationBenchmarks.Register_10Handlers --job "IterationCount=10, WarmupCount=3" --benchmarkId 34 in A:\g\Chopsticks2\Native\Benchmarks\bin\Release\net9.0\6c7ed3db-dd7f-401f-b526-5c0523d7f382\bin\Release\net9.0
// BeforeAnythingElse

// Benchmark Process Environment Information:
// BenchmarkDotNet v0.14.0
// Runtime=.NET 9.0.16 (9.0.1626.22923), X64 RyuJIT AVX2
// GC=Concurrent Workstation
// HardwareIntrinsics=AVX2,AES,BMI1,BMI2,FMA,LZCNT,PCLMUL,POPCNT,AvxVnni,SERIALIZE VectorSize=256
// Job: Job-NCJMSM(IterationCount=10, WarmupCount=3)

OverheadJitting  1: 1 op, 168900.00 ns, 168.9000 us/op
WorkloadJitting  1: 1 op, 1597500.00 ns, 1.5975 ms/op

OverheadJitting  2: 16 op, 231300.00 ns, 14.4563 us/op
WorkloadJitting  2: 16 op, 343300.00 ns, 21.4563 us/op

WorkloadPilot    1: 16 op, 26700.00 ns, 1.6688 us/op
WorkloadPilot    2: 32 op, 68500.00 ns, 2.1406 us/op
WorkloadPilot    3: 64 op, 115000.00 ns, 1.7969 us/op
WorkloadPilot    4: 128 op, 231600.00 ns, 1.8094 us/op
WorkloadPilot    5: 256 op, 397900.00 ns, 1.5543 us/op
WorkloadPilot    6: 512 op, 838100.00 ns, 1.6369 us/op
WorkloadPilot    7: 1024 op, 1714200.00 ns, 1.6740 us/op
WorkloadPilot    8: 2048 op, 3367700.00 ns, 1.6444 us/op
WorkloadPilot    9: 4096 op, 6851500.00 ns, 1.6727 us/op
WorkloadPilot   10: 8192 op, 14014700.00 ns, 1.7108 us/op
WorkloadPilot   11: 16384 op, 18481700.00 ns, 1.1280 us/op
WorkloadPilot   12: 32768 op, 36663300.00 ns, 1.1189 us/op
WorkloadPilot   13: 65536 op, 60950700.00 ns, 930.0339 ns/op
WorkloadPilot   14: 131072 op, 51158200.00 ns, 390.3061 ns/op
WorkloadPilot   15: 262144 op, 102485000.00 ns, 390.9492 ns/op
WorkloadPilot   16: 524288 op, 202854500.00 ns, 386.9143 ns/op
WorkloadPilot   17: 1048576 op, 413127400.00 ns, 393.9890 ns/op
WorkloadPilot   18: 2097152 op, 821015900.00 ns, 391.4909 ns/op

OverheadWarmup   1: 2097152 op, 3294300.00 ns, 1.5708 ns/op
OverheadWarmup   2: 2097152 op, 3390800.00 ns, 1.6169 ns/op
OverheadWarmup   3: 2097152 op, 3333100.00 ns, 1.5893 ns/op
OverheadWarmup   4: 2097152 op, 3403100.00 ns, 1.6227 ns/op
OverheadWarmup   5: 2097152 op, 3337400.00 ns, 1.5914 ns/op

OverheadActual   1: 2097152 op, 3442300.00 ns, 1.6414 ns/op
OverheadActual   2: 2097152 op, 3436900.00 ns, 1.6388 ns/op
OverheadActual   3: 2097152 op, 3394400.00 ns, 1.6186 ns/op
OverheadActual   4: 2097152 op, 3280200.00 ns, 1.5641 ns/op
OverheadActual   5: 2097152 op, 3370000.00 ns, 1.6069 ns/op
OverheadActual   6: 2097152 op, 3499700.00 ns, 1.6688 ns/op
OverheadActual   7: 2097152 op, 3358300.00 ns, 1.6014 ns/op
OverheadActual   8: 2097152 op, 3391700.00 ns, 1.6173 ns/op
OverheadActual   9: 2097152 op, 3492800.00 ns, 1.6655 ns/op
OverheadActual  10: 2097152 op, 3470000.00 ns, 1.6546 ns/op
OverheadActual  11: 2097152 op, 3503400.00 ns, 1.6706 ns/op
OverheadActual  12: 2097152 op, 4107100.00 ns, 1.9584 ns/op
OverheadActual  13: 2097152 op, 3439300.00 ns, 1.6400 ns/op
OverheadActual  14: 2097152 op, 3215800.00 ns, 1.5334 ns/op
OverheadActual  15: 2097152 op, 3478600.00 ns, 1.6587 ns/op

WorkloadWarmup   1: 2097152 op, 880191800.00 ns, 419.7082 ns/op
WorkloadWarmup   2: 2097152 op, 844714900.00 ns, 402.7915 ns/op
WorkloadWarmup   3: 2097152 op, 833006400.00 ns, 397.2084 ns/op

// BeforeActualRun
WorkloadActual   1: 2097152 op, 866417200.00 ns, 413.1399 ns/op
WorkloadActual   2: 2097152 op, 848749100.00 ns, 404.7151 ns/op
WorkloadActual   3: 2097152 op, 819712000.00 ns, 390.8691 ns/op
WorkloadActual   4: 2097152 op, 824236300.00 ns, 393.0265 ns/op
WorkloadActual   5: 2097152 op, 829539300.00 ns, 395.5552 ns/op
WorkloadActual   6: 2097152 op, 871183600.00 ns, 415.4127 ns/op
WorkloadActual   7: 2097152 op, 834592700.00 ns, 397.9648 ns/op
WorkloadActual   8: 2097152 op, 817615900.00 ns, 389.8696 ns/op
WorkloadActual   9: 2097152 op, 841370300.00 ns, 401.1966 ns/op
WorkloadActual  10: 2097152 op, 817988200.00 ns, 390.0472 ns/op

// AfterActualRun
WorkloadResult   1: 2097152 op, 862977900.00 ns, 411.4999 ns/op
WorkloadResult   2: 2097152 op, 845309800.00 ns, 403.0751 ns/op
WorkloadResult   3: 2097152 op, 816272700.00 ns, 389.2292 ns/op
WorkloadResult   4: 2097152 op, 820797000.00 ns, 391.3865 ns/op
WorkloadResult   5: 2097152 op, 826100000.00 ns, 393.9152 ns/op
WorkloadResult   6: 2097152 op, 867744300.00 ns, 413.7727 ns/op
WorkloadResult   7: 2097152 op, 831153400.00 ns, 396.3248 ns/op
WorkloadResult   8: 2097152 op, 814176600.00 ns, 388.2297 ns/op
WorkloadResult   9: 2097152 op, 837931000.00 ns, 399.5566 ns/op
WorkloadResult  10: 2097152 op, 814548900.00 ns, 388.4072 ns/op
// GC:  215 1 0 4060086672 2097152
// Threading:  0 0 2097152

// AfterAll
// Benchmark Process 49596 has exited with code 0.

Mean = 397.540 ns, StdErr = 2.953 ns (0.74%), N = 10, StdDev = 9.338 ns
Min = 388.230 ns, Q1 = 389.768 ns, Median = 395.120 ns, Q3 = 402.196 ns, Max = 413.773 ns
IQR = 12.427 ns, LowerFence = 371.128 ns, UpperFence = 420.836 ns
ConfidenceInterval = [383.422 ns; 411.657 ns] (CI 99.9%), Margin = 14.117 ns (3.55% of Mean)
Skewness = 0.58, Kurtosis = 1.7, MValue = 2

// ** Remained 7 (16.7%) benchmark(s) to run. Estimated finish 2026-05-18 18:10 (0h 1m from now) **
Setup power plan (GUID: 8c5e7fda-e8bf-4a96-9a85-a6e23a8c635c FriendlyName: High performance)
// **************************
// Benchmark: RegistrationBenchmarks.Register_WithVaryingOrder: Job-HMXGET(IterationCount=10, WarmupCount=3)
// *** Execute ***
// Launch: 1 / 1
// Execute: dotnet 6c7ed3db-dd7f-401f-b526-5c0523d7f382.dll --anonymousPipes 2084 1384 --benchmarkName Chopsticks.Benchmarks.RegistrationBenchmarks.Register_WithVaryingOrder --job "IterationCount=10, WarmupCount=3" --benchmarkId 35 in A:\g\Chopsticks2\Native\Benchmarks\bin\Release\net9.0\6c7ed3db-dd7f-401f-b526-5c0523d7f382\bin\Release\net9.0
// BeforeAnythingElse

// Benchmark Process Environment Information:
// BenchmarkDotNet v0.14.0
// Runtime=.NET 9.0.16 (9.0.1626.22923), X64 RyuJIT AVX2
// GC=Concurrent Workstation
// HardwareIntrinsics=AVX2,AES,BMI1,BMI2,FMA,LZCNT,PCLMUL,POPCNT,AvxVnni,SERIALIZE VectorSize=256
// Job: Job-NFEENW(IterationCount=10, WarmupCount=3)

OverheadJitting  1: 1 op, 177300.00 ns, 177.3000 us/op
WorkloadJitting  1: 1 op, 1750700.00 ns, 1.7507 ms/op

OverheadJitting  2: 16 op, 287400.00 ns, 17.9625 us/op
WorkloadJitting  2: 16 op, 295500.00 ns, 18.4688 us/op

WorkloadPilot    1: 16 op, 11200.00 ns, 700.0000 ns/op
WorkloadPilot    2: 32 op, 32300.00 ns, 1.0094 us/op
WorkloadPilot    3: 64 op, 61500.00 ns, 960.9375 ns/op
WorkloadPilot    4: 128 op, 126300.00 ns, 986.7188 ns/op
WorkloadPilot    5: 256 op, 256000.00 ns, 1.0000 us/op
WorkloadPilot    6: 512 op, 349400.00 ns, 682.4219 ns/op
WorkloadPilot    7: 1024 op, 769000.00 ns, 750.9766 ns/op
WorkloadPilot    8: 2048 op, 1590900.00 ns, 776.8066 ns/op
WorkloadPilot    9: 4096 op, 2963500.00 ns, 723.5107 ns/op
WorkloadPilot   10: 8192 op, 6002500.00 ns, 732.7271 ns/op
WorkloadPilot   11: 16384 op, 10477500.00 ns, 639.4958 ns/op
WorkloadPilot   12: 32768 op, 15981600.00 ns, 487.7197 ns/op
WorkloadPilot   13: 65536 op, 26150900.00 ns, 399.0311 ns/op
WorkloadPilot   14: 131072 op, 54039800.00 ns, 412.2910 ns/op
WorkloadPilot   15: 262144 op, 65792800.00 ns, 250.9796 ns/op
WorkloadPilot   16: 524288 op, 108602000.00 ns, 207.1419 ns/op
WorkloadPilot   17: 1048576 op, 227386200.00 ns, 216.8524 ns/op
WorkloadPilot   18: 2097152 op, 470659700.00 ns, 224.4280 ns/op
WorkloadPilot   19: 4194304 op, 885766500.00 ns, 211.1832 ns/op

OverheadWarmup   1: 4194304 op, 7351400.00 ns, 1.7527 ns/op
OverheadWarmup   2: 4194304 op, 6592200.00 ns, 1.5717 ns/op
OverheadWarmup   3: 4194304 op, 7053900.00 ns, 1.6818 ns/op
OverheadWarmup   4: 4194304 op, 7364300.00 ns, 1.7558 ns/op
OverheadWarmup   5: 4194304 op, 6847100.00 ns, 1.6325 ns/op
OverheadWarmup   6: 4194304 op, 6923200.00 ns, 1.6506 ns/op
OverheadWarmup   7: 4194304 op, 7084800.00 ns, 1.6891 ns/op
OverheadWarmup   8: 4194304 op, 7590700.00 ns, 1.8098 ns/op
OverheadWarmup   9: 4194304 op, 7772900.00 ns, 1.8532 ns/op
OverheadWarmup  10: 4194304 op, 7473500.00 ns, 1.7818 ns/op

OverheadActual   1: 4194304 op, 8152100.00 ns, 1.9436 ns/op
OverheadActual   2: 4194304 op, 7180500.00 ns, 1.7120 ns/op
OverheadActual   3: 4194304 op, 7202200.00 ns, 1.7171 ns/op
OverheadActual   4: 4194304 op, 7136000.00 ns, 1.7014 ns/op
OverheadActual   5: 4194304 op, 7021600.00 ns, 1.6741 ns/op
OverheadActual   6: 4194304 op, 7267300.00 ns, 1.7327 ns/op
OverheadActual   7: 4194304 op, 7379500.00 ns, 1.7594 ns/op
OverheadActual   8: 4194304 op, 7076400.00 ns, 1.6871 ns/op
OverheadActual   9: 4194304 op, 7623600.00 ns, 1.8176 ns/op
OverheadActual  10: 4194304 op, 7345900.00 ns, 1.7514 ns/op
OverheadActual  11: 4194304 op, 7113100.00 ns, 1.6959 ns/op
OverheadActual  12: 4194304 op, 7000200.00 ns, 1.6690 ns/op
OverheadActual  13: 4194304 op, 7081600.00 ns, 1.6884 ns/op
OverheadActual  14: 4194304 op, 7376700.00 ns, 1.7587 ns/op
OverheadActual  15: 4194304 op, 7564200.00 ns, 1.8034 ns/op

WorkloadWarmup   1: 4194304 op, 844837700.00 ns, 201.4250 ns/op
WorkloadWarmup   2: 4194304 op, 873827800.00 ns, 208.3368 ns/op
WorkloadWarmup   3: 4194304 op, 902320500.00 ns, 215.1300 ns/op

// BeforeActualRun
WorkloadActual   1: 4194304 op, 1016539200.00 ns, 242.3618 ns/op
WorkloadActual   2: 4194304 op, 911478600.00 ns, 217.3134 ns/op
WorkloadActual   3: 4194304 op, 874827600.00 ns, 208.5752 ns/op
WorkloadActual   4: 4194304 op, 855153300.00 ns, 203.8844 ns/op
WorkloadActual   5: 4194304 op, 987808000.00 ns, 235.5118 ns/op
WorkloadActual   6: 4194304 op, 932305600.00 ns, 222.2790 ns/op
WorkloadActual   7: 4194304 op, 889865400.00 ns, 212.1604 ns/op
WorkloadActual   8: 4194304 op, 881657600.00 ns, 210.2036 ns/op
WorkloadActual   9: 4194304 op, 832293700.00 ns, 198.4343 ns/op
WorkloadActual  10: 4194304 op, 900174300.00 ns, 214.6183 ns/op

// AfterActualRun
WorkloadResult   1: 4194304 op, 904276400.00 ns, 215.5963 ns/op
WorkloadResult   2: 4194304 op, 867625400.00 ns, 206.8580 ns/op
WorkloadResult   3: 4194304 op, 847951100.00 ns, 202.1673 ns/op
WorkloadResult   4: 4194304 op, 980605800.00 ns, 233.7946 ns/op
WorkloadResult   5: 4194304 op, 925103400.00 ns, 220.5618 ns/op
WorkloadResult   6: 4194304 op, 882663200.00 ns, 210.4433 ns/op
WorkloadResult   7: 4194304 op, 874455400.00 ns, 208.4864 ns/op
WorkloadResult   8: 4194304 op, 825091500.00 ns, 196.7171 ns/op
WorkloadResult   9: 4194304 op, 892972100.00 ns, 212.9011 ns/op
// GC:  228 0 0 4294967696 4194304
// Threading:  0 0 4194304

// AfterAll
// Benchmark Process 45256 has exited with code 0.

Mean = 211.947 ns, StdErr = 3.601 ns (1.70%), N = 9, StdDev = 10.802 ns
Min = 196.717 ns, Q1 = 206.858 ns, Median = 210.443 ns, Q3 = 215.596 ns, Max = 233.795 ns
IQR = 8.738 ns, LowerFence = 193.751 ns, UpperFence = 228.704 ns
ConfidenceInterval = [193.795 ns; 230.100 ns] (CI 99.9%), Margin = 18.152 ns (8.56% of Mean)
Skewness = 0.57, Kurtosis = 2.43, MValue = 2

// ** Remained 6 (14.3%) benchmark(s) to run. Estimated finish 2026-05-18 18:10 (0h 1m from now) **
Setup power plan (GUID: 8c5e7fda-e8bf-4a96-9a85-a6e23a8c635c FriendlyName: High performance)
// **************************
// Benchmark: RegistrationBenchmarks.AccessHandlerArray_1Handler: Job-HMXGET(IterationCount=10, WarmupCount=3)
// *** Execute ***
// Launch: 1 / 1
// Execute: dotnet 6c7ed3db-dd7f-401f-b526-5c0523d7f382.dll --anonymousPipes 1784 1936 --benchmarkName Chopsticks.Benchmarks.RegistrationBenchmarks.AccessHandlerArray_1Handler --job "IterationCount=10, WarmupCount=3" --benchmarkId 36 in A:\g\Chopsticks2\Native\Benchmarks\bin\Release\net9.0\6c7ed3db-dd7f-401f-b526-5c0523d7f382\bin\Release\net9.0
// BeforeAnythingElse

// Benchmark Process Environment Information:
// BenchmarkDotNet v0.14.0
// Runtime=.NET 9.0.16 (9.0.1626.22923), X64 RyuJIT AVX2
// GC=Concurrent Workstation
// HardwareIntrinsics=AVX2,AES,BMI1,BMI2,FMA,LZCNT,PCLMUL,POPCNT,AvxVnni,SERIALIZE VectorSize=256
// Job: Job-VBTOPH(IterationCount=10, WarmupCount=3)

OverheadJitting  1: 1 op, 384500.00 ns, 384.5000 us/op
WorkloadJitting  1: 1 op, 2830300.00 ns, 2.8303 ms/op

OverheadJitting  2: 16 op, 239500.00 ns, 14.9688 us/op
WorkloadJitting  2: 16 op, 673800.00 ns, 42.1125 us/op

WorkloadPilot    1: 16 op, 381300.00 ns, 23.8313 us/op
WorkloadPilot    2: 32 op, 679500.00 ns, 21.2344 us/op
WorkloadPilot    3: 64 op, 1633000.00 ns, 25.5156 us/op
WorkloadPilot    4: 128 op, 3414900.00 ns, 26.6789 us/op
WorkloadPilot    5: 256 op, 6381400.00 ns, 24.9273 us/op
WorkloadPilot    6: 512 op, 12952400.00 ns, 25.2977 us/op
WorkloadPilot    7: 1024 op, 14870700.00 ns, 14.5222 us/op
WorkloadPilot    8: 2048 op, 28131600.00 ns, 13.7361 us/op
WorkloadPilot    9: 4096 op, 56942200.00 ns, 13.9019 us/op
WorkloadPilot   10: 8192 op, 47450100.00 ns, 5.7922 us/op
WorkloadPilot   11: 16384 op, 76085500.00 ns, 4.6439 us/op
WorkloadPilot   12: 32768 op, 151629100.00 ns, 4.6274 us/op
WorkloadPilot   13: 65536 op, 314537600.00 ns, 4.7995 us/op
WorkloadPilot   14: 131072 op, 627441700.00 ns, 4.7870 us/op

OverheadWarmup   1: 131072 op, 234200.00 ns, 1.7868 ns/op
OverheadWarmup   2: 131072 op, 224500.00 ns, 1.7128 ns/op
OverheadWarmup   3: 131072 op, 232000.00 ns, 1.7700 ns/op
OverheadWarmup   4: 131072 op, 265200.00 ns, 2.0233 ns/op
OverheadWarmup   5: 131072 op, 264400.00 ns, 2.0172 ns/op
OverheadWarmup   6: 131072 op, 262700.00 ns, 2.0042 ns/op
OverheadWarmup   7: 131072 op, 220800.00 ns, 1.6846 ns/op
OverheadWarmup   8: 131072 op, 255100.00 ns, 1.9463 ns/op
OverheadWarmup   9: 131072 op, 231100.00 ns, 1.7632 ns/op

OverheadActual   1: 131072 op, 262200.00 ns, 2.0004 ns/op
OverheadActual   2: 131072 op, 226000.00 ns, 1.7242 ns/op
OverheadActual   3: 131072 op, 222000.00 ns, 1.6937 ns/op
OverheadActual   4: 131072 op, 231100.00 ns, 1.7632 ns/op
OverheadActual   5: 131072 op, 233100.00 ns, 1.7784 ns/op
OverheadActual   6: 131072 op, 230900.00 ns, 1.7616 ns/op
OverheadActual   7: 131072 op, 261600.00 ns, 1.9958 ns/op
OverheadActual   8: 131072 op, 231800.00 ns, 1.7685 ns/op
OverheadActual   9: 131072 op, 227000.00 ns, 1.7319 ns/op
OverheadActual  10: 131072 op, 247400.00 ns, 1.8875 ns/op
OverheadActual  11: 131072 op, 246100.00 ns, 1.8776 ns/op
OverheadActual  12: 131072 op, 230400.00 ns, 1.7578 ns/op
OverheadActual  13: 131072 op, 219800.00 ns, 1.6769 ns/op
OverheadActual  14: 131072 op, 237600.00 ns, 1.8127 ns/op
OverheadActual  15: 131072 op, 225400.00 ns, 1.7197 ns/op
OverheadActual  16: 131072 op, 253500.00 ns, 1.9341 ns/op
OverheadActual  17: 131072 op, 220100.00 ns, 1.6792 ns/op
OverheadActual  18: 131072 op, 225900.00 ns, 1.7235 ns/op
OverheadActual  19: 131072 op, 231100.00 ns, 1.7632 ns/op
OverheadActual  20: 131072 op, 225700.00 ns, 1.7220 ns/op

WorkloadWarmup   1: 131072 op, 601633700.00 ns, 4.5901 us/op
WorkloadWarmup   2: 131072 op, 596602700.00 ns, 4.5517 us/op
WorkloadWarmup   3: 131072 op, 578067000.00 ns, 4.4103 us/op

// BeforeActualRun
WorkloadActual   1: 131072 op, 569149000.00 ns, 4.3423 us/op
WorkloadActual   2: 131072 op, 589668400.00 ns, 4.4988 us/op
WorkloadActual   3: 131072 op, 559922200.00 ns, 4.2719 us/op
WorkloadActual   4: 131072 op, 703201300.00 ns, 5.3650 us/op
WorkloadActual   5: 131072 op, 1058855200.00 ns, 8.0784 us/op
WorkloadActual   6: 131072 op, 592440100.00 ns, 4.5200 us/op
WorkloadActual   7: 131072 op, 659651600.00 ns, 5.0327 us/op
WorkloadActual   8: 131072 op, 673341900.00 ns, 5.1372 us/op
WorkloadActual   9: 131072 op, 586752100.00 ns, 4.4766 us/op
WorkloadActual  10: 131072 op, 746772300.00 ns, 5.6974 us/op

// AfterActualRun
WorkloadResult   1: 131072 op, 568918000.00 ns, 4.3405 us/op
WorkloadResult   2: 131072 op, 589437400.00 ns, 4.4971 us/op
WorkloadResult   3: 131072 op, 559691200.00 ns, 4.2701 us/op
WorkloadResult   4: 131072 op, 702970300.00 ns, 5.3632 us/op
WorkloadResult   5: 131072 op, 592209100.00 ns, 4.5182 us/op
WorkloadResult   6: 131072 op, 659420600.00 ns, 5.0310 us/op
WorkloadResult   7: 131072 op, 673110900.00 ns, 5.1354 us/op
WorkloadResult   8: 131072 op, 586521100.00 ns, 4.4748 us/op
WorkloadResult   9: 131072 op, 746541300.00 ns, 5.6957 us/op
// GC:  236 0 0 4458545552 131072
// Threading:  0 0 131072

// AfterAll
// Benchmark Process 55016 has exited with code 0.

Mean = 4.814 μs, StdErr = 0.169 μs (3.51%), N = 9, StdDev = 0.507 μs
Min = 4.270 μs, Q1 = 4.475 μs, Median = 4.518 μs, Q3 = 5.135 μs, Max = 5.696 μs
IQR = 0.661 μs, LowerFence = 3.484 μs, UpperFence = 6.126 μs
ConfidenceInterval = [3.963 μs; 5.665 μs] (CI 99.9%), Margin = 0.851 μs (17.68% of Mean)
Skewness = 0.45, Kurtosis = 1.48, MValue = 2

// ** Remained 5 (11.9%) benchmark(s) to run. Estimated finish 2026-05-18 18:10 (0h 1m from now) **
Setup power plan (GUID: 8c5e7fda-e8bf-4a96-9a85-a6e23a8c635c FriendlyName: High performance)
// **************************
// Benchmark: RegistrationBenchmarks.Register_FirstHandler: ShortRun(IterationCount=3, LaunchCount=1, WarmupCount=3)
// *** Execute ***
// Launch: 1 / 1
// Execute: dotnet 6c7ed3db-dd7f-401f-b526-5c0523d7f382.dll --anonymousPipes 1736 2084 --benchmarkName Chopsticks.Benchmarks.RegistrationBenchmarks.Register_FirstHandler --job ShortRun --benchmarkId 37 in A:\g\Chopsticks2\Native\Benchmarks\bin\Release\net9.0\6c7ed3db-dd7f-401f-b526-5c0523d7f382\bin\Release\net9.0
// BeforeAnythingElse

// Benchmark Process Environment Information:
// BenchmarkDotNet v0.14.0
// Runtime=.NET 9.0.16 (9.0.1626.22923), X64 RyuJIT AVX2
// GC=Concurrent Workstation
// HardwareIntrinsics=AVX2,AES,BMI1,BMI2,FMA,LZCNT,PCLMUL,POPCNT,AvxVnni,SERIALIZE VectorSize=256
// Job: ShortRun(IterationCount=3, LaunchCount=1, WarmupCount=3)

OverheadJitting  1: 1 op, 167800.00 ns, 167.8000 us/op
WorkloadJitting  1: 1 op, 2446100.00 ns, 2.4461 ms/op

OverheadJitting  2: 16 op, 308100.00 ns, 19.2563 us/op
WorkloadJitting  2: 16 op, 500400.00 ns, 31.2750 us/op

WorkloadPilot    1: 16 op, 6100.00 ns, 381.2500 ns/op
WorkloadPilot    2: 32 op, 12400.00 ns, 387.5000 ns/op
WorkloadPilot    3: 64 op, 23800.00 ns, 371.8750 ns/op
WorkloadPilot    4: 128 op, 48100.00 ns, 375.7813 ns/op
WorkloadPilot    5: 256 op, 92700.00 ns, 362.1094 ns/op
WorkloadPilot    6: 512 op, 161400.00 ns, 315.2344 ns/op
WorkloadPilot    7: 1024 op, 218400.00 ns, 213.2813 ns/op
WorkloadPilot    8: 2048 op, 524000.00 ns, 255.8594 ns/op
WorkloadPilot    9: 4096 op, 1039300.00 ns, 253.7354 ns/op
WorkloadPilot   10: 8192 op, 2060300.00 ns, 251.5015 ns/op
WorkloadPilot   11: 16384 op, 3766000.00 ns, 229.8584 ns/op
WorkloadPilot   12: 32768 op, 7062800.00 ns, 215.5396 ns/op
WorkloadPilot   13: 65536 op, 7430900.00 ns, 113.3865 ns/op
WorkloadPilot   14: 131072 op, 11079900.00 ns, 84.5329 ns/op
WorkloadPilot   15: 262144 op, 22321600.00 ns, 85.1501 ns/op
WorkloadPilot   16: 524288 op, 34652100.00 ns, 66.0936 ns/op
WorkloadPilot   17: 1048576 op, 76442500.00 ns, 72.9012 ns/op
WorkloadPilot   18: 2097152 op, 81331200.00 ns, 38.7817 ns/op
WorkloadPilot   19: 4194304 op, 206780700.00 ns, 49.3004 ns/op
WorkloadPilot   20: 8388608 op, 323067300.00 ns, 38.5126 ns/op
WorkloadPilot   21: 16777216 op, 645970400.00 ns, 38.5028 ns/op

OverheadWarmup   1: 16777216 op, 35524200.00 ns, 2.1174 ns/op
OverheadWarmup   2: 16777216 op, 33321100.00 ns, 1.9861 ns/op
OverheadWarmup   3: 16777216 op, 33469500.00 ns, 1.9949 ns/op
OverheadWarmup   4: 16777216 op, 39083300.00 ns, 2.3295 ns/op
OverheadWarmup   5: 16777216 op, 42141400.00 ns, 2.5118 ns/op
OverheadWarmup   6: 16777216 op, 42504200.00 ns, 2.5334 ns/op
OverheadWarmup   7: 16777216 op, 32569800.00 ns, 1.9413 ns/op
OverheadWarmup   8: 16777216 op, 31569300.00 ns, 1.8817 ns/op
OverheadWarmup   9: 16777216 op, 31615200.00 ns, 1.8844 ns/op
OverheadWarmup  10: 16777216 op, 43190200.00 ns, 2.5743 ns/op

OverheadActual   1: 16777216 op, 28985700.00 ns, 1.7277 ns/op
OverheadActual   2: 16777216 op, 29425800.00 ns, 1.7539 ns/op
OverheadActual   3: 16777216 op, 29182400.00 ns, 1.7394 ns/op
OverheadActual   4: 16777216 op, 28734200.00 ns, 1.7127 ns/op
OverheadActual   5: 16777216 op, 28122500.00 ns, 1.6762 ns/op
OverheadActual   6: 16777216 op, 28427400.00 ns, 1.6944 ns/op
OverheadActual   7: 16777216 op, 31950500.00 ns, 1.9044 ns/op
OverheadActual   8: 16777216 op, 33223600.00 ns, 1.9803 ns/op
OverheadActual   9: 16777216 op, 33634100.00 ns, 2.0047 ns/op
OverheadActual  10: 16777216 op, 34301000.00 ns, 2.0445 ns/op
OverheadActual  11: 16777216 op, 34388900.00 ns, 2.0497 ns/op
OverheadActual  12: 16777216 op, 27843700.00 ns, 1.6596 ns/op
OverheadActual  13: 16777216 op, 28338900.00 ns, 1.6891 ns/op
OverheadActual  14: 16777216 op, 28500300.00 ns, 1.6988 ns/op
OverheadActual  15: 16777216 op, 31882100.00 ns, 1.9003 ns/op
OverheadActual  16: 16777216 op, 33496900.00 ns, 1.9966 ns/op
OverheadActual  17: 16777216 op, 33530100.00 ns, 1.9985 ns/op
OverheadActual  18: 16777216 op, 33894100.00 ns, 2.0202 ns/op
OverheadActual  19: 16777216 op, 33572200.00 ns, 2.0011 ns/op
OverheadActual  20: 16777216 op, 33655900.00 ns, 2.0060 ns/op

WorkloadWarmup   1: 16777216 op, 801353600.00 ns, 47.7644 ns/op
WorkloadWarmup   2: 16777216 op, 822553900.00 ns, 49.0280 ns/op
WorkloadWarmup   3: 16777216 op, 762096600.00 ns, 45.4245 ns/op

// BeforeActualRun
WorkloadActual   1: 16777216 op, 764766700.00 ns, 45.5836 ns/op
WorkloadActual   2: 16777216 op, 695633300.00 ns, 41.4630 ns/op
WorkloadActual   3: 16777216 op, 669918900.00 ns, 39.9303 ns/op

// AfterActualRun
WorkloadResult   1: 16777216 op, 732850400.00 ns, 43.6813 ns/op
WorkloadResult   2: 16777216 op, 663717000.00 ns, 39.5606 ns/op
WorkloadResult   3: 16777216 op, 638002600.00 ns, 38.0279 ns/op
// GC:  370 0 0 6979322256 16777216
// Threading:  0 0 16777216

// AfterAll
// Benchmark Process 35308 has exited with code 0.

Mean = 40.423 ns, StdErr = 1.688 ns (4.18%), N = 3, StdDev = 2.924 ns
Min = 38.028 ns, Q1 = 38.794 ns, Median = 39.561 ns, Q3 = 41.621 ns, Max = 43.681 ns
IQR = 2.827 ns, LowerFence = 34.554 ns, UpperFence = 45.861 ns
ConfidenceInterval = [-12.917 ns; 93.763 ns] (CI 99.9%), Margin = 53.340 ns (131.95% of Mean)
Skewness = 0.27, Kurtosis = 0.67, MValue = 2

// ** Remained 4 (9.5%) benchmark(s) to run. Estimated finish 2026-05-18 18:10 (0h 0m from now) **
Setup power plan (GUID: 8c5e7fda-e8bf-4a96-9a85-a6e23a8c635c FriendlyName: High performance)
// **************************
// Benchmark: RegistrationBenchmarks.Register_5Handlers_Sequential: ShortRun(IterationCount=3, LaunchCount=1, WarmupCount=3)
// *** Execute ***
// Launch: 1 / 1
// Execute: dotnet 6c7ed3db-dd7f-401f-b526-5c0523d7f382.dll --anonymousPipes 1736 2084 --benchmarkName Chopsticks.Benchmarks.RegistrationBenchmarks.Register_5Handlers --job ShortRun --benchmarkId 38 in A:\g\Chopsticks2\Native\Benchmarks\bin\Release\net9.0\6c7ed3db-dd7f-401f-b526-5c0523d7f382\bin\Release\net9.0
// BeforeAnythingElse

// Benchmark Process Environment Information:
// BenchmarkDotNet v0.14.0
// Runtime=.NET 9.0.16 (9.0.1626.22923), X64 RyuJIT AVX2
// GC=Concurrent Workstation
// HardwareIntrinsics=AVX2,AES,BMI1,BMI2,FMA,LZCNT,PCLMUL,POPCNT,AvxVnni,SERIALIZE VectorSize=256
// Job: ShortRun(IterationCount=3, LaunchCount=1, WarmupCount=3)

OverheadJitting  1: 1 op, 146900.00 ns, 146.9000 us/op
WorkloadJitting  1: 1 op, 1483400.00 ns, 1.4834 ms/op

OverheadJitting  2: 16 op, 220800.00 ns, 13.8000 us/op
WorkloadJitting  2: 16 op, 221200.00 ns, 13.8250 us/op

WorkloadPilot    1: 16 op, 10800.00 ns, 675.0000 ns/op
WorkloadPilot    2: 32 op, 20200.00 ns, 631.2500 ns/op
WorkloadPilot    3: 64 op, 54400.00 ns, 850.0000 ns/op
WorkloadPilot    4: 128 op, 94200.00 ns, 735.9375 ns/op
WorkloadPilot    5: 256 op, 193700.00 ns, 756.6406 ns/op
WorkloadPilot    6: 512 op, 372400.00 ns, 727.3438 ns/op
WorkloadPilot    7: 1024 op, 635800.00 ns, 620.8984 ns/op
WorkloadPilot    8: 2048 op, 1388200.00 ns, 677.8320 ns/op
WorkloadPilot    9: 4096 op, 3153400.00 ns, 769.8730 ns/op
WorkloadPilot   10: 8192 op, 5404900.00 ns, 659.7778 ns/op
WorkloadPilot   11: 16384 op, 11172000.00 ns, 681.8848 ns/op
WorkloadPilot   12: 32768 op, 15269500.00 ns, 465.9882 ns/op
WorkloadPilot   13: 65536 op, 30213200.00 ns, 461.0168 ns/op
WorkloadPilot   14: 131072 op, 50927000.00 ns, 388.5422 ns/op
WorkloadPilot   15: 262144 op, 101333700.00 ns, 386.5574 ns/op
WorkloadPilot   16: 524288 op, 101649500.00 ns, 193.8810 ns/op
WorkloadPilot   17: 1048576 op, 185096700.00 ns, 176.5220 ns/op
WorkloadPilot   18: 2097152 op, 295437000.00 ns, 140.8753 ns/op
WorkloadPilot   19: 4194304 op, 715302300.00 ns, 170.5414 ns/op

OverheadWarmup   1: 4194304 op, 6987400.00 ns, 1.6659 ns/op
OverheadWarmup   2: 4194304 op, 7418700.00 ns, 1.7688 ns/op
OverheadWarmup   3: 4194304 op, 6944800.00 ns, 1.6558 ns/op
OverheadWarmup   4: 4194304 op, 7486200.00 ns, 1.7848 ns/op
OverheadWarmup   5: 4194304 op, 6905400.00 ns, 1.6464 ns/op

OverheadActual   1: 4194304 op, 5605600.00 ns, 1.3365 ns/op
OverheadActual   2: 4194304 op, 5543200.00 ns, 1.3216 ns/op
OverheadActual   3: 4194304 op, 7901300.00 ns, 1.8838 ns/op
OverheadActual   4: 4194304 op, 6609300.00 ns, 1.5758 ns/op
OverheadActual   5: 4194304 op, 6803400.00 ns, 1.6221 ns/op
OverheadActual   6: 4194304 op, 6975200.00 ns, 1.6630 ns/op
OverheadActual   7: 4194304 op, 5652800.00 ns, 1.3477 ns/op
OverheadActual   8: 4194304 op, 5920800.00 ns, 1.4116 ns/op
OverheadActual   9: 4194304 op, 5808600.00 ns, 1.3849 ns/op
OverheadActual  10: 4194304 op, 5834500.00 ns, 1.3911 ns/op
OverheadActual  11: 4194304 op, 5898300.00 ns, 1.4063 ns/op
OverheadActual  12: 4194304 op, 6092600.00 ns, 1.4526 ns/op
OverheadActual  13: 4194304 op, 6776500.00 ns, 1.6156 ns/op
OverheadActual  14: 4194304 op, 7453000.00 ns, 1.7769 ns/op
OverheadActual  15: 4194304 op, 7175000.00 ns, 1.7107 ns/op
OverheadActual  16: 4194304 op, 7210000.00 ns, 1.7190 ns/op
OverheadActual  17: 4194304 op, 9838200.00 ns, 2.3456 ns/op
OverheadActual  18: 4194304 op, 6005400.00 ns, 1.4318 ns/op
OverheadActual  19: 4194304 op, 6068800.00 ns, 1.4469 ns/op
OverheadActual  20: 4194304 op, 5838000.00 ns, 1.3919 ns/op

WorkloadWarmup   1: 4194304 op, 586375500.00 ns, 139.8028 ns/op
WorkloadWarmup   2: 4194304 op, 700721700.00 ns, 167.0651 ns/op
WorkloadWarmup   3: 4194304 op, 571299700.00 ns, 136.2085 ns/op

// BeforeActualRun
WorkloadActual   1: 4194304 op, 662270800.00 ns, 157.8977 ns/op
WorkloadActual   2: 4194304 op, 597352900.00 ns, 142.4200 ns/op
WorkloadActual   3: 4194304 op, 584519200.00 ns, 139.3602 ns/op

// AfterActualRun
WorkloadResult   1: 4194304 op, 656190100.00 ns, 156.4479 ns/op
WorkloadResult   2: 4194304 op, 591272200.00 ns, 140.9703 ns/op
WorkloadResult   3: 4194304 op, 578438500.00 ns, 137.9105 ns/op
// GC:  228 0 0 4294967696 4194304
// Threading:  0 0 4194304

// AfterAll
// Benchmark Process 49220 has exited with code 0.

Mean = 145.110 ns, StdErr = 5.738 ns (3.95%), N = 3, StdDev = 9.938 ns
Min = 137.910 ns, Q1 = 139.440 ns, Median = 140.970 ns, Q3 = 148.709 ns, Max = 156.448 ns
IQR = 9.269 ns, LowerFence = 125.537 ns, UpperFence = 162.612 ns
ConfidenceInterval = [-36.192 ns; 326.411 ns] (CI 99.9%), Margin = 181.302 ns (124.94% of Mean)
Skewness = 0.34, Kurtosis = 0.67, MValue = 2

// ** Remained 3 (7.1%) benchmark(s) to run. Estimated finish 2026-05-18 18:10 (0h 0m from now) **
Setup power plan (GUID: 8c5e7fda-e8bf-4a96-9a85-a6e23a8c635c FriendlyName: High performance)
// **************************
// Benchmark: RegistrationBenchmarks.Register_10Handlers_Sequential: ShortRun(IterationCount=3, LaunchCount=1, WarmupCount=3)
// *** Execute ***
// Launch: 1 / 1
// Execute: dotnet 6c7ed3db-dd7f-401f-b526-5c0523d7f382.dll --anonymousPipes 1736 2084 --benchmarkName Chopsticks.Benchmarks.RegistrationBenchmarks.Register_10Handlers --job ShortRun --benchmarkId 39 in A:\g\Chopsticks2\Native\Benchmarks\bin\Release\net9.0\6c7ed3db-dd7f-401f-b526-5c0523d7f382\bin\Release\net9.0
// BeforeAnythingElse

// Benchmark Process Environment Information:
// BenchmarkDotNet v0.14.0
// Runtime=.NET 9.0.16 (9.0.1626.22923), X64 RyuJIT AVX2
// GC=Concurrent Workstation
// HardwareIntrinsics=AVX2,AES,BMI1,BMI2,FMA,LZCNT,PCLMUL,POPCNT,AvxVnni,SERIALIZE VectorSize=256
// Job: ShortRun(IterationCount=3, LaunchCount=1, WarmupCount=3)

OverheadJitting  1: 1 op, 153200.00 ns, 153.2000 us/op
WorkloadJitting  1: 1 op, 1455100.00 ns, 1.4551 ms/op

OverheadJitting  2: 16 op, 218400.00 ns, 13.6500 us/op
WorkloadJitting  2: 16 op, 239100.00 ns, 14.9438 us/op

WorkloadPilot    1: 16 op, 30300.00 ns, 1.8938 us/op
WorkloadPilot    2: 32 op, 63200.00 ns, 1.9750 us/op
WorkloadPilot    3: 64 op, 123100.00 ns, 1.9234 us/op
WorkloadPilot    4: 128 op, 249600.00 ns, 1.9500 us/op
WorkloadPilot    5: 256 op, 411900.00 ns, 1.6090 us/op
WorkloadPilot    6: 512 op, 798800.00 ns, 1.5602 us/op
WorkloadPilot    7: 1024 op, 1520600.00 ns, 1.4850 us/op
WorkloadPilot    8: 2048 op, 2722300.00 ns, 1.3292 us/op
WorkloadPilot    9: 4096 op, 5974200.00 ns, 1.4585 us/op
WorkloadPilot   10: 8192 op, 12749200.00 ns, 1.5563 us/op
WorkloadPilot   11: 16384 op, 17172000.00 ns, 1.0481 us/op
WorkloadPilot   12: 32768 op, 30933700.00 ns, 944.0216 ns/op
WorkloadPilot   13: 65536 op, 72737500.00 ns, 1.1099 us/op
WorkloadPilot   14: 131072 op, 116936800.00 ns, 892.1570 ns/op
WorkloadPilot   15: 262144 op, 82807700.00 ns, 315.8863 ns/op
WorkloadPilot   16: 524288 op, 175351600.00 ns, 334.4566 ns/op
WorkloadPilot   17: 1048576 op, 415364200.00 ns, 396.1222 ns/op
WorkloadPilot   18: 2097152 op, 809820100.00 ns, 386.1523 ns/op

OverheadWarmup   1: 2097152 op, 3268900.00 ns, 1.5587 ns/op
OverheadWarmup   2: 2097152 op, 3505500.00 ns, 1.6716 ns/op
OverheadWarmup   3: 2097152 op, 2928700.00 ns, 1.3965 ns/op
OverheadWarmup   4: 2097152 op, 3328000.00 ns, 1.5869 ns/op
OverheadWarmup   5: 2097152 op, 3341500.00 ns, 1.5934 ns/op
OverheadWarmup   6: 2097152 op, 3467900.00 ns, 1.6536 ns/op
OverheadWarmup   7: 2097152 op, 3688700.00 ns, 1.7589 ns/op
OverheadWarmup   8: 2097152 op, 3614900.00 ns, 1.7237 ns/op

OverheadActual   1: 2097152 op, 2730500.00 ns, 1.3020 ns/op
OverheadActual   2: 2097152 op, 2823600.00 ns, 1.3464 ns/op
OverheadActual   3: 2097152 op, 3039000.00 ns, 1.4491 ns/op
OverheadActual   4: 2097152 op, 2793800.00 ns, 1.3322 ns/op
OverheadActual   5: 2097152 op, 3064400.00 ns, 1.4612 ns/op
OverheadActual   6: 2097152 op, 3231800.00 ns, 1.5410 ns/op
OverheadActual   7: 2097152 op, 3365000.00 ns, 1.6046 ns/op
OverheadActual   8: 2097152 op, 2880900.00 ns, 1.3737 ns/op
OverheadActual   9: 2097152 op, 2943900.00 ns, 1.4038 ns/op
OverheadActual  10: 2097152 op, 2738100.00 ns, 1.3056 ns/op
OverheadActual  11: 2097152 op, 2982900.00 ns, 1.4224 ns/op
OverheadActual  12: 2097152 op, 3264800.00 ns, 1.5568 ns/op
OverheadActual  13: 2097152 op, 2713900.00 ns, 1.2941 ns/op
OverheadActual  14: 2097152 op, 2908700.00 ns, 1.3870 ns/op
OverheadActual  15: 2097152 op, 2895400.00 ns, 1.3806 ns/op
OverheadActual  16: 2097152 op, 2965900.00 ns, 1.4143 ns/op
OverheadActual  17: 2097152 op, 3031900.00 ns, 1.4457 ns/op
OverheadActual  18: 2097152 op, 3024400.00 ns, 1.4421 ns/op
OverheadActual  19: 2097152 op, 2786600.00 ns, 1.3288 ns/op
OverheadActual  20: 2097152 op, 2813000.00 ns, 1.3413 ns/op

WorkloadWarmup   1: 2097152 op, 832273000.00 ns, 396.8587 ns/op
WorkloadWarmup   2: 2097152 op, 812440900.00 ns, 387.4020 ns/op
WorkloadWarmup   3: 2097152 op, 689115700.00 ns, 328.5960 ns/op

// BeforeActualRun
WorkloadActual   1: 2097152 op, 672650600.00 ns, 320.7448 ns/op
WorkloadActual   2: 2097152 op, 795203700.00 ns, 379.1827 ns/op
WorkloadActual   3: 2097152 op, 668831000.00 ns, 318.9235 ns/op

// AfterActualRun
WorkloadResult   1: 2097152 op, 669724300.00 ns, 319.3494 ns/op
WorkloadResult   2: 2097152 op, 792277400.00 ns, 377.7873 ns/op
WorkloadResult   3: 2097152 op, 665904700.00 ns, 317.5281 ns/op
// GC:  215 1 0 4060086672 2097152
// Threading:  0 0 2097152

// AfterAll
// Benchmark Process 64080 has exited with code 0.

Mean = 338.222 ns, StdErr = 19.790 ns (5.85%), N = 3, StdDev = 34.277 ns
Min = 317.528 ns, Q1 = 318.439 ns, Median = 319.349 ns, Q3 = 348.568 ns, Max = 377.787 ns
IQR = 30.130 ns, LowerFence = 273.244 ns, UpperFence = 393.763 ns
ConfidenceInterval = [-287.118 ns; 963.562 ns] (CI 99.9%), Margin = 625.340 ns (184.89% of Mean)
Skewness = 0.38, Kurtosis = 0.67, MValue = 2

// ** Remained 2 (4.8%) benchmark(s) to run. Estimated finish 2026-05-18 18:10 (0h 0m from now) **
Setup power plan (GUID: 8c5e7fda-e8bf-4a96-9a85-a6e23a8c635c FriendlyName: High performance)
// **************************
// Benchmark: RegistrationBenchmarks.Register_WithVaryingOrder: ShortRun(IterationCount=3, LaunchCount=1, WarmupCount=3)
// *** Execute ***
// Launch: 1 / 1
// Execute: dotnet 6c7ed3db-dd7f-401f-b526-5c0523d7f382.dll --anonymousPipes 2180 2168 --benchmarkName Chopsticks.Benchmarks.RegistrationBenchmarks.Register_WithVaryingOrder --job ShortRun --benchmarkId 40 in A:\g\Chopsticks2\Native\Benchmarks\bin\Release\net9.0\6c7ed3db-dd7f-401f-b526-5c0523d7f382\bin\Release\net9.0
// BeforeAnythingElse

// Benchmark Process Environment Information:
// BenchmarkDotNet v0.14.0
// Runtime=.NET 9.0.16 (9.0.1626.22923), X64 RyuJIT AVX2
// GC=Concurrent Workstation
// HardwareIntrinsics=AVX2,AES,BMI1,BMI2,FMA,LZCNT,PCLMUL,POPCNT,AvxVnni,SERIALIZE VectorSize=256
// Job: ShortRun(IterationCount=3, LaunchCount=1, WarmupCount=3)

OverheadJitting  1: 1 op, 271100.00 ns, 271.1000 us/op
WorkloadJitting  1: 1 op, 1431100.00 ns, 1.4311 ms/op

OverheadJitting  2: 16 op, 231400.00 ns, 14.4625 us/op
WorkloadJitting  2: 16 op, 203000.00 ns, 12.6875 us/op

WorkloadPilot    1: 16 op, 10800.00 ns, 675.0000 ns/op
WorkloadPilot    2: 32 op, 29500.00 ns, 921.8750 ns/op
WorkloadPilot    3: 64 op, 52200.00 ns, 815.6250 ns/op
WorkloadPilot    4: 128 op, 95600.00 ns, 746.8750 ns/op
WorkloadPilot    5: 256 op, 205900.00 ns, 804.2969 ns/op
WorkloadPilot    6: 512 op, 323200.00 ns, 631.2500 ns/op
WorkloadPilot    7: 1024 op, 699200.00 ns, 682.8125 ns/op
WorkloadPilot    8: 2048 op, 1164300.00 ns, 568.5059 ns/op
WorkloadPilot    9: 4096 op, 2395400.00 ns, 584.8145 ns/op
WorkloadPilot   10: 8192 op, 4867100.00 ns, 594.1284 ns/op
WorkloadPilot   11: 16384 op, 9588200.00 ns, 585.2173 ns/op
WorkloadPilot   12: 32768 op, 11658600.00 ns, 355.7922 ns/op
WorkloadPilot   13: 65536 op, 22250700.00 ns, 339.5187 ns/op
WorkloadPilot   14: 131072 op, 44502000.00 ns, 339.5233 ns/op
WorkloadPilot   15: 262144 op, 85705400.00 ns, 326.9402 ns/op
WorkloadPilot   16: 524288 op, 145173800.00 ns, 276.8970 ns/op
WorkloadPilot   17: 1048576 op, 203699700.00 ns, 194.2632 ns/op
WorkloadPilot   18: 2097152 op, 339359300.00 ns, 161.8191 ns/op
WorkloadPilot   19: 4194304 op, 677303600.00 ns, 161.4818 ns/op

OverheadWarmup   1: 4194304 op, 6485800.00 ns, 1.5463 ns/op
OverheadWarmup   2: 4194304 op, 6562600.00 ns, 1.5646 ns/op
OverheadWarmup   3: 4194304 op, 5818100.00 ns, 1.3871 ns/op
OverheadWarmup   4: 4194304 op, 5902700.00 ns, 1.4073 ns/op
OverheadWarmup   5: 4194304 op, 6390900.00 ns, 1.5237 ns/op
OverheadWarmup   6: 4194304 op, 6040900.00 ns, 1.4403 ns/op

OverheadActual   1: 4194304 op, 5762200.00 ns, 1.3738 ns/op
OverheadActual   2: 4194304 op, 6440500.00 ns, 1.5355 ns/op
OverheadActual   3: 4194304 op, 6059700.00 ns, 1.4447 ns/op
OverheadActual   4: 4194304 op, 5904300.00 ns, 1.4077 ns/op
OverheadActual   5: 4194304 op, 6004000.00 ns, 1.4315 ns/op
OverheadActual   6: 4194304 op, 6008300.00 ns, 1.4325 ns/op
OverheadActual   7: 4194304 op, 5909600.00 ns, 1.4090 ns/op
OverheadActual   8: 4194304 op, 6484100.00 ns, 1.5459 ns/op
OverheadActual   9: 4194304 op, 5703300.00 ns, 1.3598 ns/op
OverheadActual  10: 4194304 op, 7435800.00 ns, 1.7728 ns/op
OverheadActual  11: 4194304 op, 6541200.00 ns, 1.5595 ns/op
OverheadActual  12: 4194304 op, 5736800.00 ns, 1.3678 ns/op
OverheadActual  13: 4194304 op, 12402200.00 ns, 2.9569 ns/op
OverheadActual  14: 4194304 op, 5821500.00 ns, 1.3880 ns/op
OverheadActual  15: 4194304 op, 7410700.00 ns, 1.7668 ns/op
OverheadActual  16: 4194304 op, 6779700.00 ns, 1.6164 ns/op
OverheadActual  17: 4194304 op, 6904600.00 ns, 1.6462 ns/op
OverheadActual  18: 4194304 op, 6763000.00 ns, 1.6124 ns/op
OverheadActual  19: 4194304 op, 7124100.00 ns, 1.6985 ns/op
OverheadActual  20: 4194304 op, 7312000.00 ns, 1.7433 ns/op

WorkloadWarmup   1: 4194304 op, 845621200.00 ns, 201.6118 ns/op
WorkloadWarmup   2: 4194304 op, 833955800.00 ns, 198.8306 ns/op
WorkloadWarmup   3: 4194304 op, 839012700.00 ns, 200.0362 ns/op

// BeforeActualRun
WorkloadActual   1: 4194304 op, 985875600.00 ns, 235.0511 ns/op
WorkloadActual   2: 4194304 op, 1387151500.00 ns, 330.7227 ns/op
WorkloadActual   3: 4194304 op, 900888400.00 ns, 214.7885 ns/op

// AfterActualRun
WorkloadResult   1: 4194304 op, 979413300.00 ns, 233.5103 ns/op
WorkloadResult   2: 4194304 op, 1380689200.00 ns, 329.1820 ns/op
WorkloadResult   3: 4194304 op, 894426100.00 ns, 213.2478 ns/op
// GC:  228 0 0 4294967696 4194304
// Threading:  0 0 4194304

// AfterAll
// Benchmark Process 65764 has exited with code 0.

Mean = 258.647 ns, StdErr = 35.749 ns (13.82%), N = 3, StdDev = 61.920 ns
Min = 213.248 ns, Q1 = 223.379 ns, Median = 233.510 ns, Q3 = 281.346 ns, Max = 329.182 ns
IQR = 57.967 ns, LowerFence = 136.428 ns, UpperFence = 368.297 ns
ConfidenceInterval = [-871.001 ns; 1,388.294 ns] (CI 99.9%), Margin = 1,129.647 ns (436.75% of Mean)
Skewness = 0.34, Kurtosis = 0.67, MValue = 2

// ** Remained 1 (2.4%) benchmark(s) to run. Estimated finish 2026-05-18 18:10 (0h 0m from now) **
Setup power plan (GUID: 8c5e7fda-e8bf-4a96-9a85-a6e23a8c635c FriendlyName: High performance)
// **************************
// Benchmark: RegistrationBenchmarks.AccessHandlerArray_1Handler: ShortRun(IterationCount=3, LaunchCount=1, WarmupCount=3)
// *** Execute ***
// Launch: 1 / 1
// Execute: dotnet 6c7ed3db-dd7f-401f-b526-5c0523d7f382.dll --anonymousPipes 1648 2088 --benchmarkName Chopsticks.Benchmarks.RegistrationBenchmarks.AccessHandlerArray_1Handler --job ShortRun --benchmarkId 41 in A:\g\Chopsticks2\Native\Benchmarks\bin\Release\net9.0\6c7ed3db-dd7f-401f-b526-5c0523d7f382\bin\Release\net9.0
// BeforeAnythingElse

// Benchmark Process Environment Information:
// BenchmarkDotNet v0.14.0
// Runtime=.NET 9.0.16 (9.0.1626.22923), X64 RyuJIT AVX2
// GC=Concurrent Workstation
// HardwareIntrinsics=AVX2,AES,BMI1,BMI2,FMA,LZCNT,PCLMUL,POPCNT,AvxVnni,SERIALIZE VectorSize=256
// Job: ShortRun(IterationCount=3, LaunchCount=1, WarmupCount=3)

OverheadJitting  1: 1 op, 143300.00 ns, 143.3000 us/op
WorkloadJitting  1: 1 op, 2279000.00 ns, 2.2790 ms/op

OverheadJitting  2: 16 op, 189400.00 ns, 11.8375 us/op
WorkloadJitting  2: 16 op, 569600.00 ns, 35.6000 us/op

WorkloadPilot    1: 16 op, 308400.00 ns, 19.2750 us/op
WorkloadPilot    2: 32 op, 679500.00 ns, 21.2344 us/op
WorkloadPilot    3: 64 op, 1253600.00 ns, 19.5875 us/op
WorkloadPilot    4: 128 op, 2404800.00 ns, 18.7875 us/op
WorkloadPilot    5: 256 op, 5020500.00 ns, 19.6113 us/op
WorkloadPilot    6: 512 op, 10135400.00 ns, 19.7957 us/op
WorkloadPilot    7: 1024 op, 12132200.00 ns, 11.8479 us/op
WorkloadPilot    8: 2048 op, 23153100.00 ns, 11.3052 us/op
WorkloadPilot    9: 4096 op, 46967700.00 ns, 11.4667 us/op
WorkloadPilot   10: 8192 op, 66002200.00 ns, 8.0569 us/op
WorkloadPilot   11: 16384 op, 61025900.00 ns, 3.7247 us/op
WorkloadPilot   12: 32768 op, 122524700.00 ns, 3.7392 us/op
WorkloadPilot   13: 65536 op, 245832700.00 ns, 3.7511 us/op
WorkloadPilot   14: 131072 op, 528392900.00 ns, 4.0313 us/op

OverheadWarmup   1: 131072 op, 186900.00 ns, 1.4259 ns/op
OverheadWarmup   2: 131072 op, 183500.00 ns, 1.4000 ns/op
OverheadWarmup   3: 131072 op, 201200.00 ns, 1.5350 ns/op
OverheadWarmup   4: 131072 op, 190900.00 ns, 1.4565 ns/op
OverheadWarmup   5: 131072 op, 196100.00 ns, 1.4961 ns/op
OverheadWarmup   6: 131072 op, 207100.00 ns, 1.5800 ns/op
OverheadWarmup   7: 131072 op, 194700.00 ns, 1.4854 ns/op

OverheadActual   1: 131072 op, 181400.00 ns, 1.3840 ns/op
OverheadActual   2: 131072 op, 175500.00 ns, 1.3390 ns/op
OverheadActual   3: 131072 op, 181500.00 ns, 1.3847 ns/op
OverheadActual   4: 131072 op, 180800.00 ns, 1.3794 ns/op
OverheadActual   5: 131072 op, 233600.00 ns, 1.7822 ns/op
OverheadActual   6: 131072 op, 215400.00 ns, 1.6434 ns/op
OverheadActual   7: 131072 op, 219300.00 ns, 1.6731 ns/op
OverheadActual   8: 131072 op, 178900.00 ns, 1.3649 ns/op
OverheadActual   9: 131072 op, 181700.00 ns, 1.3863 ns/op
OverheadActual  10: 131072 op, 193400.00 ns, 1.4755 ns/op
OverheadActual  11: 131072 op, 175000.00 ns, 1.3351 ns/op
OverheadActual  12: 131072 op, 184200.00 ns, 1.4053 ns/op
OverheadActual  13: 131072 op, 194300.00 ns, 1.4824 ns/op
OverheadActual  14: 131072 op, 209000.00 ns, 1.5945 ns/op
OverheadActual  15: 131072 op, 196500.00 ns, 1.4992 ns/op
OverheadActual  16: 131072 op, 206100.00 ns, 1.5724 ns/op
OverheadActual  17: 131072 op, 195100.00 ns, 1.4885 ns/op
OverheadActual  18: 131072 op, 185500.00 ns, 1.4153 ns/op
OverheadActual  19: 131072 op, 181000.00 ns, 1.3809 ns/op
OverheadActual  20: 131072 op, 180700.00 ns, 1.3786 ns/op

WorkloadWarmup   1: 131072 op, 486935600.00 ns, 3.7150 us/op
WorkloadWarmup   2: 131072 op, 498634300.00 ns, 3.8043 us/op
WorkloadWarmup   3: 131072 op, 480009400.00 ns, 3.6622 us/op

// BeforeActualRun
WorkloadActual   1: 131072 op, 493700900.00 ns, 3.7666 us/op
WorkloadActual   2: 131072 op, 479111900.00 ns, 3.6553 us/op
WorkloadActual   3: 131072 op, 491660500.00 ns, 3.7511 us/op

// AfterActualRun
WorkloadResult   1: 131072 op, 493516050.00 ns, 3.7652 us/op
WorkloadResult   2: 131072 op, 478927050.00 ns, 3.6539 us/op
WorkloadResult   3: 131072 op, 491475650.00 ns, 3.7497 us/op
// GC:  236 0 0 4458545552 131072
// Threading:  0 0 131072

// AfterAll
// Benchmark Process 50516 has exited with code 0.

Mean = 3.723 μs, StdErr = 0.035 μs (0.93%), N = 3, StdDev = 0.060 μs
Min = 3.654 μs, Q1 = 3.702 μs, Median = 3.750 μs, Q3 = 3.757 μs, Max = 3.765 μs
IQR = 0.056 μs, LowerFence = 3.618 μs, UpperFence = 3.841 μs
ConfidenceInterval = [2.623 μs; 4.823 μs] (CI 99.9%), Margin = 1.100 μs (29.54% of Mean)
Skewness = -0.36, Kurtosis = 0.67, MValue = 2

// ** Remained 0 (0.0%) benchmark(s) to run. Estimated finish 2026-05-18 18:09 (0h 0m from now) **
Successfully reverted power plan (GUID: 381b4222-f694-41f0-9685-ff5bb260df2e FriendlyName: Balanced)
// ***** BenchmarkRunner: Finish  *****

// * Export *
  BenchmarkDotNet.Artifacts\results\Chopsticks.Benchmarks.RegistrationBenchmarks-report.csv
  BenchmarkDotNet.Artifacts\results\Chopsticks.Benchmarks.RegistrationBenchmarks-report-github.md
  BenchmarkDotNet.Artifacts\results\Chopsticks.Benchmarks.RegistrationBenchmarks-report.html

// * Detailed results *
RegistrationBenchmarks.Register_FirstHandler: Job-HMXGET(IterationCount=10, WarmupCount=3)
Runtime = .NET 9.0.16 (9.0.1626.22923), X64 RyuJIT AVX2; GC = Concurrent Workstation
Mean = 48.428 ns, StdErr = 0.995 ns (2.05%), N = 10, StdDev = 3.145 ns
Min = 45.266 ns, Q1 = 46.197 ns, Median = 47.219 ns, Q3 = 50.597 ns, Max = 54.052 ns
IQR = 4.400 ns, LowerFence = 39.597 ns, UpperFence = 57.197 ns
ConfidenceInterval = [43.673 ns; 53.183 ns] (CI 99.9%), Margin = 4.755 ns (9.82% of Mean)
Skewness = 0.61, Kurtosis = 1.65, MValue = 2.86
-------------------- Histogram --------------------
[45.105 ns ; 48.938 ns) | @@@@@@@
[48.938 ns ; 50.712 ns) | 
[50.712 ns ; 54.544 ns) | @@@
---------------------------------------------------

RegistrationBenchmarks.Register_5Handlers_Sequential: Job-HMXGET(IterationCount=10, WarmupCount=3)
Runtime = .NET 9.0.16 (9.0.1626.22923), X64 RyuJIT AVX2; GC = Concurrent Workstation
Mean = 167.054 ns, StdErr = 0.729 ns (0.44%), N = 10, StdDev = 2.307 ns
Min = 164.092 ns, Q1 = 164.934 ns, Median = 167.020 ns, Q3 = 168.850 ns, Max = 170.236 ns
IQR = 3.916 ns, LowerFence = 159.060 ns, UpperFence = 174.724 ns
ConfidenceInterval = [163.567 ns; 170.541 ns] (CI 99.9%), Margin = 3.487 ns (2.09% of Mean)
Skewness = 0.13, Kurtosis = 1.37, MValue = 2
-------------------- Histogram --------------------
[162.686 ns ; 170.577 ns) | @@@@@@@@@@
---------------------------------------------------

RegistrationBenchmarks.Register_10Handlers_Sequential: Job-HMXGET(IterationCount=10, WarmupCount=3)
Runtime = .NET 9.0.16 (9.0.1626.22923), X64 RyuJIT AVX2; GC = Concurrent Workstation
Mean = 397.540 ns, StdErr = 2.953 ns (0.74%), N = 10, StdDev = 9.338 ns
Min = 388.230 ns, Q1 = 389.768 ns, Median = 395.120 ns, Q3 = 402.196 ns, Max = 413.773 ns
IQR = 12.427 ns, LowerFence = 371.128 ns, UpperFence = 420.836 ns
ConfidenceInterval = [383.422 ns; 411.657 ns] (CI 99.9%), Margin = 14.117 ns (3.55% of Mean)
Skewness = 0.58, Kurtosis = 1.7, MValue = 2
-------------------- Histogram --------------------
[388.204 ns ; 399.582 ns) | @@@@@@@
[399.582 ns ; 414.113 ns) | @@@
---------------------------------------------------

RegistrationBenchmarks.Register_WithVaryingOrder: Job-HMXGET(IterationCount=10, WarmupCount=3)
Runtime = .NET 9.0.16 (9.0.1626.22923), X64 RyuJIT AVX2; GC = Concurrent Workstation
Mean = 211.947 ns, StdErr = 3.601 ns (1.70%), N = 9, StdDev = 10.802 ns
Min = 196.717 ns, Q1 = 206.858 ns, Median = 210.443 ns, Q3 = 215.596 ns, Max = 233.795 ns
IQR = 8.738 ns, LowerFence = 193.751 ns, UpperFence = 228.704 ns
ConfidenceInterval = [193.795 ns; 230.100 ns] (CI 99.9%), Margin = 18.152 ns (8.56% of Mean)
Skewness = 0.57, Kurtosis = 2.43, MValue = 2
-------------------- Histogram --------------------
[189.901 ns ; 202.066 ns) | @
[202.066 ns ; 215.698 ns) | @@@@@@
[215.698 ns ; 220.362 ns) | 
[220.362 ns ; 233.994 ns) | @@
---------------------------------------------------

RegistrationBenchmarks.AccessHandlerArray_1Handler: Job-HMXGET(IterationCount=10, WarmupCount=3)
Runtime = .NET 9.0.16 (9.0.1626.22923), X64 RyuJIT AVX2; GC = Concurrent Workstation
Mean = 4.814 μs, StdErr = 0.169 μs (3.51%), N = 9, StdDev = 0.507 μs
Min = 4.270 μs, Q1 = 4.475 μs, Median = 4.518 μs, Q3 = 5.135 μs, Max = 5.696 μs
IQR = 0.661 μs, LowerFence = 3.484 μs, UpperFence = 6.126 μs
ConfidenceInterval = [3.963 μs; 5.665 μs] (CI 99.9%), Margin = 0.851 μs (17.68% of Mean)
Skewness = 0.45, Kurtosis = 1.48, MValue = 2
-------------------- Histogram --------------------
[4.075 μs ; 4.878 μs) | @@@@@
[4.878 μs ; 5.517 μs) | @@@
[5.517 μs ; 6.015 μs) | @
---------------------------------------------------

RegistrationBenchmarks.Register_FirstHandler: ShortRun(IterationCount=3, LaunchCount=1, WarmupCount=3)
Runtime = .NET 9.0.16 (9.0.1626.22923), X64 RyuJIT AVX2; GC = Concurrent Workstation
Mean = 40.423 ns, StdErr = 1.688 ns (4.18%), N = 3, StdDev = 2.924 ns
Min = 38.028 ns, Q1 = 38.794 ns, Median = 39.561 ns, Q3 = 41.621 ns, Max = 43.681 ns
IQR = 2.827 ns, LowerFence = 34.554 ns, UpperFence = 45.861 ns
ConfidenceInterval = [-12.917 ns; 93.763 ns] (CI 99.9%), Margin = 53.340 ns (131.95% of Mean)
Skewness = 0.27, Kurtosis = 0.67, MValue = 2
-------------------- Histogram --------------------
[36.134 ns ; 41.455 ns) | @@
[41.455 ns ; 46.342 ns) | @
---------------------------------------------------

RegistrationBenchmarks.Register_5Handlers_Sequential: ShortRun(IterationCount=3, LaunchCount=1, WarmupCount=3)
Runtime = .NET 9.0.16 (9.0.1626.22923), X64 RyuJIT AVX2; GC = Concurrent Workstation
Mean = 145.110 ns, StdErr = 5.738 ns (3.95%), N = 3, StdDev = 9.938 ns
Min = 137.910 ns, Q1 = 139.440 ns, Median = 140.970 ns, Q3 = 148.709 ns, Max = 156.448 ns
IQR = 9.269 ns, LowerFence = 125.537 ns, UpperFence = 162.612 ns
ConfidenceInterval = [-36.192 ns; 326.411 ns] (CI 99.9%), Margin = 181.302 ns (124.94% of Mean)
Skewness = 0.34, Kurtosis = 0.67, MValue = 2
-------------------- Histogram --------------------
[128.867 ns ; 148.484 ns) | @@
[148.484 ns ; 165.492 ns) | @
---------------------------------------------------

RegistrationBenchmarks.Register_10Handlers_Sequential: ShortRun(IterationCount=3, LaunchCount=1, WarmupCount=3)
Runtime = .NET 9.0.16 (9.0.1626.22923), X64 RyuJIT AVX2; GC = Concurrent Workstation
Mean = 338.222 ns, StdErr = 19.790 ns (5.85%), N = 3, StdDev = 34.277 ns
Min = 317.528 ns, Q1 = 318.439 ns, Median = 319.349 ns, Q3 = 348.568 ns, Max = 377.787 ns
IQR = 30.130 ns, LowerFence = 273.244 ns, UpperFence = 393.763 ns
ConfidenceInterval = [-287.118 ns; 963.562 ns] (CI 99.9%), Margin = 625.340 ns (184.89% of Mean)
Skewness = 0.38, Kurtosis = 0.67, MValue = 2
-------------------- Histogram --------------------
[316.464 ns ; 378.851 ns) | @@@
---------------------------------------------------

RegistrationBenchmarks.Register_WithVaryingOrder: ShortRun(IterationCount=3, LaunchCount=1, WarmupCount=3)
Runtime = .NET 9.0.16 (9.0.1626.22923), X64 RyuJIT AVX2; GC = Concurrent Workstation
Mean = 258.647 ns, StdErr = 35.749 ns (13.82%), N = 3, StdDev = 61.920 ns
Min = 213.248 ns, Q1 = 223.379 ns, Median = 233.510 ns, Q3 = 281.346 ns, Max = 329.182 ns
IQR = 57.967 ns, LowerFence = 136.428 ns, UpperFence = 368.297 ns
ConfidenceInterval = [-871.001 ns; 1,388.294 ns] (CI 99.9%), Margin = 1,129.647 ns (436.75% of Mean)
Skewness = 0.34, Kurtosis = 0.67, MValue = 2
-------------------- Histogram --------------------
[156.898 ns ; 279.728 ns) | @@
[279.728 ns ; 385.531 ns) | @
---------------------------------------------------

RegistrationBenchmarks.AccessHandlerArray_1Handler: ShortRun(IterationCount=3, LaunchCount=1, WarmupCount=3)
Runtime = .NET 9.0.16 (9.0.1626.22923), X64 RyuJIT AVX2; GC = Concurrent Workstation
Mean = 3.723 μs, StdErr = 0.035 μs (0.93%), N = 3, StdDev = 0.060 μs
Min = 3.654 μs, Q1 = 3.702 μs, Median = 3.750 μs, Q3 = 3.757 μs, Max = 3.765 μs
IQR = 0.056 μs, LowerFence = 3.618 μs, UpperFence = 3.841 μs
ConfidenceInterval = [2.623 μs; 4.823 μs] (CI 99.9%), Margin = 1.100 μs (29.54% of Mean)
Skewness = -0.36, Kurtosis = 0.67, MValue = 2
-------------------- Histogram --------------------
[3.599 μs ; 3.703 μs) | @
[3.703 μs ; 3.820 μs) | @@
---------------------------------------------------

// * Summary *

BenchmarkDotNet v0.14.0, Windows 11 (10.0.26200.8457)
Unknown processor
.NET SDK 9.0.314
  [Host]     : .NET 9.0.16 (9.0.1626.22923), X64 RyuJIT AVX2
  Job-HMXGET : .NET 9.0.16 (9.0.1626.22923), X64 RyuJIT AVX2
  ShortRun   : .NET 9.0.16 (9.0.1626.22923), X64 RyuJIT AVX2

WarmupCount=3  

| Method                         | Job        | IterationCount | LaunchCount | Mean        | Error        | StdDev     | Gen0   | Gen1   | Allocated |
|------------------------------- |----------- |--------------- |------------ |------------:|-------------:|-----------:|-------:|-------:|----------:|
| Register_FirstHandler          | Job-HMXGET | 10             | Default     |    48.43 ns |     4.755 ns |   3.145 ns | 0.0221 |      - |     416 B |
| Register_5Handlers_Sequential  | Job-HMXGET | 10             | Default     |   167.05 ns |     3.487 ns |   2.307 ns | 0.0544 |      - |    1024 B |
| Register_10Handlers_Sequential | Job-HMXGET | 10             | Default     |   397.54 ns |    14.117 ns |   9.338 ns | 0.1025 | 0.0005 |    1936 B |
| Register_WithVaryingOrder      | Job-HMXGET | 10             | Default     |   211.95 ns |    18.152 ns |  10.802 ns | 0.0544 |      - |    1024 B |
| AccessHandlerArray_1Handler    | Job-HMXGET | 10             | Default     | 4,814.00 ns |   851.157 ns | 506.510 ns | 1.8005 |      - |   34016 B |
| Register_FirstHandler          | ShortRun   | 3              | 1           |    40.42 ns |    53.340 ns |   2.924 ns | 0.0221 |      - |     416 B |
| Register_5Handlers_Sequential  | ShortRun   | 3              | 1           |   145.11 ns |   181.302 ns |   9.938 ns | 0.0544 |      - |    1024 B |
| Register_10Handlers_Sequential | ShortRun   | 3              | 1           |   338.22 ns |   625.340 ns |  34.277 ns | 0.1025 | 0.0005 |    1936 B |
| Register_WithVaryingOrder      | ShortRun   | 3              | 1           |   258.65 ns | 1,129.647 ns |  61.920 ns | 0.0544 |      - |    1024 B |
| AccessHandlerArray_1Handler    | ShortRun   | 3              | 1           | 3,722.94 ns | 1,099.604 ns |  60.273 ns | 1.8005 |      - |   34016 B |

// * Hints *
Outliers
  RegistrationBenchmarks.Register_WithVaryingOrder: IterationCount=10, WarmupCount=3   -> 1 outlier  was  removed (242.36 ns)
  RegistrationBenchmarks.AccessHandlerArray_1Handler: IterationCount=10, WarmupCount=3 -> 1 outlier  was  removed (8.08 μs)

// * Legends *
  Mean      : Arithmetic mean of all measurements
  Error     : Half of 99.9% confidence interval
  StdDev    : Standard deviation of all measurements
  Gen0      : GC Generation 0 collects per 1000 operations
  Gen1      : GC Generation 1 collects per 1000 operations
  Allocated : Allocated memory per single operation (managed only, inclusive, 1KB = 1024B)
  1 ns      : 1 Nanosecond (0.000000001 sec)

// * Diagnostic Output - MemoryDiagnoser *


// ***** BenchmarkRunner: End *****
Run time: 00:01:41 (101.44 sec), executed benchmarks: 10

Global total time: 00:09:45 (585.17 sec), executed benchmarks: 42
// * Artifacts cleanup *
Artifacts cleanup is finished
