// Validating benchmarks:
// ***** BenchmarkRunner: Start   *****
// ***** Found 21 benchmark(s) in total *****
// ***** Building 1 exe(s) in Parallel: Start   *****
// start dotnet  restore /p:UseSharedCompilation=false /p:BuildInParallel=false /m:1 /p:Deterministic=true /p:Optimize=true /p:IntermediateOutputPath="A:\g\Chopsticks2\Native\Benchmarks\bin\Release\net9.0\7972561f-5e42-44d4-8156-f3fce95150ba\obj\Release\net9.0/" /p:OutDir="A:\g\Chopsticks2\Native\Benchmarks\bin\Release\net9.0\7972561f-5e42-44d4-8156-f3fce95150ba\bin\Release\net9.0/" /p:OutputPath="A:\g\Chopsticks2\Native\Benchmarks\bin\Release\net9.0\7972561f-5e42-44d4-8156-f3fce95150ba\bin\Release\net9.0/" in A:\g\Chopsticks2\Native\Benchmarks\bin\Release\net9.0\7972561f-5e42-44d4-8156-f3fce95150ba
// command took 0.82 sec and exited with 0
// start dotnet  build -c Release --no-restore /p:UseSharedCompilation=false /p:BuildInParallel=false /m:1 /p:Deterministic=true /p:Optimize=true /p:IntermediateOutputPath="A:\g\Chopsticks2\Native\Benchmarks\bin\Release\net9.0\7972561f-5e42-44d4-8156-f3fce95150ba\obj\Release\net9.0/" /p:OutDir="A:\g\Chopsticks2\Native\Benchmarks\bin\Release\net9.0\7972561f-5e42-44d4-8156-f3fce95150ba\bin\Release\net9.0/" /p:OutputPath="A:\g\Chopsticks2\Native\Benchmarks\bin\Release\net9.0\7972561f-5e42-44d4-8156-f3fce95150ba\bin\Release\net9.0/" --output "A:\g\Chopsticks2\Native\Benchmarks\bin\Release\net9.0\7972561f-5e42-44d4-8156-f3fce95150ba\bin\Release\net9.0/" in A:\g\Chopsticks2\Native\Benchmarks\bin\Release\net9.0\7972561f-5e42-44d4-8156-f3fce95150ba
// command took 4.61 sec and exited with 0
// ***** Done, took 00:00:05 (5.48 sec)   *****
// Found 4 benchmarks:
//   DependencyResolutionBenchmarks.Resolve_Singleton_Cached: Job-HQBIJM(IterationCount=5, WarmupCount=2)
//   DependencyResolutionBenchmarks.Resolve_1000x_Throughput: Job-HQBIJM(IterationCount=5, WarmupCount=2)
//   DependencyResolutionBenchmarks.Deregister_SingleLookup: Job-HQBIJM(IterationCount=5, WarmupCount=2)
//   DependencyResolutionBenchmarks.CanProvide_Check: Job-HQBIJM(IterationCount=5, WarmupCount=2)

Setup power plan (GUID: 8c5e7fda-e8bf-4a96-9a85-a6e23a8c635c FriendlyName: High performance)
// **************************
// Benchmark: DependencyResolutionBenchmarks.Resolve_Singleton_Cached: Job-HQBIJM(IterationCount=5, WarmupCount=2)
// *** Execute ***
// Launch: 1 / 1
// Execute: dotnet 7972561f-5e42-44d4-8156-f3fce95150ba.dll --anonymousPipes 1284 1280 --benchmarkName Chopsticks.Benchmarks.DependencyResolutionBenchmarks.Resolve_Singleton_Cached --job "IterationCount=5, WarmupCount=2" --benchmarkId 0 in A:\g\Chopsticks2\Native\Benchmarks\bin\Release\net9.0\7972561f-5e42-44d4-8156-f3fce95150ba\bin\Release\net9.0
// BeforeAnythingElse

// Benchmark Process Environment Information:
// BenchmarkDotNet v0.14.0
// Runtime=.NET 9.0.16 (9.0.1626.22923), X64 RyuJIT AVX2
// GC=Concurrent Workstation
// HardwareIntrinsics=AVX2,AES,BMI1,BMI2,FMA,LZCNT,PCLMUL,POPCNT,AvxVnni,SERIALIZE VectorSize=256
// Job: Job-EOSSEI(IterationCount=5, WarmupCount=2)

OverheadJitting  1: 1 op, 197600.00 ns, 197.6000 us/op
WorkloadJitting  1: 1 op, 774000.00 ns, 774.0000 us/op

OverheadJitting  2: 16 op, 336800.00 ns, 21.0500 us/op
WorkloadJitting  2: 16 op, 535900.00 ns, 33.4938 us/op

WorkloadPilot    1: 16 op, 2800.00 ns, 175.0000 ns/op
WorkloadPilot    2: 32 op, 2600.00 ns, 81.2500 ns/op
WorkloadPilot    3: 64 op, 3100.00 ns, 48.4375 ns/op
WorkloadPilot    4: 128 op, 4900.00 ns, 38.2813 ns/op
WorkloadPilot    5: 256 op, 10200.00 ns, 39.8438 ns/op
WorkloadPilot    6: 512 op, 14300.00 ns, 27.9297 ns/op
WorkloadPilot    7: 1024 op, 24100.00 ns, 23.5352 ns/op
WorkloadPilot    8: 2048 op, 41200.00 ns, 20.1172 ns/op
WorkloadPilot    9: 4096 op, 75900.00 ns, 18.5303 ns/op
WorkloadPilot   10: 8192 op, 254600.00 ns, 31.0791 ns/op
WorkloadPilot   11: 16384 op, 288800.00 ns, 17.6270 ns/op
WorkloadPilot   12: 32768 op, 1204900.00 ns, 36.7706 ns/op
WorkloadPilot   13: 65536 op, 2583100.00 ns, 39.4150 ns/op
WorkloadPilot   14: 131072 op, 5680000.00 ns, 43.3350 ns/op
WorkloadPilot   15: 262144 op, 7952000.00 ns, 30.3345 ns/op
WorkloadPilot   16: 524288 op, 8861700.00 ns, 16.9024 ns/op
WorkloadPilot   17: 1048576 op, 17817700.00 ns, 16.9923 ns/op
WorkloadPilot   18: 2097152 op, 37021500.00 ns, 17.6532 ns/op
WorkloadPilot   19: 4194304 op, 76820800.00 ns, 18.3155 ns/op
WorkloadPilot   20: 8388608 op, 116099900.00 ns, 13.8402 ns/op
WorkloadPilot   21: 16777216 op, 170202900.00 ns, 10.1449 ns/op
WorkloadPilot   22: 33554432 op, 338723400.00 ns, 10.0947 ns/op
WorkloadPilot   23: 67108864 op, 638167300.00 ns, 9.5094 ns/op

OverheadWarmup   1: 67108864 op, 136173600.00 ns, 2.0291 ns/op
OverheadWarmup   2: 67108864 op, 131628000.00 ns, 1.9614 ns/op
OverheadWarmup   3: 67108864 op, 128435600.00 ns, 1.9138 ns/op
OverheadWarmup   4: 67108864 op, 123393600.00 ns, 1.8387 ns/op
OverheadWarmup   5: 67108864 op, 133298600.00 ns, 1.9863 ns/op
OverheadWarmup   6: 67108864 op, 129907500.00 ns, 1.9358 ns/op
OverheadWarmup   7: 67108864 op, 123762100.00 ns, 1.8442 ns/op
OverheadWarmup   8: 67108864 op, 152789600.00 ns, 2.2767 ns/op
OverheadWarmup   9: 67108864 op, 136259100.00 ns, 2.0304 ns/op

OverheadActual   1: 67108864 op, 144185600.00 ns, 2.1485 ns/op
OverheadActual   2: 67108864 op, 131171000.00 ns, 1.9546 ns/op
OverheadActual   3: 67108864 op, 129328900.00 ns, 1.9272 ns/op
OverheadActual   4: 67108864 op, 125019900.00 ns, 1.8629 ns/op
OverheadActual   5: 67108864 op, 142017600.00 ns, 2.1162 ns/op
OverheadActual   6: 67108864 op, 133047100.00 ns, 1.9826 ns/op
OverheadActual   7: 67108864 op, 128758300.00 ns, 1.9186 ns/op
OverheadActual   8: 67108864 op, 125344000.00 ns, 1.8678 ns/op
OverheadActual   9: 67108864 op, 123569700.00 ns, 1.8413 ns/op
OverheadActual  10: 67108864 op, 123550500.00 ns, 1.8410 ns/op
OverheadActual  11: 67108864 op, 123539600.00 ns, 1.8409 ns/op
OverheadActual  12: 67108864 op, 129022000.00 ns, 1.9226 ns/op
OverheadActual  13: 67108864 op, 128090700.00 ns, 1.9087 ns/op
OverheadActual  14: 67108864 op, 125162500.00 ns, 1.8651 ns/op
OverheadActual  15: 67108864 op, 143860300.00 ns, 2.1437 ns/op

WorkloadWarmup   1: 67108864 op, 724529800.00 ns, 10.7963 ns/op
WorkloadWarmup   2: 67108864 op, 692878900.00 ns, 10.3247 ns/op

// BeforeActualRun
WorkloadActual   1: 67108864 op, 687494400.00 ns, 10.2445 ns/op
WorkloadActual   2: 67108864 op, 760273800.00 ns, 11.3290 ns/op
WorkloadActual   3: 67108864 op, 727256500.00 ns, 10.8370 ns/op
WorkloadActual   4: 67108864 op, 754283000.00 ns, 11.2397 ns/op
WorkloadActual   5: 67108864 op, 760327200.00 ns, 11.3298 ns/op

// AfterActualRun
WorkloadResult   1: 67108864 op, 558736100.00 ns, 8.3258 ns/op
WorkloadResult   2: 67108864 op, 631515500.00 ns, 9.4103 ns/op
WorkloadResult   3: 67108864 op, 598498200.00 ns, 8.9183 ns/op
WorkloadResult   4: 67108864 op, 625524700.00 ns, 9.3210 ns/op
WorkloadResult   5: 67108864 op, 631568900.00 ns, 9.4111 ns/op
// GC:  0 0 0 400 67108864
// Threading:  0 0 67108864

// AfterAll
// Benchmark Process 66120 has exited with code 0.

Mean = 9.077 ns, StdErr = 0.209 ns (2.30%), N = 5, StdDev = 0.467 ns
Min = 8.326 ns, Q1 = 8.918 ns, Median = 9.321 ns, Q3 = 9.410 ns, Max = 9.411 ns
IQR = 0.492 ns, LowerFence = 8.180 ns, UpperFence = 10.148 ns
ConfidenceInterval = [7.280 ns; 10.875 ns] (CI 99.9%), Margin = 1.798 ns (19.80% of Mean)
Skewness = -0.67, Kurtosis = 1.46, MValue = 2

// ** Remained 20 (95.2%) benchmark(s) to run. Estimated finish 2026-05-19 10:59 (0h 3m from now) **
Setup power plan (GUID: 8c5e7fda-e8bf-4a96-9a85-a6e23a8c635c FriendlyName: High performance)
// **************************
// Benchmark: DependencyResolutionBenchmarks.Resolve_1000x_Throughput: Job-HQBIJM(IterationCount=5, WarmupCount=2)
// *** Execute ***
// Launch: 1 / 1
// Execute: dotnet 7972561f-5e42-44d4-8156-f3fce95150ba.dll --anonymousPipes 1348 1344 --benchmarkName Chopsticks.Benchmarks.DependencyResolutionBenchmarks.Resolve_Throughput --job "IterationCount=5, WarmupCount=2" --benchmarkId 1 in A:\g\Chopsticks2\Native\Benchmarks\bin\Release\net9.0\7972561f-5e42-44d4-8156-f3fce95150ba\bin\Release\net9.0
// BeforeAnythingElse

// Benchmark Process Environment Information:
// BenchmarkDotNet v0.14.0
// Runtime=.NET 9.0.16 (9.0.1626.22923), X64 RyuJIT AVX2
// GC=Concurrent Workstation
// HardwareIntrinsics=AVX2,AES,BMI1,BMI2,FMA,LZCNT,PCLMUL,POPCNT,AvxVnni,SERIALIZE VectorSize=256
// Job: Job-OFLTHL(IterationCount=5, WarmupCount=2)

OverheadJitting  1: 1 op, 383000.00 ns, 383.0000 us/op
WorkloadJitting  1: 1 op, 987800.00 ns, 987.8000 us/op

OverheadJitting  2: 16 op, 275100.00 ns, 17.1938 us/op
WorkloadJitting  2: 16 op, 1347500.00 ns, 84.2188 us/op

WorkloadPilot    1: 16 op, 685300.00 ns, 42.8313 us/op
WorkloadPilot    2: 32 op, 1174800.00 ns, 36.7125 us/op
WorkloadPilot    3: 64 op, 2214900.00 ns, 34.6078 us/op
WorkloadPilot    4: 128 op, 4315900.00 ns, 33.7180 us/op
WorkloadPilot    5: 256 op, 8312000.00 ns, 32.4688 us/op
WorkloadPilot    6: 512 op, 17439500.00 ns, 34.0615 us/op
WorkloadPilot    7: 1024 op, 34408900.00 ns, 33.6024 us/op
WorkloadPilot    8: 2048 op, 62610900.00 ns, 30.5717 us/op
WorkloadPilot    9: 4096 op, 37137000.00 ns, 9.0667 us/op
WorkloadPilot   10: 8192 op, 77649500.00 ns, 9.4787 us/op
WorkloadPilot   11: 16384 op, 144662200.00 ns, 8.8295 us/op
WorkloadPilot   12: 32768 op, 288768900.00 ns, 8.8125 us/op
WorkloadPilot   13: 65536 op, 585424500.00 ns, 8.9329 us/op

OverheadWarmup   1: 65536 op, 126500.00 ns, 1.9302 ns/op
OverheadWarmup   2: 65536 op, 126000.00 ns, 1.9226 ns/op
OverheadWarmup   3: 65536 op, 117000.00 ns, 1.7853 ns/op
OverheadWarmup   4: 65536 op, 122100.00 ns, 1.8631 ns/op
OverheadWarmup   5: 65536 op, 166000.00 ns, 2.5330 ns/op
OverheadWarmup   6: 65536 op, 141300.00 ns, 2.1561 ns/op
OverheadWarmup   7: 65536 op, 141500.00 ns, 2.1591 ns/op
OverheadWarmup   8: 65536 op, 127500.00 ns, 1.9455 ns/op

OverheadActual   1: 65536 op, 147600.00 ns, 2.2522 ns/op
OverheadActual   2: 65536 op, 119100.00 ns, 1.8173 ns/op
OverheadActual   3: 65536 op, 135600.00 ns, 2.0691 ns/op
OverheadActual   4: 65536 op, 141000.00 ns, 2.1515 ns/op
OverheadActual   5: 65536 op, 140400.00 ns, 2.1423 ns/op
OverheadActual   6: 65536 op, 141000.00 ns, 2.1515 ns/op
OverheadActual   7: 65536 op, 124200.00 ns, 1.8951 ns/op
OverheadActual   8: 65536 op, 143300.00 ns, 2.1866 ns/op
OverheadActual   9: 65536 op, 128600.00 ns, 1.9623 ns/op
OverheadActual  10: 65536 op, 145800.00 ns, 2.2247 ns/op
OverheadActual  11: 65536 op, 122400.00 ns, 1.8677 ns/op
OverheadActual  12: 65536 op, 122400.00 ns, 1.8677 ns/op
OverheadActual  13: 65536 op, 142400.00 ns, 2.1729 ns/op
OverheadActual  14: 65536 op, 143700.00 ns, 2.1927 ns/op
OverheadActual  15: 65536 op, 136900.00 ns, 2.0889 ns/op
OverheadActual  16: 65536 op, 137500.00 ns, 2.0981 ns/op
OverheadActual  17: 65536 op, 137500.00 ns, 2.0981 ns/op
OverheadActual  18: 65536 op, 133000.00 ns, 2.0294 ns/op
OverheadActual  19: 65536 op, 172800.00 ns, 2.6367 ns/op
OverheadActual  20: 65536 op, 139400.00 ns, 2.1271 ns/op

WorkloadWarmup   1: 65536 op, 577627800.00 ns, 8.8139 us/op
WorkloadWarmup   2: 65536 op, 589539900.00 ns, 8.9957 us/op

// BeforeActualRun
WorkloadActual   1: 65536 op, 629016400.00 ns, 9.5980 us/op
WorkloadActual   2: 65536 op, 600983000.00 ns, 9.1703 us/op
WorkloadActual   3: 65536 op, 609968500.00 ns, 9.3074 us/op
WorkloadActual   4: 65536 op, 596115100.00 ns, 9.0960 us/op
WorkloadActual   5: 65536 op, 628334100.00 ns, 9.5876 us/op

// AfterActualRun
WorkloadResult   1: 65536 op, 628877950.00 ns, 9.5959 us/op
WorkloadResult   2: 65536 op, 600844550.00 ns, 9.1682 us/op
WorkloadResult   3: 65536 op, 609830050.00 ns, 9.3053 us/op
WorkloadResult   4: 65536 op, 595976650.00 ns, 9.0939 us/op
WorkloadResult   5: 65536 op, 628195650.00 ns, 9.5855 us/op
// GC:  0 0 0 400 65536
// Threading:  0 0 65536

// AfterAll
// Benchmark Process 66840 has exited with code 0.

Mean = 9.350 μs, StdErr = 0.104 μs (1.11%), N = 5, StdDev = 0.233 μs
Min = 9.094 μs, Q1 = 9.168 μs, Median = 9.305 μs, Q3 = 9.586 μs, Max = 9.596 μs
IQR = 0.417 μs, LowerFence = 8.542 μs, UpperFence = 10.212 μs
ConfidenceInterval = [8.454 μs; 10.246 μs] (CI 99.9%), Margin = 0.896 μs (9.58% of Mean)
Skewness = 0.08, Kurtosis = 0.83, MValue = 2

// ** Remained 19 (90.5%) benchmark(s) to run. Estimated finish 2026-05-19 10:58 (0h 2m from now) **
Setup power plan (GUID: 8c5e7fda-e8bf-4a96-9a85-a6e23a8c635c FriendlyName: High performance)
// **************************
// Benchmark: DependencyResolutionBenchmarks.Deregister_SingleLookup: Job-HQBIJM(IterationCount=5, WarmupCount=2)
// *** Execute ***
// Launch: 1 / 1
// Execute: dotnet 7972561f-5e42-44d4-8156-f3fce95150ba.dll --anonymousPipes 1396 1384 --benchmarkName Chopsticks.Benchmarks.DependencyResolutionBenchmarks.Deregister_And_ReRegister --job "IterationCount=5, WarmupCount=2" --benchmarkId 2 in A:\g\Chopsticks2\Native\Benchmarks\bin\Release\net9.0\7972561f-5e42-44d4-8156-f3fce95150ba\bin\Release\net9.0
// BeforeAnythingElse

// Benchmark Process Environment Information:
// BenchmarkDotNet v0.14.0
// Runtime=.NET 9.0.16 (9.0.1626.22923), X64 RyuJIT AVX2
// GC=Concurrent Workstation
// HardwareIntrinsics=AVX2,AES,BMI1,BMI2,FMA,LZCNT,PCLMUL,POPCNT,AvxVnni,SERIALIZE VectorSize=256
// Job: Job-YAWRAH(IterationCount=5, WarmupCount=2)

OverheadJitting  1: 1 op, 294100.00 ns, 294.1000 us/op
WorkloadJitting  1: 1 op, 1067100.00 ns, 1.0671 ms/op

OverheadJitting  2: 16 op, 468700.00 ns, 29.2938 us/op
WorkloadJitting  2: 16 op, 438400.00 ns, 27.4000 us/op

WorkloadPilot    1: 16 op, 12300.00 ns, 768.7500 ns/op
WorkloadPilot    2: 32 op, 11100.00 ns, 346.8750 ns/op
WorkloadPilot    3: 64 op, 25300.00 ns, 395.3125 ns/op
WorkloadPilot    4: 128 op, 42800.00 ns, 334.3750 ns/op
WorkloadPilot    5: 256 op, 66200.00 ns, 258.5938 ns/op
WorkloadPilot    6: 512 op, 114800.00 ns, 224.2188 ns/op
WorkloadPilot    7: 1024 op, 241100.00 ns, 235.4492 ns/op
WorkloadPilot    8: 2048 op, 391700.00 ns, 191.2598 ns/op
WorkloadPilot    9: 4096 op, 762700.00 ns, 186.2061 ns/op
WorkloadPilot   10: 8192 op, 1699500.00 ns, 207.4585 ns/op
WorkloadPilot   11: 16384 op, 3243700.00 ns, 197.9797 ns/op
WorkloadPilot   12: 32768 op, 6095900.00 ns, 186.0321 ns/op
WorkloadPilot   13: 65536 op, 12222700.00 ns, 186.5036 ns/op
WorkloadPilot   14: 131072 op, 22516200.00 ns, 171.7850 ns/op
WorkloadPilot   15: 262144 op, 35561900.00 ns, 135.6579 ns/op
WorkloadPilot   16: 524288 op, 68743700.00 ns, 131.1182 ns/op
WorkloadPilot   17: 1048576 op, 111071800.00 ns, 105.9263 ns/op
WorkloadPilot   18: 2097152 op, 152161000.00 ns, 72.5560 ns/op
WorkloadPilot   19: 4194304 op, 303748400.00 ns, 72.4193 ns/op
WorkloadPilot   20: 8388608 op, 586110200.00 ns, 69.8698 ns/op

OverheadWarmup   1: 8388608 op, 26928200.00 ns, 3.2101 ns/op
OverheadWarmup   2: 8388608 op, 20143800.00 ns, 2.4013 ns/op
OverheadWarmup   3: 8388608 op, 20209500.00 ns, 2.4092 ns/op
OverheadWarmup   4: 8388608 op, 21139700.00 ns, 2.5200 ns/op
OverheadWarmup   5: 8388608 op, 19712400.00 ns, 2.3499 ns/op
OverheadWarmup   6: 8388608 op, 24292400.00 ns, 2.8959 ns/op
OverheadWarmup   7: 8388608 op, 21448900.00 ns, 2.5569 ns/op

OverheadActual   1: 8388608 op, 20116200.00 ns, 2.3980 ns/op
OverheadActual   2: 8388608 op, 27323400.00 ns, 3.2572 ns/op
OverheadActual   3: 8388608 op, 28833800.00 ns, 3.4373 ns/op
OverheadActual   4: 8388608 op, 25665400.00 ns, 3.0596 ns/op
OverheadActual   5: 8388608 op, 31923100.00 ns, 3.8055 ns/op
OverheadActual   6: 8388608 op, 27735800.00 ns, 3.3064 ns/op
OverheadActual   7: 8388608 op, 26993400.00 ns, 3.2179 ns/op
OverheadActual   8: 8388608 op, 22594900.00 ns, 2.6935 ns/op
OverheadActual   9: 8388608 op, 29523300.00 ns, 3.5195 ns/op
OverheadActual  10: 8388608 op, 25596800.00 ns, 3.0514 ns/op
OverheadActual  11: 8388608 op, 24962600.00 ns, 2.9758 ns/op
OverheadActual  12: 8388608 op, 22504000.00 ns, 2.6827 ns/op
OverheadActual  13: 8388608 op, 18151800.00 ns, 2.1639 ns/op
OverheadActual  14: 8388608 op, 18535500.00 ns, 2.2096 ns/op
OverheadActual  15: 8388608 op, 21620400.00 ns, 2.5774 ns/op
OverheadActual  16: 8388608 op, 23110800.00 ns, 2.7550 ns/op
OverheadActual  17: 8388608 op, 20569200.00 ns, 2.4520 ns/op
OverheadActual  18: 8388608 op, 17603400.00 ns, 2.0985 ns/op
OverheadActual  19: 8388608 op, 18021000.00 ns, 2.1483 ns/op
OverheadActual  20: 8388608 op, 25110500.00 ns, 2.9934 ns/op

WorkloadWarmup   1: 8388608 op, 569672700.00 ns, 67.9103 ns/op
WorkloadWarmup   2: 8388608 op, 556318600.00 ns, 66.3183 ns/op

// BeforeActualRun
WorkloadActual   1: 8388608 op, 568462900.00 ns, 67.7661 ns/op
WorkloadActual   2: 8388608 op, 553549000.00 ns, 65.9882 ns/op
WorkloadActual   3: 8388608 op, 576628300.00 ns, 68.7394 ns/op
WorkloadActual   4: 8388608 op, 567811800.00 ns, 67.6884 ns/op
WorkloadActual   5: 8388608 op, 564748600.00 ns, 67.3233 ns/op

// AfterActualRun
WorkloadResult   1: 8388608 op, 544426200.00 ns, 64.9007 ns/op
WorkloadResult   2: 8388608 op, 529512300.00 ns, 63.1228 ns/op
WorkloadResult   3: 8388608 op, 543775100.00 ns, 64.8230 ns/op
WorkloadResult   4: 8388608 op, 540711900.00 ns, 64.4579 ns/op
// GC:  74 0 0 1409286544 8388608
// Threading:  0 0 8388608

// AfterAll
// Benchmark Process 69056 has exited with code 0.

Mean = 64.326 ns, StdErr = 0.413 ns (0.64%), N = 4, StdDev = 0.825 ns
Min = 63.123 ns, Q1 = 64.124 ns, Median = 64.640 ns, Q3 = 64.842 ns, Max = 64.901 ns
IQR = 0.718 ns, LowerFence = 63.047 ns, UpperFence = 65.920 ns
ConfidenceInterval = [58.994 ns; 69.658 ns] (CI 99.9%), Margin = 5.332 ns (8.29% of Mean)
Skewness = -0.64, Kurtosis = 1.22, MValue = 2

// ** Remained 18 (85.7%) benchmark(s) to run. Estimated finish 2026-05-19 10:58 (0h 2m from now) **
Setup power plan (GUID: 8c5e7fda-e8bf-4a96-9a85-a6e23a8c635c FriendlyName: High performance)
// **************************
// Benchmark: DependencyResolutionBenchmarks.CanProvide_Check: Job-HQBIJM(IterationCount=5, WarmupCount=2)
// *** Execute ***
// Launch: 1 / 1
// Execute: dotnet 7972561f-5e42-44d4-8156-f3fce95150ba.dll --anonymousPipes 1428 1388 --benchmarkName Chopsticks.Benchmarks.DependencyResolutionBenchmarks.CanProvide_Check --job "IterationCount=5, WarmupCount=2" --benchmarkId 3 in A:\g\Chopsticks2\Native\Benchmarks\bin\Release\net9.0\7972561f-5e42-44d4-8156-f3fce95150ba\bin\Release\net9.0
// BeforeAnythingElse

// Benchmark Process Environment Information:
// BenchmarkDotNet v0.14.0
// Runtime=.NET 9.0.16 (9.0.1626.22923), X64 RyuJIT AVX2
// GC=Concurrent Workstation
// HardwareIntrinsics=AVX2,AES,BMI1,BMI2,FMA,LZCNT,PCLMUL,POPCNT,AvxVnni,SERIALIZE VectorSize=256
// Job: Job-VRXKXP(IterationCount=5, WarmupCount=2)

OverheadJitting  1: 1 op, 245400.00 ns, 245.4000 us/op
WorkloadJitting  1: 1 op, 372000.00 ns, 372.0000 us/op

OverheadJitting  2: 16 op, 357100.00 ns, 22.3188 us/op
WorkloadJitting  2: 16 op, 354800.00 ns, 22.1750 us/op

WorkloadPilot    1: 16 op, 2500.00 ns, 156.2500 ns/op
WorkloadPilot    2: 32 op, 2200.00 ns, 68.7500 ns/op
WorkloadPilot    3: 64 op, 2500.00 ns, 39.0625 ns/op
WorkloadPilot    4: 128 op, 3400.00 ns, 26.5625 ns/op
WorkloadPilot    5: 256 op, 3600.00 ns, 14.0625 ns/op
WorkloadPilot    6: 512 op, 7300.00 ns, 14.2578 ns/op
WorkloadPilot    7: 1024 op, 14800.00 ns, 14.4531 ns/op
WorkloadPilot    8: 2048 op, 32900.00 ns, 16.0645 ns/op
WorkloadPilot    9: 4096 op, 41300.00 ns, 10.0830 ns/op
WorkloadPilot   10: 8192 op, 81400.00 ns, 9.9365 ns/op
WorkloadPilot   11: 16384 op, 168800.00 ns, 10.3027 ns/op
WorkloadPilot   12: 32768 op, 342500.00 ns, 10.4523 ns/op
WorkloadPilot   13: 65536 op, 685600.00 ns, 10.4614 ns/op
WorkloadPilot   14: 131072 op, 1674900.00 ns, 12.7785 ns/op
WorkloadPilot   15: 262144 op, 4078700.00 ns, 15.5590 ns/op
WorkloadPilot   16: 524288 op, 6648400.00 ns, 12.6808 ns/op
WorkloadPilot   17: 1048576 op, 10724700.00 ns, 10.2279 ns/op
WorkloadPilot   18: 2097152 op, 21596400.00 ns, 10.2980 ns/op
WorkloadPilot   19: 4194304 op, 46944300.00 ns, 11.1924 ns/op
WorkloadPilot   20: 8388608 op, 106701000.00 ns, 12.7198 ns/op
WorkloadPilot   21: 16777216 op, 124005500.00 ns, 7.3913 ns/op
WorkloadPilot   22: 33554432 op, 224683700.00 ns, 6.6961 ns/op
WorkloadPilot   23: 67108864 op, 447747200.00 ns, 6.6720 ns/op
WorkloadPilot   24: 134217728 op, 1083892700.00 ns, 8.0756 ns/op

OverheadWarmup   1: 134217728 op, 237610200.00 ns, 1.7703 ns/op
OverheadWarmup   2: 134217728 op, 132878900.00 ns, 0.9900 ns/op
OverheadWarmup   3: 134217728 op, 130586200.00 ns, 0.9729 ns/op
OverheadWarmup   4: 134217728 op, 138296400.00 ns, 1.0304 ns/op
OverheadWarmup   5: 134217728 op, 134496100.00 ns, 1.0021 ns/op
OverheadWarmup   6: 134217728 op, 137309400.00 ns, 1.0230 ns/op
OverheadWarmup   7: 134217728 op, 136152000.00 ns, 1.0144 ns/op

OverheadActual   1: 134217728 op, 130566600.00 ns, 0.9728 ns/op
OverheadActual   2: 134217728 op, 138626800.00 ns, 1.0329 ns/op
OverheadActual   3: 134217728 op, 136485000.00 ns, 1.0169 ns/op
OverheadActual   4: 134217728 op, 144249900.00 ns, 1.0747 ns/op
OverheadActual   5: 134217728 op, 133296500.00 ns, 0.9931 ns/op
OverheadActual   6: 134217728 op, 136777600.00 ns, 1.0191 ns/op
OverheadActual   7: 134217728 op, 134110600.00 ns, 0.9992 ns/op
OverheadActual   8: 134217728 op, 136921200.00 ns, 1.0201 ns/op
OverheadActual   9: 134217728 op, 133771900.00 ns, 0.9967 ns/op
OverheadActual  10: 134217728 op, 136323500.00 ns, 1.0157 ns/op
OverheadActual  11: 134217728 op, 156105100.00 ns, 1.1631 ns/op
OverheadActual  12: 134217728 op, 144551100.00 ns, 1.0770 ns/op
OverheadActual  13: 134217728 op, 141331400.00 ns, 1.0530 ns/op
OverheadActual  14: 134217728 op, 141599100.00 ns, 1.0550 ns/op
OverheadActual  15: 134217728 op, 138035900.00 ns, 1.0284 ns/op

WorkloadWarmup   1: 134217728 op, 830880200.00 ns, 6.1905 ns/op
WorkloadWarmup   2: 134217728 op, 867230800.00 ns, 6.4614 ns/op

// BeforeActualRun
WorkloadActual   1: 134217728 op, 884187300.00 ns, 6.5877 ns/op
WorkloadActual   2: 134217728 op, 875462900.00 ns, 6.5227 ns/op
WorkloadActual   3: 134217728 op, 1015191200.00 ns, 7.5638 ns/op
WorkloadActual   4: 134217728 op, 848732200.00 ns, 6.3235 ns/op
WorkloadActual   5: 134217728 op, 776853400.00 ns, 5.7880 ns/op

// AfterActualRun
WorkloadResult   1: 134217728 op, 747266100.00 ns, 5.5676 ns/op
WorkloadResult   2: 134217728 op, 738541700.00 ns, 5.5026 ns/op
WorkloadResult   3: 134217728 op, 711811000.00 ns, 5.3034 ns/op
WorkloadResult   4: 134217728 op, 639932200.00 ns, 4.7679 ns/op
// GC:  0 0 0 400 134217728
// Threading:  0 0 134217728

// AfterAll
// Benchmark Process 75532 has exited with code 0.

Mean = 5.285 ns, StdErr = 0.181 ns (3.43%), N = 4, StdDev = 0.363 ns
Min = 4.768 ns, Q1 = 5.170 ns, Median = 5.403 ns, Q3 = 5.519 ns, Max = 5.568 ns
IQR = 0.349 ns, LowerFence = 4.646 ns, UpperFence = 6.043 ns
ConfidenceInterval = [2.941 ns; 7.630 ns] (CI 99.9%), Margin = 2.345 ns (44.36% of Mean)
Skewness = -0.55, Kurtosis = 1.16, MValue = 2

// ** Remained 17 (81.0%) benchmark(s) to run. Estimated finish 2026-05-19 10:58 (0h 2m from now) **
Successfully reverted power plan (GUID: 381b4222-f694-41f0-9685-ff5bb260df2e FriendlyName: Balanced)
// ***** BenchmarkRunner: Finish  *****

// * Export *
  BenchmarkDotNet.Artifacts\results\Chopsticks.Benchmarks.DependencyResolutionBenchmarks-report.csv
  BenchmarkDotNet.Artifacts\results\Chopsticks.Benchmarks.DependencyResolutionBenchmarks-report-github.md
  BenchmarkDotNet.Artifacts\results\Chopsticks.Benchmarks.DependencyResolutionBenchmarks-report.html

// * Detailed results *
DependencyResolutionBenchmarks.Resolve_Singleton_Cached: Job-HQBIJM(IterationCount=5, WarmupCount=2)
Runtime = .NET 9.0.16 (9.0.1626.22923), X64 RyuJIT AVX2; GC = Concurrent Workstation
Mean = 9.077 ns, StdErr = 0.209 ns (2.30%), N = 5, StdDev = 0.467 ns
Min = 8.326 ns, Q1 = 8.918 ns, Median = 9.321 ns, Q3 = 9.410 ns, Max = 9.411 ns
IQR = 0.492 ns, LowerFence = 8.180 ns, UpperFence = 10.148 ns
ConfidenceInterval = [7.280 ns; 10.875 ns] (CI 99.9%), Margin = 1.798 ns (19.80% of Mean)
Skewness = -0.67, Kurtosis = 1.46, MValue = 2
-------------------- Histogram --------------------
[7.967 ns ; 8.806 ns) | @
[8.806 ns ; 9.523 ns) | @@@@
---------------------------------------------------

DependencyResolutionBenchmarks.Resolve_1000x_Throughput: Job-HQBIJM(IterationCount=5, WarmupCount=2)
Runtime = .NET 9.0.16 (9.0.1626.22923), X64 RyuJIT AVX2; GC = Concurrent Workstation
Mean = 9.350 μs, StdErr = 0.104 μs (1.11%), N = 5, StdDev = 0.233 μs
Min = 9.094 μs, Q1 = 9.168 μs, Median = 9.305 μs, Q3 = 9.586 μs, Max = 9.596 μs
IQR = 0.417 μs, LowerFence = 8.542 μs, UpperFence = 10.212 μs
ConfidenceInterval = [8.454 μs; 10.246 μs] (CI 99.9%), Margin = 0.896 μs (9.58% of Mean)
Skewness = 0.08, Kurtosis = 0.83, MValue = 2
-------------------- Histogram --------------------
[9.021 μs ; 9.378 μs) | @@@
[9.378 μs ; 9.775 μs) | @@
---------------------------------------------------

DependencyResolutionBenchmarks.Deregister_SingleLookup: Job-HQBIJM(IterationCount=5, WarmupCount=2)
Runtime = .NET 9.0.16 (9.0.1626.22923), X64 RyuJIT AVX2; GC = Concurrent Workstation
Mean = 64.326 ns, StdErr = 0.413 ns (0.64%), N = 4, StdDev = 0.825 ns
Min = 63.123 ns, Q1 = 64.124 ns, Median = 64.640 ns, Q3 = 64.842 ns, Max = 64.901 ns
IQR = 0.718 ns, LowerFence = 63.047 ns, UpperFence = 65.920 ns
ConfidenceInterval = [58.994 ns; 69.658 ns] (CI 99.9%), Margin = 5.332 ns (8.29% of Mean)
Skewness = -0.64, Kurtosis = 1.22, MValue = 2
-------------------- Histogram --------------------
[62.441 ns ; 63.997 ns) | @
[63.997 ns ; 65.583 ns) | @@@
---------------------------------------------------

DependencyResolutionBenchmarks.CanProvide_Check: Job-HQBIJM(IterationCount=5, WarmupCount=2)
Runtime = .NET 9.0.16 (9.0.1626.22923), X64 RyuJIT AVX2; GC = Concurrent Workstation
Mean = 5.285 ns, StdErr = 0.181 ns (3.43%), N = 4, StdDev = 0.363 ns
Min = 4.768 ns, Q1 = 5.170 ns, Median = 5.403 ns, Q3 = 5.519 ns, Max = 5.568 ns
IQR = 0.349 ns, LowerFence = 4.646 ns, UpperFence = 6.043 ns
ConfidenceInterval = [2.941 ns; 7.630 ns] (CI 99.9%), Margin = 2.345 ns (44.36% of Mean)
Skewness = -0.55, Kurtosis = 1.16, MValue = 2
-------------------- Histogram --------------------
[4.468 ns ; 5.135 ns) | @
[5.135 ns ; 5.735 ns) | @@@
---------------------------------------------------

// * Summary *

BenchmarkDotNet v0.14.0, Windows 11 (10.0.26200.8457)
Unknown processor
.NET SDK 9.0.314
  [Host]     : .NET 9.0.16 (9.0.1626.22923), X64 RyuJIT AVX2
  Job-HQBIJM : .NET 9.0.16 (9.0.1626.22923), X64 RyuJIT AVX2

IterationCount=5  WarmupCount=2  

| Method                   | Mean         | Error      | StdDev      | Gen0   | Allocated |
|------------------------- |-------------:|-----------:|------------:|-------:|----------:|
| Resolve_Singleton_Cached |     9.077 ns |   1.798 ns |   0.4668 ns |      - |         - |
| Resolve_1000x_Throughput | 9,349.746 ns | 896.051 ns | 232.7015 ns |      - |         - |
| Deregister_SingleLookup  |    64.326 ns |   5.332 ns |   0.8251 ns | 0.0088 |     168 B |
| CanProvide_Check         |     5.285 ns |   2.345 ns |   0.3628 ns |      - |         - |

// * Hints *
Outliers
  DependencyResolutionBenchmarks.Deregister_SingleLookup: IterationCount=5, WarmupCount=2 -> 1 outlier  was  removed, 2 outliers were detected (65.99 ns, 68.74 ns)
  DependencyResolutionBenchmarks.CanProvide_Check: IterationCount=5, WarmupCount=2        -> 1 outlier  was  removed, 2 outliers were detected (5.79 ns, 7.56 ns)

// * Legends *
  Mean      : Arithmetic mean of all measurements
  Error     : Half of 99.9% confidence interval
  StdDev    : Standard deviation of all measurements
  Gen0      : GC Generation 0 collects per 1000 operations
  Allocated : Allocated memory per single operation (managed only, inclusive, 1KB = 1024B)
  1 ns      : 1 Nanosecond (0.000000001 sec)

// * Diagnostic Output - MemoryDiagnoser *


// ***** BenchmarkRunner: End *****
Run time: 00:00:37 (37.62 sec), executed benchmarks: 4

// Found 9 benchmarks:
//   HandlingResultBenchmarks.Static_Success_Access: Job-HQBIJM(IterationCount=5, WarmupCount=2)
//   HandlingResultBenchmarks.Static_NoHandlers_Access: Job-HQBIJM(IterationCount=5, WarmupCount=2)
//   HandlingResultBenchmarks.Static_Cancelled_Access: Job-HQBIJM(IterationCount=5, WarmupCount=2)
//   HandlingResultBenchmarks.Static_Success_1000x: Job-HQBIJM(IterationCount=5, WarmupCount=2)
//   HandlingResultBenchmarks.Exceptions_SingleException: Job-HQBIJM(IterationCount=5, WarmupCount=2)
//   HandlingResultBenchmarks.Exceptions_MultipleExceptions: Job-HQBIJM(IterationCount=5, WarmupCount=2)
//   HandlingResultBenchmarks.Promise_Static_Success: Job-HQBIJM(IterationCount=5, WarmupCount=2)
//   HandlingResultBenchmarks.Promise_Static_NoHandlers: Job-HQBIJM(IterationCount=5, WarmupCount=2)
//   HandlingResultBenchmarks.Struct_CopyAndAccess: Job-HQBIJM(IterationCount=5, WarmupCount=2)

Setup power plan (GUID: 8c5e7fda-e8bf-4a96-9a85-a6e23a8c635c FriendlyName: High performance)
// **************************
// Benchmark: HandlingResultBenchmarks.Static_Success_Access: Job-HQBIJM(IterationCount=5, WarmupCount=2)
// *** Execute ***
// Launch: 1 / 1
// Execute: dotnet 7972561f-5e42-44d4-8156-f3fce95150ba.dll --anonymousPipes 1508 1504 --benchmarkName Chopsticks.Benchmarks.HandlingResultBenchmarks.Static_Success_Access --job "IterationCount=5, WarmupCount=2" --benchmarkId 4 in A:\g\Chopsticks2\Native\Benchmarks\bin\Release\net9.0\7972561f-5e42-44d4-8156-f3fce95150ba\bin\Release\net9.0
// BeforeAnythingElse

// Benchmark Process Environment Information:
// BenchmarkDotNet v0.14.0
// Runtime=.NET 9.0.16 (9.0.1626.22923), X64 RyuJIT AVX2
// GC=Concurrent Workstation
// HardwareIntrinsics=AVX2,AES,BMI1,BMI2,FMA,LZCNT,PCLMUL,POPCNT,AvxVnni,SERIALIZE VectorSize=256
// Job: Job-DLKPIB(IterationCount=5, WarmupCount=2)

OverheadJitting  1: 1 op, 145300.00 ns, 145.3000 us/op
WorkloadJitting  1: 1 op, 177000.00 ns, 177.0000 us/op

OverheadJitting  2: 16 op, 135200.00 ns, 8.4500 us/op
WorkloadJitting  2: 16 op, 123600.00 ns, 7.7250 us/op

WorkloadPilot    1: 16 op, 500.00 ns, 31.2500 ns/op
WorkloadPilot    2: 32 op, 600.00 ns, 18.7500 ns/op
WorkloadPilot    3: 64 op, 600.00 ns, 9.3750 ns/op
WorkloadPilot    4: 128 op, 900.00 ns, 7.0313 ns/op
WorkloadPilot    5: 256 op, 1100.00 ns, 4.2969 ns/op
WorkloadPilot    6: 512 op, 1700.00 ns, 3.3203 ns/op
WorkloadPilot    7: 1024 op, 2600.00 ns, 2.5391 ns/op
WorkloadPilot    8: 2048 op, 5800.00 ns, 2.8320 ns/op
WorkloadPilot    9: 4096 op, 9900.00 ns, 2.4170 ns/op
WorkloadPilot   10: 8192 op, 21000.00 ns, 2.5635 ns/op
WorkloadPilot   11: 16384 op, 38300.00 ns, 2.3376 ns/op
WorkloadPilot   12: 32768 op, 81000.00 ns, 2.4719 ns/op
WorkloadPilot   13: 65536 op, 153800.00 ns, 2.3468 ns/op
WorkloadPilot   14: 131072 op, 303800.00 ns, 2.3178 ns/op
WorkloadPilot   15: 262144 op, 608000.00 ns, 2.3193 ns/op
WorkloadPilot   16: 524288 op, 1238900.00 ns, 2.3630 ns/op
WorkloadPilot   17: 1048576 op, 2436900.00 ns, 2.3240 ns/op
WorkloadPilot   18: 2097152 op, 4928300.00 ns, 2.3500 ns/op
WorkloadPilot   19: 4194304 op, 10593300.00 ns, 2.5256 ns/op
WorkloadPilot   20: 8388608 op, 20139200.00 ns, 2.4008 ns/op
WorkloadPilot   21: 16777216 op, 70451400.00 ns, 4.1992 ns/op
WorkloadPilot   22: 33554432 op, 77939400.00 ns, 2.3228 ns/op
WorkloadPilot   23: 67108864 op, 152451700.00 ns, 2.2717 ns/op
WorkloadPilot   24: 134217728 op, 304611200.00 ns, 2.2695 ns/op
WorkloadPilot   25: 268435456 op, 609843000.00 ns, 2.2718 ns/op

OverheadWarmup   1: 268435456 op, 303779200.00 ns, 1.1317 ns/op
OverheadWarmup   2: 268435456 op, 218512900.00 ns, 0.8140 ns/op
OverheadWarmup   3: 268435456 op, 434805500.00 ns, 1.6198 ns/op
OverheadWarmup   4: 268435456 op, 453327300.00 ns, 1.6888 ns/op
OverheadWarmup   5: 268435456 op, 249543600.00 ns, 0.9296 ns/op
OverheadWarmup   6: 268435456 op, 289434300.00 ns, 1.0782 ns/op
OverheadWarmup   7: 268435456 op, 244882700.00 ns, 0.9123 ns/op

OverheadActual   1: 268435456 op, 246772700.00 ns, 0.9193 ns/op
OverheadActual   2: 268435456 op, 256553000.00 ns, 0.9557 ns/op
OverheadActual   3: 268435456 op, 249060700.00 ns, 0.9278 ns/op
OverheadActual   4: 268435456 op, 301748900.00 ns, 1.1241 ns/op
OverheadActual   5: 268435456 op, 249290700.00 ns, 0.9287 ns/op
OverheadActual   6: 268435456 op, 274987500.00 ns, 1.0244 ns/op
OverheadActual   7: 268435456 op, 282112800.00 ns, 1.0510 ns/op
OverheadActual   8: 268435456 op, 282778700.00 ns, 1.0534 ns/op
OverheadActual   9: 268435456 op, 280148800.00 ns, 1.0436 ns/op
OverheadActual  10: 268435456 op, 262357300.00 ns, 0.9774 ns/op
OverheadActual  11: 268435456 op, 262557800.00 ns, 0.9781 ns/op
OverheadActual  12: 268435456 op, 300415300.00 ns, 1.1191 ns/op
OverheadActual  13: 268435456 op, 284013200.00 ns, 1.0580 ns/op
OverheadActual  14: 268435456 op, 277257200.00 ns, 1.0329 ns/op
OverheadActual  15: 268435456 op, 311940700.00 ns, 1.1621 ns/op
OverheadActual  16: 268435456 op, 301388700.00 ns, 1.1228 ns/op
OverheadActual  17: 268435456 op, 278924900.00 ns, 1.0391 ns/op
OverheadActual  18: 268435456 op, 276088800.00 ns, 1.0285 ns/op
OverheadActual  19: 268435456 op, 264202600.00 ns, 0.9842 ns/op
OverheadActual  20: 268435456 op, 255940400.00 ns, 0.9535 ns/op

WorkloadWarmup   1: 268435456 op, 649186200.00 ns, 2.4184 ns/op
WorkloadWarmup   2: 268435456 op, 662050000.00 ns, 2.4663 ns/op

// BeforeActualRun
WorkloadActual   1: 268435456 op, 671038100.00 ns, 2.4998 ns/op
WorkloadActual   2: 268435456 op, 711415500.00 ns, 2.6502 ns/op
WorkloadActual   3: 268435456 op, 702661500.00 ns, 2.6176 ns/op
WorkloadActual   4: 268435456 op, 706838400.00 ns, 2.6332 ns/op
WorkloadActual   5: 268435456 op, 721281700.00 ns, 2.6870 ns/op

// AfterActualRun
WorkloadResult   1: 268435456 op, 394365100.00 ns, 1.4691 ns/op
WorkloadResult   2: 268435456 op, 434742500.00 ns, 1.6195 ns/op
WorkloadResult   3: 268435456 op, 425988500.00 ns, 1.5869 ns/op
WorkloadResult   4: 268435456 op, 430165400.00 ns, 1.6025 ns/op
WorkloadResult   5: 268435456 op, 444608700.00 ns, 1.6563 ns/op
// GC:  0 0 0 400 268435456
// Threading:  0 0 268435456

// AfterAll
// Benchmark Process 73780 has exited with code 0.

Mean = 1.587 ns, StdErr = 0.032 ns (1.99%), N = 5, StdDev = 0.071 ns
Min = 1.469 ns, Q1 = 1.587 ns, Median = 1.602 ns, Q3 = 1.620 ns, Max = 1.656 ns
IQR = 0.033 ns, LowerFence = 1.538 ns, UpperFence = 1.668 ns
ConfidenceInterval = [1.315 ns; 1.859 ns] (CI 99.9%), Margin = 0.272 ns (17.16% of Mean)
Skewness = -0.71, Kurtosis = 1.73, MValue = 2

// ** Remained 16 (76.2%) benchmark(s) to run. Estimated finish 2026-05-19 10:59 (0h 2m from now) **
Setup power plan (GUID: 8c5e7fda-e8bf-4a96-9a85-a6e23a8c635c FriendlyName: High performance)
// **************************
// Benchmark: HandlingResultBenchmarks.Static_NoHandlers_Access: Job-HQBIJM(IterationCount=5, WarmupCount=2)
// *** Execute ***
// Launch: 1 / 1
// Execute: dotnet 7972561f-5e42-44d4-8156-f3fce95150ba.dll --anonymousPipes 1588 1584 --benchmarkName Chopsticks.Benchmarks.HandlingResultBenchmarks.Static_NoHandlers_Access --job "IterationCount=5, WarmupCount=2" --benchmarkId 5 in A:\g\Chopsticks2\Native\Benchmarks\bin\Release\net9.0\7972561f-5e42-44d4-8156-f3fce95150ba\bin\Release\net9.0
// BeforeAnythingElse

// Benchmark Process Environment Information:
// BenchmarkDotNet v0.14.0
// Runtime=.NET 9.0.16 (9.0.1626.22923), X64 RyuJIT AVX2
// GC=Concurrent Workstation
// HardwareIntrinsics=AVX2,AES,BMI1,BMI2,FMA,LZCNT,PCLMUL,POPCNT,AvxVnni,SERIALIZE VectorSize=256
// Job: Job-YUCRVN(IterationCount=5, WarmupCount=2)

OverheadJitting  1: 1 op, 176000.00 ns, 176.0000 us/op
WorkloadJitting  1: 1 op, 214400.00 ns, 214.4000 us/op

OverheadJitting  2: 16 op, 174200.00 ns, 10.8875 us/op
WorkloadJitting  2: 16 op, 174000.00 ns, 10.8750 us/op

WorkloadPilot    1: 16 op, 600.00 ns, 37.5000 ns/op
WorkloadPilot    2: 32 op, 600.00 ns, 18.7500 ns/op
WorkloadPilot    3: 64 op, 600.00 ns, 9.3750 ns/op
WorkloadPilot    4: 128 op, 900.00 ns, 7.0313 ns/op
WorkloadPilot    5: 256 op, 900.00 ns, 3.5156 ns/op
WorkloadPilot    6: 512 op, 1900.00 ns, 3.7109 ns/op
WorkloadPilot    7: 1024 op, 3400.00 ns, 3.3203 ns/op
WorkloadPilot    8: 2048 op, 6300.00 ns, 3.0762 ns/op
WorkloadPilot    9: 4096 op, 12000.00 ns, 2.9297 ns/op
WorkloadPilot   10: 8192 op, 24000.00 ns, 2.9297 ns/op
WorkloadPilot   11: 16384 op, 49000.00 ns, 2.9907 ns/op
WorkloadPilot   12: 32768 op, 94400.00 ns, 2.8809 ns/op
WorkloadPilot   13: 65536 op, 187800.00 ns, 2.8656 ns/op
WorkloadPilot   14: 131072 op, 396600.00 ns, 3.0258 ns/op
WorkloadPilot   15: 262144 op, 761000.00 ns, 2.9030 ns/op
WorkloadPilot   16: 524288 op, 1501400.00 ns, 2.8637 ns/op
WorkloadPilot   17: 1048576 op, 3036900.00 ns, 2.8962 ns/op
WorkloadPilot   18: 2097152 op, 6215000.00 ns, 2.9635 ns/op
WorkloadPilot   19: 4194304 op, 12128500.00 ns, 2.8917 ns/op
WorkloadPilot   20: 8388608 op, 24092000.00 ns, 2.8720 ns/op
WorkloadPilot   21: 16777216 op, 48191300.00 ns, 2.8724 ns/op
WorkloadPilot   22: 33554432 op, 91790500.00 ns, 2.7356 ns/op
WorkloadPilot   23: 67108864 op, 174965600.00 ns, 2.6072 ns/op
WorkloadPilot   24: 134217728 op, 331483500.00 ns, 2.4697 ns/op
WorkloadPilot   25: 268435456 op, 648830800.00 ns, 2.4171 ns/op

OverheadWarmup   1: 268435456 op, 326236400.00 ns, 1.2153 ns/op
OverheadWarmup   2: 268435456 op, 235649400.00 ns, 0.8779 ns/op
OverheadWarmup   3: 268435456 op, 256636900.00 ns, 0.9560 ns/op
OverheadWarmup   4: 268435456 op, 247471200.00 ns, 0.9219 ns/op
OverheadWarmup   5: 268435456 op, 240641100.00 ns, 0.8965 ns/op
OverheadWarmup   6: 268435456 op, 251809500.00 ns, 0.9381 ns/op
OverheadWarmup   7: 268435456 op, 244567300.00 ns, 0.9111 ns/op

OverheadActual   1: 268435456 op, 253346700.00 ns, 0.9438 ns/op
OverheadActual   2: 268435456 op, 250534100.00 ns, 0.9333 ns/op
OverheadActual   3: 268435456 op, 249302600.00 ns, 0.9287 ns/op
OverheadActual   4: 268435456 op, 286263100.00 ns, 1.0664 ns/op
OverheadActual   5: 268435456 op, 262022500.00 ns, 0.9761 ns/op
OverheadActual   6: 268435456 op, 256677500.00 ns, 0.9562 ns/op
OverheadActual   7: 268435456 op, 255053700.00 ns, 0.9501 ns/op
OverheadActual   8: 268435456 op, 254802600.00 ns, 0.9492 ns/op
OverheadActual   9: 268435456 op, 257452000.00 ns, 0.9591 ns/op
OverheadActual  10: 268435456 op, 265174100.00 ns, 0.9879 ns/op
OverheadActual  11: 268435456 op, 268690700.00 ns, 1.0010 ns/op
OverheadActual  12: 268435456 op, 264492500.00 ns, 0.9853 ns/op
OverheadActual  13: 268435456 op, 267587900.00 ns, 0.9968 ns/op
OverheadActual  14: 268435456 op, 262347000.00 ns, 0.9773 ns/op
OverheadActual  15: 268435456 op, 265971200.00 ns, 0.9908 ns/op

WorkloadWarmup   1: 268435456 op, 753177300.00 ns, 2.8058 ns/op
WorkloadWarmup   2: 268435456 op, 724228200.00 ns, 2.6980 ns/op

// BeforeActualRun
WorkloadActual   1: 268435456 op, 610193900.00 ns, 2.2731 ns/op
WorkloadActual   2: 268435456 op, 649207200.00 ns, 2.4185 ns/op
WorkloadActual   3: 268435456 op, 609481100.00 ns, 2.2705 ns/op
WorkloadActual   4: 268435456 op, 635679700.00 ns, 2.3681 ns/op
WorkloadActual   5: 268435456 op, 691716200.00 ns, 2.5768 ns/op

// AfterActualRun
WorkloadResult   1: 268435456 op, 348171400.00 ns, 1.2970 ns/op
WorkloadResult   2: 268435456 op, 387184700.00 ns, 1.4424 ns/op
WorkloadResult   3: 268435456 op, 347458600.00 ns, 1.2944 ns/op
WorkloadResult   4: 268435456 op, 373657200.00 ns, 1.3920 ns/op
WorkloadResult   5: 268435456 op, 429693700.00 ns, 1.6007 ns/op
// GC:  0 0 0 400 268435456
// Threading:  0 0 268435456

// AfterAll
// Benchmark Process 65940 has exited with code 0.

Mean = 1.405 ns, StdErr = 0.056 ns (4.02%), N = 5, StdDev = 0.126 ns
Min = 1.294 ns, Q1 = 1.297 ns, Median = 1.392 ns, Q3 = 1.442 ns, Max = 1.601 ns
IQR = 0.145 ns, LowerFence = 1.079 ns, UpperFence = 1.660 ns
ConfidenceInterval = [0.919 ns; 1.891 ns] (CI 99.9%), Margin = 0.486 ns (34.60% of Mean)
Skewness = 0.48, Kurtosis = 1.38, MValue = 2

// ** Remained 15 (71.4%) benchmark(s) to run. Estimated finish 2026-05-19 10:59 (0h 2m from now) **
Setup power plan (GUID: 8c5e7fda-e8bf-4a96-9a85-a6e23a8c635c FriendlyName: High performance)
// **************************
// Benchmark: HandlingResultBenchmarks.Static_Cancelled_Access: Job-HQBIJM(IterationCount=5, WarmupCount=2)
// *** Execute ***
// Launch: 1 / 1
// Execute: dotnet 7972561f-5e42-44d4-8156-f3fce95150ba.dll --anonymousPipes 1588 1584 --benchmarkName Chopsticks.Benchmarks.HandlingResultBenchmarks.Static_Cancelled_Access --job "IterationCount=5, WarmupCount=2" --benchmarkId 6 in A:\g\Chopsticks2\Native\Benchmarks\bin\Release\net9.0\7972561f-5e42-44d4-8156-f3fce95150ba\bin\Release\net9.0
// BeforeAnythingElse

// Benchmark Process Environment Information:
// BenchmarkDotNet v0.14.0
// Runtime=.NET 9.0.16 (9.0.1626.22923), X64 RyuJIT AVX2
// GC=Concurrent Workstation
// HardwareIntrinsics=AVX2,AES,BMI1,BMI2,FMA,LZCNT,PCLMUL,POPCNT,AvxVnni,SERIALIZE VectorSize=256
// Job: Job-OYZOHT(IterationCount=5, WarmupCount=2)

OverheadJitting  1: 1 op, 150000.00 ns, 150.0000 us/op
WorkloadJitting  1: 1 op, 171200.00 ns, 171.2000 us/op

OverheadJitting  2: 16 op, 142600.00 ns, 8.9125 us/op
WorkloadJitting  2: 16 op, 125800.00 ns, 7.8625 us/op

WorkloadPilot    1: 16 op, 400.00 ns, 25.0000 ns/op
WorkloadPilot    2: 32 op, 300.00 ns, 9.3750 ns/op
WorkloadPilot    3: 64 op, 700.00 ns, 10.9375 ns/op
WorkloadPilot    4: 128 op, 500.00 ns, 3.9063 ns/op
WorkloadPilot    5: 256 op, 1000.00 ns, 3.9063 ns/op
WorkloadPilot    6: 512 op, 1300.00 ns, 2.5391 ns/op
WorkloadPilot    7: 1024 op, 2500.00 ns, 2.4414 ns/op
WorkloadPilot    8: 2048 op, 4800.00 ns, 2.3438 ns/op
WorkloadPilot    9: 4096 op, 9500.00 ns, 2.3193 ns/op
WorkloadPilot   10: 8192 op, 19100.00 ns, 2.3315 ns/op
WorkloadPilot   11: 16384 op, 41100.00 ns, 2.5085 ns/op
WorkloadPilot   12: 32768 op, 76000.00 ns, 2.3193 ns/op
WorkloadPilot   13: 65536 op, 151700.00 ns, 2.3148 ns/op
WorkloadPilot   14: 131072 op, 303600.00 ns, 2.3163 ns/op
WorkloadPilot   15: 262144 op, 620900.00 ns, 2.3685 ns/op
WorkloadPilot   16: 524288 op, 1227100.00 ns, 2.3405 ns/op
WorkloadPilot   17: 1048576 op, 2483800.00 ns, 2.3687 ns/op
WorkloadPilot   18: 2097152 op, 4898500.00 ns, 2.3358 ns/op
WorkloadPilot   19: 4194304 op, 13948800.00 ns, 3.3257 ns/op
WorkloadPilot   20: 8388608 op, 34773300.00 ns, 4.1453 ns/op
WorkloadPilot   21: 16777216 op, 40326900.00 ns, 2.4037 ns/op
WorkloadPilot   22: 33554432 op, 78872800.00 ns, 2.3506 ns/op
WorkloadPilot   23: 67108864 op, 153991800.00 ns, 2.2947 ns/op
WorkloadPilot   24: 134217728 op, 311422900.00 ns, 2.3203 ns/op
WorkloadPilot   25: 268435456 op, 608341100.00 ns, 2.2662 ns/op

OverheadWarmup   1: 268435456 op, 390096200.00 ns, 1.4532 ns/op
OverheadWarmup   2: 268435456 op, 215880900.00 ns, 0.8042 ns/op
OverheadWarmup   3: 268435456 op, 216204600.00 ns, 0.8054 ns/op
OverheadWarmup   4: 268435456 op, 215421700.00 ns, 0.8025 ns/op
OverheadWarmup   5: 268435456 op, 215099100.00 ns, 0.8013 ns/op
OverheadWarmup   6: 268435456 op, 215624900.00 ns, 0.8033 ns/op
OverheadWarmup   7: 268435456 op, 325530800.00 ns, 1.2127 ns/op
OverheadWarmup   8: 268435456 op, 332879200.00 ns, 1.2401 ns/op
OverheadWarmup   9: 268435456 op, 292666000.00 ns, 1.0903 ns/op

OverheadActual   1: 268435456 op, 324126300.00 ns, 1.2075 ns/op
OverheadActual   2: 268435456 op, 330506900.00 ns, 1.2312 ns/op
OverheadActual   3: 268435456 op, 215604800.00 ns, 0.8032 ns/op
OverheadActual   4: 268435456 op, 215306700.00 ns, 0.8021 ns/op
OverheadActual   5: 268435456 op, 215147700.00 ns, 0.8015 ns/op
OverheadActual   6: 268435456 op, 217578900.00 ns, 0.8105 ns/op
OverheadActual   7: 268435456 op, 215986800.00 ns, 0.8046 ns/op
OverheadActual   8: 268435456 op, 215304900.00 ns, 0.8021 ns/op
OverheadActual   9: 268435456 op, 215471000.00 ns, 0.8027 ns/op
OverheadActual  10: 268435456 op, 215223400.00 ns, 0.8018 ns/op
OverheadActual  11: 268435456 op, 222794400.00 ns, 0.8300 ns/op
OverheadActual  12: 268435456 op, 215263300.00 ns, 0.8019 ns/op
OverheadActual  13: 268435456 op, 298342400.00 ns, 1.1114 ns/op
OverheadActual  14: 268435456 op, 340878900.00 ns, 1.2699 ns/op
OverheadActual  15: 268435456 op, 336517800.00 ns, 1.2536 ns/op
OverheadActual  16: 268435456 op, 266211800.00 ns, 0.9917 ns/op
OverheadActual  17: 268435456 op, 329298400.00 ns, 1.2267 ns/op
OverheadActual  18: 268435456 op, 333253400.00 ns, 1.2415 ns/op
OverheadActual  19: 268435456 op, 219968800.00 ns, 0.8194 ns/op
OverheadActual  20: 268435456 op, 215345500.00 ns, 0.8022 ns/op

WorkloadWarmup   1: 268435456 op, 609547100.00 ns, 2.2707 ns/op
WorkloadWarmup   2: 268435456 op, 609392300.00 ns, 2.2702 ns/op

// BeforeActualRun
WorkloadActual   1: 268435456 op, 663520800.00 ns, 2.4718 ns/op
WorkloadActual   2: 268435456 op, 881196200.00 ns, 3.2827 ns/op
WorkloadActual   3: 268435456 op, 710930000.00 ns, 2.6484 ns/op
WorkloadActual   4: 268435456 op, 756810600.00 ns, 2.8193 ns/op
WorkloadActual   5: 268435456 op, 854013800.00 ns, 3.1814 ns/op

// AfterActualRun
WorkloadResult   1: 268435456 op, 444746950.00 ns, 1.6568 ns/op
WorkloadResult   2: 268435456 op, 662422350.00 ns, 2.4677 ns/op
WorkloadResult   3: 268435456 op, 492156150.00 ns, 1.8334 ns/op
WorkloadResult   4: 268435456 op, 538036750.00 ns, 2.0043 ns/op
WorkloadResult   5: 268435456 op, 635239950.00 ns, 2.3665 ns/op
// GC:  0 0 0 400 268435456
// Threading:  0 0 268435456

// AfterAll
// Benchmark Process 37232 has exited with code 0.

Mean = 2.066 ns, StdErr = 0.154 ns (7.48%), N = 5, StdDev = 0.345 ns
Min = 1.657 ns, Q1 = 1.833 ns, Median = 2.004 ns, Q3 = 2.366 ns, Max = 2.468 ns
IQR = 0.533 ns, LowerFence = 1.034 ns, UpperFence = 3.166 ns
ConfidenceInterval = [0.736 ns; 3.395 ns] (CI 99.9%), Margin = 1.330 ns (64.37% of Mean)
Skewness = 0.05, Kurtosis = 0.92, MValue = 2

// ** Remained 14 (66.7%) benchmark(s) to run. Estimated finish 2026-05-19 10:59 (0h 2m from now) **
Setup power plan (GUID: 8c5e7fda-e8bf-4a96-9a85-a6e23a8c635c FriendlyName: High performance)
// **************************
// Benchmark: HandlingResultBenchmarks.Static_Success_1000x: Job-HQBIJM(IterationCount=5, WarmupCount=2)
// *** Execute ***
// Launch: 1 / 1
// Execute: dotnet 7972561f-5e42-44d4-8156-f3fce95150ba.dll --anonymousPipes 1376 1356 --benchmarkName Chopsticks.Benchmarks.HandlingResultBenchmarks.Static_Success_Throughput --job "IterationCount=5, WarmupCount=2" --benchmarkId 7 in A:\g\Chopsticks2\Native\Benchmarks\bin\Release\net9.0\7972561f-5e42-44d4-8156-f3fce95150ba\bin\Release\net9.0
// BeforeAnythingElse

// Benchmark Process Environment Information:
// BenchmarkDotNet v0.14.0
// Runtime=.NET 9.0.16 (9.0.1626.22923), X64 RyuJIT AVX2
// GC=Concurrent Workstation
// HardwareIntrinsics=AVX2,AES,BMI1,BMI2,FMA,LZCNT,PCLMUL,POPCNT,AvxVnni,SERIALIZE VectorSize=256
// Job: Job-MHDITA(IterationCount=5, WarmupCount=2)

OverheadJitting  1: 1 op, 209800.00 ns, 209.8000 us/op
WorkloadJitting  1: 1 op, 241600.00 ns, 241.6000 us/op

OverheadJitting  2: 16 op, 197100.00 ns, 12.3188 us/op
WorkloadJitting  2: 16 op, 499600.00 ns, 31.2250 us/op

WorkloadPilot    1: 16 op, 203800.00 ns, 12.7375 us/op
WorkloadPilot    2: 32 op, 297300.00 ns, 9.2906 us/op
WorkloadPilot    3: 64 op, 325700.00 ns, 5.0891 us/op
WorkloadPilot    4: 128 op, 501400.00 ns, 3.9172 us/op
WorkloadPilot    5: 256 op, 1213400.00 ns, 4.7398 us/op
WorkloadPilot    6: 512 op, 3252800.00 ns, 6.3531 us/op
WorkloadPilot    7: 1024 op, 6304300.00 ns, 6.1565 us/op
WorkloadPilot    8: 2048 op, 6665300.00 ns, 3.2545 us/op
WorkloadPilot    9: 4096 op, 13562400.00 ns, 3.3111 us/op
WorkloadPilot   10: 8192 op, 29034900.00 ns, 3.5443 us/op
WorkloadPilot   11: 16384 op, 88393100.00 ns, 5.3951 us/op
WorkloadPilot   12: 32768 op, 10605300.00 ns, 323.6481 ns/op
WorkloadPilot   13: 65536 op, 13313400.00 ns, 203.1464 ns/op
WorkloadPilot   14: 131072 op, 26796900.00 ns, 204.4441 ns/op
WorkloadPilot   15: 262144 op, 66072600.00 ns, 252.0470 ns/op
WorkloadPilot   16: 524288 op, 107084200.00 ns, 204.2469 ns/op
WorkloadPilot   17: 1048576 op, 214217200.00 ns, 204.2934 ns/op
WorkloadPilot   18: 2097152 op, 426959700.00 ns, 203.5903 ns/op
WorkloadPilot   19: 4194304 op, 899212700.00 ns, 214.3890 ns/op

OverheadWarmup   1: 4194304 op, 8978400.00 ns, 2.1406 ns/op
OverheadWarmup   2: 4194304 op, 9440000.00 ns, 2.2507 ns/op
OverheadWarmup   3: 4194304 op, 5771300.00 ns, 1.3760 ns/op
OverheadWarmup   4: 4194304 op, 8547100.00 ns, 2.0378 ns/op
OverheadWarmup   5: 4194304 op, 9633300.00 ns, 2.2968 ns/op
OverheadWarmup   6: 4194304 op, 9530600.00 ns, 2.2723 ns/op

OverheadActual   1: 4194304 op, 9413700.00 ns, 2.2444 ns/op
OverheadActual   2: 4194304 op, 5718200.00 ns, 1.3633 ns/op
OverheadActual   3: 4194304 op, 5709300.00 ns, 1.3612 ns/op
OverheadActual   4: 4194304 op, 8383600.00 ns, 1.9988 ns/op
OverheadActual   5: 4194304 op, 5672700.00 ns, 1.3525 ns/op
OverheadActual   6: 4194304 op, 7817700.00 ns, 1.8639 ns/op
OverheadActual   7: 4194304 op, 9698200.00 ns, 2.3122 ns/op
OverheadActual   8: 4194304 op, 7949600.00 ns, 1.8953 ns/op
OverheadActual   9: 4194304 op, 9642900.00 ns, 2.2990 ns/op
OverheadActual  10: 4194304 op, 5776300.00 ns, 1.3772 ns/op
OverheadActual  11: 4194304 op, 5890600.00 ns, 1.4044 ns/op
OverheadActual  12: 4194304 op, 9094900.00 ns, 2.1684 ns/op
OverheadActual  13: 4194304 op, 9515700.00 ns, 2.2687 ns/op
OverheadActual  14: 4194304 op, 9825000.00 ns, 2.3425 ns/op
OverheadActual  15: 4194304 op, 9536800.00 ns, 2.2738 ns/op
OverheadActual  16: 4194304 op, 10022100.00 ns, 2.3895 ns/op
OverheadActual  17: 4194304 op, 10027700.00 ns, 2.3908 ns/op
OverheadActual  18: 4194304 op, 9731900.00 ns, 2.3203 ns/op
OverheadActual  19: 4194304 op, 9682800.00 ns, 2.3086 ns/op
OverheadActual  20: 4194304 op, 9937700.00 ns, 2.3693 ns/op

WorkloadWarmup   1: 4194304 op, 1006369100.00 ns, 239.9371 ns/op
WorkloadWarmup   2: 4194304 op, 855716600.00 ns, 204.0187 ns/op

// BeforeActualRun
WorkloadActual   1: 4194304 op, 855830300.00 ns, 204.0458 ns/op
WorkloadActual   2: 4194304 op, 854814100.00 ns, 203.8036 ns/op
WorkloadActual   3: 4194304 op, 855529500.00 ns, 203.9741 ns/op
WorkloadActual   4: 4194304 op, 922758200.00 ns, 220.0027 ns/op
WorkloadActual   5: 4194304 op, 856190700.00 ns, 204.1318 ns/op

// AfterActualRun
WorkloadResult   1: 4194304 op, 846365600.00 ns, 201.7893 ns/op
WorkloadResult   2: 4194304 op, 845349400.00 ns, 201.5470 ns/op
WorkloadResult   3: 4194304 op, 846064800.00 ns, 201.7176 ns/op
WorkloadResult   4: 4194304 op, 846726000.00 ns, 201.8752 ns/op
// GC:  0 0 0 64 4194304
// Threading:  0 0 4194304

// AfterAll
// Benchmark Process 53772 has exited with code 0.

Mean = 201.732 ns, StdErr = 0.070 ns (0.03%), N = 4, StdDev = 0.139 ns
Min = 201.547 ns, Q1 = 201.675 ns, Median = 201.753 ns, Q3 = 201.811 ns, Max = 201.875 ns
IQR = 0.136 ns, LowerFence = 201.471 ns, UpperFence = 202.015 ns
ConfidenceInterval = [200.832 ns; 202.632 ns] (CI 99.9%), Margin = 0.900 ns (0.45% of Mean)
Skewness = -0.3, Kurtosis = 1.07, MValue = 2

// ** Remained 13 (61.9%) benchmark(s) to run. Estimated finish 2026-05-19 10:59 (0h 2m from now) **
Setup power plan (GUID: 8c5e7fda-e8bf-4a96-9a85-a6e23a8c635c FriendlyName: High performance)
// **************************
// Benchmark: HandlingResultBenchmarks.Exceptions_SingleException: Job-HQBIJM(IterationCount=5, WarmupCount=2)
// *** Execute ***
// Launch: 1 / 1
// Execute: dotnet 7972561f-5e42-44d4-8156-f3fce95150ba.dll --anonymousPipes 1624 1620 --benchmarkName Chopsticks.Benchmarks.HandlingResultBenchmarks.Exceptions_SingleException --job "IterationCount=5, WarmupCount=2" --benchmarkId 8 in A:\g\Chopsticks2\Native\Benchmarks\bin\Release\net9.0\7972561f-5e42-44d4-8156-f3fce95150ba\bin\Release\net9.0
// BeforeAnythingElse

// Benchmark Process Environment Information:
// BenchmarkDotNet v0.14.0
// Runtime=.NET 9.0.16 (9.0.1626.22923), X64 RyuJIT AVX2
// GC=Concurrent Workstation
// HardwareIntrinsics=AVX2,AES,BMI1,BMI2,FMA,LZCNT,PCLMUL,POPCNT,AvxVnni,SERIALIZE VectorSize=256
// Job: Job-CPFVNQ(IterationCount=5, WarmupCount=2)

OverheadJitting  1: 1 op, 149200.00 ns, 149.2000 us/op
WorkloadJitting  1: 1 op, 452800.00 ns, 452.8000 us/op

OverheadJitting  2: 16 op, 196800.00 ns, 12.3000 us/op
WorkloadJitting  2: 16 op, 215800.00 ns, 13.4875 us/op

WorkloadPilot    1: 16 op, 2600.00 ns, 162.5000 ns/op
WorkloadPilot    2: 32 op, 4400.00 ns, 137.5000 ns/op
WorkloadPilot    3: 64 op, 12800.00 ns, 200.0000 ns/op
WorkloadPilot    4: 128 op, 14700.00 ns, 114.8438 ns/op
WorkloadPilot    5: 256 op, 29500.00 ns, 115.2344 ns/op
WorkloadPilot    6: 512 op, 48600.00 ns, 94.9219 ns/op
WorkloadPilot    7: 1024 op, 103400.00 ns, 100.9766 ns/op
WorkloadPilot    8: 2048 op, 201600.00 ns, 98.4375 ns/op
WorkloadPilot    9: 4096 op, 389500.00 ns, 95.0928 ns/op
WorkloadPilot   10: 8192 op, 927300.00 ns, 113.1958 ns/op
WorkloadPilot   11: 16384 op, 2187500.00 ns, 133.5144 ns/op
WorkloadPilot   12: 32768 op, 3529400.00 ns, 107.7087 ns/op
WorkloadPilot   13: 65536 op, 5662300.00 ns, 86.3998 ns/op
WorkloadPilot   14: 131072 op, 10843600.00 ns, 82.7301 ns/op
WorkloadPilot   15: 262144 op, 32055900.00 ns, 122.2836 ns/op
WorkloadPilot   16: 524288 op, 59305800.00 ns, 113.1168 ns/op
WorkloadPilot   17: 1048576 op, 118374500.00 ns, 112.8907 ns/op
WorkloadPilot   18: 2097152 op, 35633600.00 ns, 16.9914 ns/op
WorkloadPilot   19: 4194304 op, 79904700.00 ns, 19.0508 ns/op
WorkloadPilot   20: 8388608 op, 167523300.00 ns, 19.9703 ns/op
WorkloadPilot   21: 16777216 op, 218373100.00 ns, 13.0161 ns/op
WorkloadPilot   22: 33554432 op, 401234400.00 ns, 11.9577 ns/op
WorkloadPilot   23: 67108864 op, 873058400.00 ns, 13.0096 ns/op

OverheadWarmup   1: 67108864 op, 91855900.00 ns, 1.3688 ns/op
OverheadWarmup   2: 67108864 op, 135487400.00 ns, 2.0189 ns/op
OverheadWarmup   3: 67108864 op, 54632800.00 ns, 0.8141 ns/op
OverheadWarmup   4: 67108864 op, 83471400.00 ns, 1.2438 ns/op
OverheadWarmup   5: 67108864 op, 54761400.00 ns, 0.8160 ns/op

OverheadActual   1: 67108864 op, 54708800.00 ns, 0.8152 ns/op
OverheadActual   2: 67108864 op, 54616800.00 ns, 0.8139 ns/op
OverheadActual   3: 67108864 op, 54555700.00 ns, 0.8129 ns/op
OverheadActual   4: 67108864 op, 54856300.00 ns, 0.8174 ns/op
OverheadActual   5: 67108864 op, 54574400.00 ns, 0.8132 ns/op
OverheadActual   6: 67108864 op, 77695800.00 ns, 1.1578 ns/op
OverheadActual   7: 67108864 op, 55151700.00 ns, 0.8218 ns/op
OverheadActual   8: 67108864 op, 83840400.00 ns, 1.2493 ns/op
OverheadActual   9: 67108864 op, 86469800.00 ns, 1.2885 ns/op
OverheadActual  10: 67108864 op, 65116200.00 ns, 0.9703 ns/op
OverheadActual  11: 67108864 op, 61273800.00 ns, 0.9131 ns/op
OverheadActual  12: 67108864 op, 86220800.00 ns, 1.2848 ns/op
OverheadActual  13: 67108864 op, 86245700.00 ns, 1.2852 ns/op
OverheadActual  14: 67108864 op, 86517500.00 ns, 1.2892 ns/op
OverheadActual  15: 67108864 op, 58582900.00 ns, 0.8730 ns/op
OverheadActual  16: 67108864 op, 54728700.00 ns, 0.8155 ns/op
OverheadActual  17: 67108864 op, 54561100.00 ns, 0.8130 ns/op
OverheadActual  18: 67108864 op, 54688000.00 ns, 0.8149 ns/op
OverheadActual  19: 67108864 op, 83596800.00 ns, 1.2457 ns/op
OverheadActual  20: 67108864 op, 86298800.00 ns, 1.2860 ns/op

WorkloadWarmup   1: 67108864 op, 1144006800.00 ns, 17.0470 ns/op
WorkloadWarmup   2: 67108864 op, 903257700.00 ns, 13.4596 ns/op

// BeforeActualRun
WorkloadActual   1: 67108864 op, 1097497500.00 ns, 16.3540 ns/op
WorkloadActual   2: 67108864 op, 1037189300.00 ns, 15.4553 ns/op
WorkloadActual   3: 67108864 op, 904461800.00 ns, 13.4775 ns/op
WorkloadActual   4: 67108864 op, 1065616300.00 ns, 15.8789 ns/op
WorkloadActual   5: 67108864 op, 816618100.00 ns, 12.1686 ns/op

// AfterActualRun
WorkloadResult   1: 67108864 op, 1037569150.00 ns, 15.4610 ns/op
WorkloadResult   2: 67108864 op, 977260950.00 ns, 14.5623 ns/op
WorkloadResult   3: 67108864 op, 844533450.00 ns, 12.5845 ns/op
WorkloadResult   4: 67108864 op, 1005687950.00 ns, 14.9859 ns/op
WorkloadResult   5: 67108864 op, 756689750.00 ns, 11.2756 ns/op
// GC:  285 0 0 5368709520 67108864
// Threading:  0 0 67108864

// AfterAll
// Benchmark Process 55860 has exited with code 0.

Mean = 13.774 ns, StdErr = 0.794 ns (5.76%), N = 5, StdDev = 1.774 ns
Min = 11.276 ns, Q1 = 12.585 ns, Median = 14.562 ns, Q3 = 14.986 ns, Max = 15.461 ns
IQR = 2.401 ns, LowerFence = 8.982 ns, UpperFence = 18.588 ns
ConfidenceInterval = [6.941 ns; 20.606 ns] (CI 99.9%), Margin = 6.832 ns (49.60% of Mean)
Skewness = -0.37, Kurtosis = 1.04, MValue = 2

// ** Remained 12 (57.1%) benchmark(s) to run. Estimated finish 2026-05-19 10:59 (0h 2m from now) **
Setup power plan (GUID: 8c5e7fda-e8bf-4a96-9a85-a6e23a8c635c FriendlyName: High performance)
// **************************
// Benchmark: HandlingResultBenchmarks.Exceptions_MultipleExceptions: Job-HQBIJM(IterationCount=5, WarmupCount=2)
// *** Execute ***
// Launch: 1 / 1
// Execute: dotnet 7972561f-5e42-44d4-8156-f3fce95150ba.dll --anonymousPipes 1600 1268 --benchmarkName Chopsticks.Benchmarks.HandlingResultBenchmarks.Exceptions_MultipleExceptions --job "IterationCount=5, WarmupCount=2" --benchmarkId 9 in A:\g\Chopsticks2\Native\Benchmarks\bin\Release\net9.0\7972561f-5e42-44d4-8156-f3fce95150ba\bin\Release\net9.0
// BeforeAnythingElse

// Benchmark Process Environment Information:
// BenchmarkDotNet v0.14.0
// Runtime=.NET 9.0.16 (9.0.1626.22923), X64 RyuJIT AVX2
// GC=Concurrent Workstation
// HardwareIntrinsics=AVX2,AES,BMI1,BMI2,FMA,LZCNT,PCLMUL,POPCNT,AvxVnni,SERIALIZE VectorSize=256
// Job: Job-IUEXIY(IterationCount=5, WarmupCount=2)

OverheadJitting  1: 1 op, 145700.00 ns, 145.7000 us/op
WorkloadJitting  1: 1 op, 417300.00 ns, 417.3000 us/op

OverheadJitting  2: 16 op, 211600.00 ns, 13.2250 us/op
WorkloadJitting  2: 16 op, 287000.00 ns, 17.9375 us/op

WorkloadPilot    1: 16 op, 3800.00 ns, 237.5000 ns/op
WorkloadPilot    2: 32 op, 6500.00 ns, 203.1250 ns/op
WorkloadPilot    3: 64 op, 17100.00 ns, 267.1875 ns/op
WorkloadPilot    4: 128 op, 22200.00 ns, 173.4375 ns/op
WorkloadPilot    5: 256 op, 46800.00 ns, 182.8125 ns/op
WorkloadPilot    6: 512 op, 77600.00 ns, 151.5625 ns/op
WorkloadPilot    7: 1024 op, 255600.00 ns, 249.6094 ns/op
WorkloadPilot    8: 2048 op, 450700.00 ns, 220.0684 ns/op
WorkloadPilot    9: 4096 op, 1082200.00 ns, 264.2090 ns/op
WorkloadPilot   10: 8192 op, 2048700.00 ns, 250.0854 ns/op
WorkloadPilot   11: 16384 op, 4188400.00 ns, 255.6396 ns/op
WorkloadPilot   12: 32768 op, 7576700.00 ns, 231.2225 ns/op
WorkloadPilot   13: 65536 op, 14881800.00 ns, 227.0782 ns/op
WorkloadPilot   14: 131072 op, 30061800.00 ns, 229.3533 ns/op
WorkloadPilot   15: 262144 op, 57285000.00 ns, 218.5249 ns/op
WorkloadPilot   16: 524288 op, 38466500.00 ns, 73.3690 ns/op
WorkloadPilot   17: 1048576 op, 18011900.00 ns, 17.1775 ns/op
WorkloadPilot   18: 2097152 op, 35028000.00 ns, 16.7027 ns/op
WorkloadPilot   19: 4194304 op, 71224100.00 ns, 16.9811 ns/op
WorkloadPilot   20: 8388608 op, 138609500.00 ns, 16.5235 ns/op
WorkloadPilot   21: 16777216 op, 273788300.00 ns, 16.3191 ns/op
WorkloadPilot   22: 33554432 op, 652814000.00 ns, 19.4554 ns/op

OverheadWarmup   1: 33554432 op, 45741300.00 ns, 1.3632 ns/op
OverheadWarmup   2: 33554432 op, 70287800.00 ns, 2.0947 ns/op
OverheadWarmup   3: 33554432 op, 75092500.00 ns, 2.2379 ns/op
OverheadWarmup   4: 33554432 op, 50139000.00 ns, 1.4943 ns/op
OverheadWarmup   5: 33554432 op, 42119600.00 ns, 1.2553 ns/op
OverheadWarmup   6: 33554432 op, 40069900.00 ns, 1.1942 ns/op
OverheadWarmup   7: 33554432 op, 27389500.00 ns, 0.8163 ns/op
OverheadWarmup   8: 33554432 op, 27191800.00 ns, 0.8104 ns/op
OverheadWarmup   9: 33554432 op, 40062000.00 ns, 1.1939 ns/op
OverheadWarmup  10: 33554432 op, 42609700.00 ns, 1.2699 ns/op

OverheadActual   1: 33554432 op, 42629600.00 ns, 1.2705 ns/op
OverheadActual   2: 33554432 op, 41717200.00 ns, 1.2433 ns/op
OverheadActual   3: 33554432 op, 27243600.00 ns, 0.8119 ns/op
OverheadActual   4: 33554432 op, 27634900.00 ns, 0.8236 ns/op
OverheadActual   5: 33554432 op, 27280600.00 ns, 0.8130 ns/op
OverheadActual   6: 33554432 op, 27409400.00 ns, 0.8169 ns/op
OverheadActual   7: 33554432 op, 27287200.00 ns, 0.8132 ns/op
OverheadActual   8: 33554432 op, 27597800.00 ns, 0.8225 ns/op
OverheadActual   9: 33554432 op, 39460300.00 ns, 1.1760 ns/op
OverheadActual  10: 33554432 op, 41898800.00 ns, 1.2487 ns/op
OverheadActual  11: 33554432 op, 42538700.00 ns, 1.2678 ns/op
OverheadActual  12: 33554432 op, 27360900.00 ns, 0.8154 ns/op
OverheadActual  13: 33554432 op, 27376600.00 ns, 0.8159 ns/op
OverheadActual  14: 33554432 op, 27469500.00 ns, 0.8187 ns/op
OverheadActual  15: 33554432 op, 27245500.00 ns, 0.8120 ns/op
OverheadActual  16: 33554432 op, 27252600.00 ns, 0.8122 ns/op
OverheadActual  17: 33554432 op, 39753400.00 ns, 1.1847 ns/op
OverheadActual  18: 33554432 op, 27120600.00 ns, 0.8083 ns/op
OverheadActual  19: 33554432 op, 27448900.00 ns, 0.8180 ns/op
OverheadActual  20: 33554432 op, 42379800.00 ns, 1.2630 ns/op

WorkloadWarmup   1: 33554432 op, 717824800.00 ns, 21.3928 ns/op
WorkloadWarmup   2: 33554432 op, 893671700.00 ns, 26.6335 ns/op

// BeforeActualRun
WorkloadActual   1: 33554432 op, 893000000.00 ns, 26.6135 ns/op
WorkloadActual   2: 33554432 op, 559562700.00 ns, 16.6763 ns/op
WorkloadActual   3: 33554432 op, 561182800.00 ns, 16.7246 ns/op
WorkloadActual   4: 33554432 op, 639696300.00 ns, 19.0644 ns/op
WorkloadActual   5: 33554432 op, 618653800.00 ns, 18.4373 ns/op

// AfterActualRun
WorkloadResult   1: 33554432 op, 532103500.00 ns, 15.8579 ns/op
WorkloadResult   2: 33554432 op, 533723600.00 ns, 15.9062 ns/op
WorkloadResult   3: 33554432 op, 612237100.00 ns, 18.2461 ns/op
WorkloadResult   4: 33554432 op, 591194600.00 ns, 17.6190 ns/op
// GC:  142 0 0 2684354960 33554432
// Threading:  0 0 33554432

// AfterAll
// Benchmark Process 67092 has exited with code 0.

Mean = 16.907 ns, StdErr = 0.606 ns (3.58%), N = 4, StdDev = 1.211 ns
Min = 15.858 ns, Q1 = 15.894 ns, Median = 16.763 ns, Q3 = 17.776 ns, Max = 18.246 ns
IQR = 1.882 ns, LowerFence = 13.072 ns, UpperFence = 20.598 ns
ConfidenceInterval = [9.079 ns; 24.735 ns] (CI 99.9%), Margin = 7.828 ns (46.30% of Mean)
Skewness = 0.08, Kurtosis = 0.66, MValue = 2

// ** Remained 11 (52.4%) benchmark(s) to run. Estimated finish 2026-05-19 10:59 (0h 2m from now) **
Setup power plan (GUID: 8c5e7fda-e8bf-4a96-9a85-a6e23a8c635c FriendlyName: High performance)
// **************************
// Benchmark: HandlingResultBenchmarks.Promise_Static_Success: Job-HQBIJM(IterationCount=5, WarmupCount=2)
// *** Execute ***
// Launch: 1 / 1
// Execute: dotnet 7972561f-5e42-44d4-8156-f3fce95150ba.dll --anonymousPipes 676 1376 --benchmarkName Chopsticks.Benchmarks.HandlingResultBenchmarks.Promise_Static_Success --job "IterationCount=5, WarmupCount=2" --benchmarkId 10 in A:\g\Chopsticks2\Native\Benchmarks\bin\Release\net9.0\7972561f-5e42-44d4-8156-f3fce95150ba\bin\Release\net9.0
// BeforeAnythingElse

// Benchmark Process Environment Information:
// BenchmarkDotNet v0.14.0
// Runtime=.NET 9.0.16 (9.0.1626.22923), X64 RyuJIT AVX2
// GC=Concurrent Workstation
// HardwareIntrinsics=AVX2,AES,BMI1,BMI2,FMA,LZCNT,PCLMUL,POPCNT,AvxVnni,SERIALIZE VectorSize=256
// Job: Job-OAJYOF(IterationCount=5, WarmupCount=2)

OverheadJitting  1: 1 op, 141200.00 ns, 141.2000 us/op
WorkloadJitting  1: 1 op, 332400.00 ns, 332.4000 us/op

OverheadJitting  2: 16 op, 127300.00 ns, 7.9563 us/op
WorkloadJitting  2: 16 op, 123600.00 ns, 7.7250 us/op

WorkloadPilot    1: 16 op, 700.00 ns, 43.7500 ns/op
WorkloadPilot    2: 32 op, 500.00 ns, 15.6250 ns/op
WorkloadPilot    3: 64 op, 600.00 ns, 9.3750 ns/op
WorkloadPilot    4: 128 op, 1000.00 ns, 7.8125 ns/op
WorkloadPilot    5: 256 op, 1300.00 ns, 5.0781 ns/op
WorkloadPilot    6: 512 op, 2100.00 ns, 4.1016 ns/op
WorkloadPilot    7: 1024 op, 5200.00 ns, 5.0781 ns/op
WorkloadPilot    8: 2048 op, 9000.00 ns, 4.3945 ns/op
WorkloadPilot    9: 4096 op, 17700.00 ns, 4.3213 ns/op
WorkloadPilot   10: 8192 op, 30700.00 ns, 3.7476 ns/op
WorkloadPilot   11: 16384 op, 60800.00 ns, 3.7109 ns/op
WorkloadPilot   12: 32768 op, 122600.00 ns, 3.7415 ns/op
WorkloadPilot   13: 65536 op, 243300.00 ns, 3.7125 ns/op
WorkloadPilot   14: 131072 op, 597700.00 ns, 4.5601 ns/op
WorkloadPilot   15: 262144 op, 967400.00 ns, 3.6903 ns/op
WorkloadPilot   16: 524288 op, 2035300.00 ns, 3.8820 ns/op
WorkloadPilot   17: 1048576 op, 3963500.00 ns, 3.7799 ns/op
WorkloadPilot   18: 2097152 op, 8033400.00 ns, 3.8306 ns/op
WorkloadPilot   19: 4194304 op, 15927400.00 ns, 3.7974 ns/op
WorkloadPilot   20: 8388608 op, 32353600.00 ns, 3.8568 ns/op
WorkloadPilot   21: 16777216 op, 64337600.00 ns, 3.8348 ns/op
WorkloadPilot   22: 33554432 op, 65645100.00 ns, 1.9564 ns/op
WorkloadPilot   23: 67108864 op, 89741800.00 ns, 1.3373 ns/op
WorkloadPilot   24: 134217728 op, 109681000.00 ns, 0.8172 ns/op
WorkloadPilot   25: 268435456 op, 360853700.00 ns, 1.3443 ns/op
WorkloadPilot   26: 536870912 op, 456928000.00 ns, 0.8511 ns/op
WorkloadPilot   27: 1073741824 op, 876992000.00 ns, 0.8168 ns/op

OverheadWarmup   1: 1073741824 op, 948696900.00 ns, 0.8835 ns/op
OverheadWarmup   2: 1073741824 op, 1107177400.00 ns, 1.0311 ns/op
OverheadWarmup   3: 1073741824 op, 863605100.00 ns, 0.8043 ns/op
OverheadWarmup   4: 1073741824 op, 861240100.00 ns, 0.8021 ns/op
OverheadWarmup   5: 1073741824 op, 861163600.00 ns, 0.8020 ns/op
OverheadWarmup   6: 1073741824 op, 861768900.00 ns, 0.8026 ns/op
OverheadWarmup   7: 1073741824 op, 860917000.00 ns, 0.8018 ns/op

OverheadActual   1: 1073741824 op, 944749700.00 ns, 0.8799 ns/op
OverheadActual   2: 1073741824 op, 861845300.00 ns, 0.8027 ns/op
OverheadActual   3: 1073741824 op, 861170200.00 ns, 0.8020 ns/op
OverheadActual   4: 1073741824 op, 862925500.00 ns, 0.8037 ns/op
OverheadActual   5: 1073741824 op, 860459700.00 ns, 0.8014 ns/op
OverheadActual   6: 1073741824 op, 861999000.00 ns, 0.8028 ns/op
OverheadActual   7: 1073741824 op, 860840300.00 ns, 0.8017 ns/op
OverheadActual   8: 1073741824 op, 861902700.00 ns, 0.8027 ns/op
OverheadActual   9: 1073741824 op, 861870900.00 ns, 0.8027 ns/op
OverheadActual  10: 1073741824 op, 860154800.00 ns, 0.8011 ns/op
OverheadActual  11: 1073741824 op, 890451200.00 ns, 0.8293 ns/op
OverheadActual  12: 1073741824 op, 1130051500.00 ns, 1.0524 ns/op
OverheadActual  13: 1073741824 op, 862725600.00 ns, 0.8035 ns/op
OverheadActual  14: 1073741824 op, 865829900.00 ns, 0.8064 ns/op
OverheadActual  15: 1073741824 op, 862193400.00 ns, 0.8030 ns/op

WorkloadWarmup   1: 1073741824 op, 1255751700.00 ns, 1.1695 ns/op
WorkloadWarmup   2: 1073741824 op, 876800300.00 ns, 0.8166 ns/op

// BeforeActualRun
WorkloadActual   1: 1073741824 op, 1066963400.00 ns, 0.9937 ns/op
WorkloadActual   2: 1073741824 op, 987992700.00 ns, 0.9201 ns/op
WorkloadActual   3: 1073741824 op, 1179445700.00 ns, 1.0984 ns/op
WorkloadActual   4: 1073741824 op, 883052300.00 ns, 0.8224 ns/op
WorkloadActual   5: 1073741824 op, 875998900.00 ns, 0.8158 ns/op

// AfterActualRun
WorkloadResult   1: 1073741824 op, 204964400.00 ns, 0.1909 ns/op
WorkloadResult   2: 1073741824 op, 125993700.00 ns, 0.1173 ns/op
WorkloadResult   3: 1073741824 op, 317446700.00 ns, 0.2956 ns/op
WorkloadResult   4: 1073741824 op, 21053300.00 ns, 0.0196 ns/op
WorkloadResult   5: 1073741824 op, 13999900.00 ns, 0.0130 ns/op
// GC:  0 0 0 400 1073741824
// Threading:  0 0 1073741824

// AfterAll
// Benchmark Process 66000 has exited with code 0.

Mean = 0.127 ns, StdErr = 0.053 ns (41.99%), N = 5, StdDev = 0.120 ns
Min = 0.013 ns, Q1 = 0.020 ns, Median = 0.117 ns, Q3 = 0.191 ns, Max = 0.296 ns
IQR = 0.171 ns, LowerFence = -0.237 ns, UpperFence = 0.448 ns
ConfidenceInterval = [-0.333 ns; 0.588 ns] (CI 99.9%), Margin = 0.460 ns (361.51% of Mean)
Skewness = 0.27, Kurtosis = 1.1, MValue = 2

// ** Remained 10 (47.6%) benchmark(s) to run. Estimated finish 2026-05-19 11:00 (0h 2m from now) **
Setup power plan (GUID: 8c5e7fda-e8bf-4a96-9a85-a6e23a8c635c FriendlyName: High performance)
// **************************
// Benchmark: HandlingResultBenchmarks.Promise_Static_NoHandlers: Job-HQBIJM(IterationCount=5, WarmupCount=2)
// *** Execute ***
// Launch: 1 / 1
// Execute: dotnet 7972561f-5e42-44d4-8156-f3fce95150ba.dll --anonymousPipes 1580 1556 --benchmarkName Chopsticks.Benchmarks.HandlingResultBenchmarks.Promise_Static_NoHandlers --job "IterationCount=5, WarmupCount=2" --benchmarkId 11 in A:\g\Chopsticks2\Native\Benchmarks\bin\Release\net9.0\7972561f-5e42-44d4-8156-f3fce95150ba\bin\Release\net9.0
// BeforeAnythingElse

// Benchmark Process Environment Information:
// BenchmarkDotNet v0.14.0
// Runtime=.NET 9.0.16 (9.0.1626.22923), X64 RyuJIT AVX2
// GC=Concurrent Workstation
// HardwareIntrinsics=AVX2,AES,BMI1,BMI2,FMA,LZCNT,PCLMUL,POPCNT,AvxVnni,SERIALIZE VectorSize=256
// Job: Job-MSZVUO(IterationCount=5, WarmupCount=2)

OverheadJitting  1: 1 op, 142800.00 ns, 142.8000 us/op
WorkloadJitting  1: 1 op, 330600.00 ns, 330.6000 us/op

OverheadJitting  2: 16 op, 154100.00 ns, 9.6313 us/op
WorkloadJitting  2: 16 op, 140400.00 ns, 8.7750 us/op

WorkloadPilot    1: 16 op, 600.00 ns, 37.5000 ns/op
WorkloadPilot    2: 32 op, 400.00 ns, 12.5000 ns/op
WorkloadPilot    3: 64 op, 700.00 ns, 10.9375 ns/op
WorkloadPilot    4: 128 op, 900.00 ns, 7.0313 ns/op
WorkloadPilot    5: 256 op, 1400.00 ns, 5.4688 ns/op
WorkloadPilot    6: 512 op, 2300.00 ns, 4.4922 ns/op
WorkloadPilot    7: 1024 op, 4300.00 ns, 4.1992 ns/op
WorkloadPilot    8: 2048 op, 8000.00 ns, 3.9063 ns/op
WorkloadPilot    9: 4096 op, 15400.00 ns, 3.7598 ns/op
WorkloadPilot   10: 8192 op, 31200.00 ns, 3.8086 ns/op
WorkloadPilot   11: 16384 op, 73400.00 ns, 4.4800 ns/op
WorkloadPilot   12: 32768 op, 129100.00 ns, 3.9398 ns/op
WorkloadPilot   13: 65536 op, 255300.00 ns, 3.8956 ns/op
WorkloadPilot   14: 131072 op, 496800.00 ns, 3.7903 ns/op
WorkloadPilot   15: 262144 op, 998300.00 ns, 3.8082 ns/op
WorkloadPilot   16: 524288 op, 2560600.00 ns, 4.8840 ns/op
WorkloadPilot   17: 1048576 op, 6145100.00 ns, 5.8604 ns/op
WorkloadPilot   18: 2097152 op, 8015900.00 ns, 3.8223 ns/op
WorkloadPilot   19: 4194304 op, 16113900.00 ns, 3.8419 ns/op
WorkloadPilot   20: 8388608 op, 32090800.00 ns, 3.8255 ns/op
WorkloadPilot   21: 16777216 op, 64437100.00 ns, 3.8408 ns/op
WorkloadPilot   22: 33554432 op, 41857400.00 ns, 1.2474 ns/op
WorkloadPilot   23: 67108864 op, 87787900.00 ns, 1.3081 ns/op
WorkloadPilot   24: 134217728 op, 183524600.00 ns, 1.3674 ns/op
WorkloadPilot   25: 268435456 op, 218817800.00 ns, 0.8152 ns/op
WorkloadPilot   26: 536870912 op, 438346600.00 ns, 0.8165 ns/op
WorkloadPilot   27: 1073741824 op, 987135200.00 ns, 0.9193 ns/op

OverheadWarmup   1: 1073741824 op, 1005846400.00 ns, 0.9368 ns/op
OverheadWarmup   2: 1073741824 op, 1113631300.00 ns, 1.0371 ns/op
OverheadWarmup   3: 1073741824 op, 873264700.00 ns, 0.8133 ns/op
OverheadWarmup   4: 1073741824 op, 873175400.00 ns, 0.8132 ns/op
OverheadWarmup   5: 1073741824 op, 873911500.00 ns, 0.8139 ns/op
OverheadWarmup   6: 1073741824 op, 944080900.00 ns, 0.8792 ns/op
OverheadWarmup   7: 1073741824 op, 873857300.00 ns, 0.8138 ns/op

OverheadActual   1: 1073741824 op, 1228421900.00 ns, 1.1441 ns/op
OverheadActual   2: 1073741824 op, 1130050000.00 ns, 1.0524 ns/op
OverheadActual   3: 1073741824 op, 1041861900.00 ns, 0.9703 ns/op
OverheadActual   4: 1073741824 op, 1189207100.00 ns, 1.1075 ns/op
OverheadActual   5: 1073741824 op, 1225847600.00 ns, 1.1417 ns/op
OverheadActual   6: 1073741824 op, 882238300.00 ns, 0.8216 ns/op
OverheadActual   7: 1073741824 op, 871016700.00 ns, 0.8112 ns/op
OverheadActual   8: 1073741824 op, 874923700.00 ns, 0.8148 ns/op
OverheadActual   9: 1073741824 op, 876424800.00 ns, 0.8162 ns/op
OverheadActual  10: 1073741824 op, 890089600.00 ns, 0.8290 ns/op
OverheadActual  11: 1073741824 op, 874155900.00 ns, 0.8141 ns/op
OverheadActual  12: 1073741824 op, 1210735900.00 ns, 1.1276 ns/op
OverheadActual  13: 1073741824 op, 945437900.00 ns, 0.8805 ns/op
OverheadActual  14: 1073741824 op, 874154200.00 ns, 0.8141 ns/op
OverheadActual  15: 1073741824 op, 940052200.00 ns, 0.8755 ns/op
OverheadActual  16: 1073741824 op, 887273400.00 ns, 0.8263 ns/op
OverheadActual  17: 1073741824 op, 899573800.00 ns, 0.8378 ns/op
OverheadActual  18: 1073741824 op, 876035200.00 ns, 0.8159 ns/op
OverheadActual  19: 1073741824 op, 1156657500.00 ns, 1.0772 ns/op
OverheadActual  20: 1073741824 op, 876964000.00 ns, 0.8167 ns/op

WorkloadWarmup   1: 1073741824 op, 885076800.00 ns, 0.8243 ns/op
WorkloadWarmup   2: 1073741824 op, 875745200.00 ns, 0.8156 ns/op

// BeforeActualRun
WorkloadActual   1: 1073741824 op, 876143100.00 ns, 0.8160 ns/op
WorkloadActual   2: 1073741824 op, 987818800.00 ns, 0.9200 ns/op
WorkloadActual   3: 1073741824 op, 1007019600.00 ns, 0.9379 ns/op
WorkloadActual   4: 1073741824 op, 875914600.00 ns, 0.8158 ns/op
WorkloadActual   5: 1073741824 op, 876753700.00 ns, 0.8165 ns/op

// AfterActualRun
WorkloadResult   1: 1073741824 op, 0.00 ns, 0.0000 ns/op
WorkloadResult   2: 1073741824 op, 92987100.00 ns, 0.0866 ns/op
WorkloadResult   3: 1073741824 op, 112187900.00 ns, 0.1045 ns/op
WorkloadResult   4: 1073741824 op, 0.00 ns, 0.0000 ns/op
WorkloadResult   5: 1073741824 op, 0.00 ns, 0.0000 ns/op
// GC:  0 0 0 112 1073741824
// Threading:  0 0 1073741824

// AfterAll
// Benchmark Process 36856 has exited with code 0.

Mean = 0.038 ns, StdErr = 0.024 ns (61.68%), N = 5, StdDev = 0.053 ns
Min = 0.000 ns, Q1 = 0.000 ns, Median = 0.000 ns, Q3 = 0.087 ns, Max = 0.104 ns
IQR = 0.087 ns, LowerFence = -0.130 ns, UpperFence = 0.217 ns
ConfidenceInterval = [-0.165 ns; 0.241 ns] (CI 99.9%), Margin = 0.203 ns (531.11% of Mean)
Skewness = 0.32, Kurtosis = 0.81, MValue = 2

// ** Remained 9 (42.9%) benchmark(s) to run. Estimated finish 2026-05-19 11:00 (0h 2m from now) **
Setup power plan (GUID: 8c5e7fda-e8bf-4a96-9a85-a6e23a8c635c FriendlyName: High performance)
// **************************
// Benchmark: HandlingResultBenchmarks.Struct_CopyAndAccess: Job-HQBIJM(IterationCount=5, WarmupCount=2)
// *** Execute ***
// Launch: 1 / 1
// Execute: dotnet 7972561f-5e42-44d4-8156-f3fce95150ba.dll --anonymousPipes 1300 1580 --benchmarkName Chopsticks.Benchmarks.HandlingResultBenchmarks.Struct_CopyAndAccess --job "IterationCount=5, WarmupCount=2" --benchmarkId 12 in A:\g\Chopsticks2\Native\Benchmarks\bin\Release\net9.0\7972561f-5e42-44d4-8156-f3fce95150ba\bin\Release\net9.0
// BeforeAnythingElse

// Benchmark Process Environment Information:
// BenchmarkDotNet v0.14.0
// Runtime=.NET 9.0.16 (9.0.1626.22923), X64 RyuJIT AVX2
// GC=Concurrent Workstation
// HardwareIntrinsics=AVX2,AES,BMI1,BMI2,FMA,LZCNT,PCLMUL,POPCNT,AvxVnni,SERIALIZE VectorSize=256
// Job: Job-VHJEOM(IterationCount=5, WarmupCount=2)

OverheadJitting  1: 1 op, 207900.00 ns, 207.9000 us/op
WorkloadJitting  1: 1 op, 191900.00 ns, 191.9000 us/op

OverheadJitting  2: 16 op, 147700.00 ns, 9.2313 us/op
WorkloadJitting  2: 16 op, 142600.00 ns, 8.9125 us/op

WorkloadPilot    1: 16 op, 500.00 ns, 31.2500 ns/op
WorkloadPilot    2: 32 op, 600.00 ns, 18.7500 ns/op
WorkloadPilot    3: 64 op, 300.00 ns, 4.6875 ns/op
WorkloadPilot    4: 128 op, 400.00 ns, 3.1250 ns/op
WorkloadPilot    5: 256 op, 1000.00 ns, 3.9063 ns/op
WorkloadPilot    6: 512 op, 1400.00 ns, 2.7344 ns/op
WorkloadPilot    7: 1024 op, 2800.00 ns, 2.7344 ns/op
WorkloadPilot    8: 2048 op, 4700.00 ns, 2.2949 ns/op
WorkloadPilot    9: 4096 op, 8500.00 ns, 2.0752 ns/op
WorkloadPilot   10: 8192 op, 16400.00 ns, 2.0020 ns/op
WorkloadPilot   11: 16384 op, 40100.00 ns, 2.4475 ns/op
WorkloadPilot   12: 32768 op, 78700.00 ns, 2.4017 ns/op
WorkloadPilot   13: 65536 op, 136500.00 ns, 2.0828 ns/op
WorkloadPilot   14: 131072 op, 272700.00 ns, 2.0805 ns/op
WorkloadPilot   15: 262144 op, 519400.00 ns, 1.9814 ns/op
WorkloadPilot   16: 524288 op, 1041200.00 ns, 1.9859 ns/op
WorkloadPilot   17: 1048576 op, 2752400.00 ns, 2.6249 ns/op
WorkloadPilot   18: 2097152 op, 6881400.00 ns, 3.2813 ns/op
WorkloadPilot   19: 4194304 op, 13835000.00 ns, 3.2985 ns/op
WorkloadPilot   20: 8388608 op, 16740900.00 ns, 1.9957 ns/op
WorkloadPilot   21: 16777216 op, 33533400.00 ns, 1.9987 ns/op
WorkloadPilot   22: 33554432 op, 74785900.00 ns, 2.2288 ns/op
WorkloadPilot   23: 67108864 op, 79635000.00 ns, 1.1867 ns/op
WorkloadPilot   24: 134217728 op, 158866600.00 ns, 1.1836 ns/op
WorkloadPilot   25: 268435456 op, 215051500.00 ns, 0.8011 ns/op
WorkloadPilot   26: 536870912 op, 429706700.00 ns, 0.8004 ns/op
WorkloadPilot   27: 1073741824 op, 859621000.00 ns, 0.8006 ns/op

OverheadWarmup   1: 1073741824 op, 1048243800.00 ns, 0.9763 ns/op
OverheadWarmup   2: 1073741824 op, 1001566800.00 ns, 0.9328 ns/op
OverheadWarmup   3: 1073741824 op, 865210700.00 ns, 0.8058 ns/op
OverheadWarmup   4: 1073741824 op, 863098800.00 ns, 0.8038 ns/op
OverheadWarmup   5: 1073741824 op, 859553000.00 ns, 0.8005 ns/op
OverheadWarmup   6: 1073741824 op, 1149304400.00 ns, 1.0704 ns/op
OverheadWarmup   7: 1073741824 op, 860240600.00 ns, 0.8012 ns/op
OverheadWarmup   8: 1073741824 op, 859670400.00 ns, 0.8006 ns/op
OverheadWarmup   9: 1073741824 op, 1137676000.00 ns, 1.0595 ns/op
OverheadWarmup  10: 1073741824 op, 858900000.00 ns, 0.7999 ns/op

OverheadActual   1: 1073741824 op, 866495500.00 ns, 0.8070 ns/op
OverheadActual   2: 1073741824 op, 1175537500.00 ns, 1.0948 ns/op
OverheadActual   3: 1073741824 op, 859300500.00 ns, 0.8003 ns/op
OverheadActual   4: 1073741824 op, 861608800.00 ns, 0.8024 ns/op
OverheadActual   5: 1073741824 op, 974465400.00 ns, 0.9075 ns/op
OverheadActual   6: 1073741824 op, 859604300.00 ns, 0.8006 ns/op
OverheadActual   7: 1073741824 op, 1001048900.00 ns, 0.9323 ns/op
OverheadActual   8: 1073741824 op, 859421800.00 ns, 0.8004 ns/op
OverheadActual   9: 1073741824 op, 859966400.00 ns, 0.8009 ns/op
OverheadActual  10: 1073741824 op, 860881500.00 ns, 0.8018 ns/op
OverheadActual  11: 1073741824 op, 1079198800.00 ns, 1.0051 ns/op
OverheadActual  12: 1073741824 op, 863322300.00 ns, 0.8040 ns/op
OverheadActual  13: 1073741824 op, 862607100.00 ns, 0.8034 ns/op
OverheadActual  14: 1073741824 op, 907964900.00 ns, 0.8456 ns/op
OverheadActual  15: 1073741824 op, 940607000.00 ns, 0.8760 ns/op
OverheadActual  16: 1073741824 op, 963356300.00 ns, 0.8972 ns/op
OverheadActual  17: 1073741824 op, 859341600.00 ns, 0.8003 ns/op
OverheadActual  18: 1073741824 op, 922602000.00 ns, 0.8592 ns/op
OverheadActual  19: 1073741824 op, 859349100.00 ns, 0.8003 ns/op
OverheadActual  20: 1073741824 op, 859665500.00 ns, 0.8006 ns/op

WorkloadWarmup   1: 1073741824 op, 859583900.00 ns, 0.8005 ns/op
WorkloadWarmup   2: 1073741824 op, 859240100.00 ns, 0.8002 ns/op

// BeforeActualRun
WorkloadActual   1: 1073741824 op, 1230375000.00 ns, 1.1459 ns/op
WorkloadActual   2: 1073741824 op, 859418600.00 ns, 0.8004 ns/op
WorkloadActual   3: 1073741824 op, 859458400.00 ns, 0.8004 ns/op
WorkloadActual   4: 1073741824 op, 858920600.00 ns, 0.7999 ns/op
WorkloadActual   5: 1073741824 op, 886468500.00 ns, 0.8256 ns/op

// AfterActualRun
WorkloadResult   1: 1073741824 op, 0.00 ns, 0.0000 ns/op
WorkloadResult   2: 1073741824 op, 0.00 ns, 0.0000 ns/op
WorkloadResult   3: 1073741824 op, 0.00 ns, 0.0000 ns/op
WorkloadResult   4: 1073741824 op, 23503800.00 ns, 0.0219 ns/op
// GC:  0 0 0 400 1073741824
// Threading:  0 0 1073741824

// AfterAll
// Benchmark Process 73400 has exited with code 0.

Mean = 0.005 ns, StdErr = 0.005 ns (100.00%), N = 4, StdDev = 0.011 ns
Min = 0.000 ns, Q1 = 0.000 ns, Median = 0.000 ns, Q3 = 0.005 ns, Max = 0.022 ns
IQR = 0.005 ns, LowerFence = -0.008 ns, UpperFence = 0.014 ns
ConfidenceInterval = [-0.065 ns; 0.076 ns] (CI 99.9%), Margin = 0.071 ns (1292.40% of Mean)
Skewness = 0.75, Kurtosis = 1.31, MValue = 2

// ** Remained 8 (38.1%) benchmark(s) to run. Estimated finish 2026-05-19 11:01 (0h 2m from now) **
Successfully reverted power plan (GUID: 381b4222-f694-41f0-9685-ff5bb260df2e FriendlyName: Balanced)
// ***** BenchmarkRunner: Finish  *****

// * Export *
  BenchmarkDotNet.Artifacts\results\Chopsticks.Benchmarks.HandlingResultBenchmarks-report.csv
  BenchmarkDotNet.Artifacts\results\Chopsticks.Benchmarks.HandlingResultBenchmarks-report-github.md
  BenchmarkDotNet.Artifacts\results\Chopsticks.Benchmarks.HandlingResultBenchmarks-report.html

// * Detailed results *
HandlingResultBenchmarks.Static_Success_Access: Job-HQBIJM(IterationCount=5, WarmupCount=2)
Runtime = .NET 9.0.16 (9.0.1626.22923), X64 RyuJIT AVX2; GC = Concurrent Workstation
Mean = 1.587 ns, StdErr = 0.032 ns (1.99%), N = 5, StdDev = 0.071 ns
Min = 1.469 ns, Q1 = 1.587 ns, Median = 1.602 ns, Q3 = 1.620 ns, Max = 1.656 ns
IQR = 0.033 ns, LowerFence = 1.538 ns, UpperFence = 1.668 ns
ConfidenceInterval = [1.315 ns; 1.859 ns] (CI 99.9%), Margin = 0.272 ns (17.16% of Mean)
Skewness = -0.71, Kurtosis = 1.73, MValue = 2
-------------------- Histogram --------------------
[1.415 ns ; 1.523 ns) | @
[1.523 ns ; 1.567 ns) | 
[1.567 ns ; 1.676 ns) | @@@@
---------------------------------------------------

HandlingResultBenchmarks.Static_NoHandlers_Access: Job-HQBIJM(IterationCount=5, WarmupCount=2)
Runtime = .NET 9.0.16 (9.0.1626.22923), X64 RyuJIT AVX2; GC = Concurrent Workstation
Mean = 1.405 ns, StdErr = 0.056 ns (4.02%), N = 5, StdDev = 0.126 ns
Min = 1.294 ns, Q1 = 1.297 ns, Median = 1.392 ns, Q3 = 1.442 ns, Max = 1.601 ns
IQR = 0.145 ns, LowerFence = 1.079 ns, UpperFence = 1.660 ns
ConfidenceInterval = [0.919 ns; 1.891 ns] (CI 99.9%), Margin = 0.486 ns (34.60% of Mean)
Skewness = 0.48, Kurtosis = 1.38, MValue = 2
-------------------- Histogram --------------------
[1.271 ns ; 1.465 ns) | @@@@
[1.465 ns ; 1.698 ns) | @
---------------------------------------------------

HandlingResultBenchmarks.Static_Cancelled_Access: Job-HQBIJM(IterationCount=5, WarmupCount=2)
Runtime = .NET 9.0.16 (9.0.1626.22923), X64 RyuJIT AVX2; GC = Concurrent Workstation
Mean = 2.066 ns, StdErr = 0.154 ns (7.48%), N = 5, StdDev = 0.345 ns
Min = 1.657 ns, Q1 = 1.833 ns, Median = 2.004 ns, Q3 = 2.366 ns, Max = 2.468 ns
IQR = 0.533 ns, LowerFence = 1.034 ns, UpperFence = 3.166 ns
ConfidenceInterval = [0.736 ns; 3.395 ns] (CI 99.9%), Margin = 1.330 ns (64.37% of Mean)
Skewness = 0.05, Kurtosis = 0.92, MValue = 2
-------------------- Histogram --------------------
[1.566 ns ; 2.152 ns) | @@@
[2.152 ns ; 2.733 ns) | @@
---------------------------------------------------

HandlingResultBenchmarks.Static_Success_1000x: Job-HQBIJM(IterationCount=5, WarmupCount=2)
Runtime = .NET 9.0.16 (9.0.1626.22923), X64 RyuJIT AVX2; GC = Concurrent Workstation
Mean = 201.732 ns, StdErr = 0.070 ns (0.03%), N = 4, StdDev = 0.139 ns
Min = 201.547 ns, Q1 = 201.675 ns, Median = 201.753 ns, Q3 = 201.811 ns, Max = 201.875 ns
IQR = 0.136 ns, LowerFence = 201.471 ns, UpperFence = 202.015 ns
ConfidenceInterval = [200.832 ns; 202.632 ns] (CI 99.9%), Margin = 0.900 ns (0.45% of Mean)
Skewness = -0.3, Kurtosis = 1.07, MValue = 2
-------------------- Histogram --------------------
[201.432 ns ; 201.990 ns) | @@@@
---------------------------------------------------

HandlingResultBenchmarks.Exceptions_SingleException: Job-HQBIJM(IterationCount=5, WarmupCount=2)
Runtime = .NET 9.0.16 (9.0.1626.22923), X64 RyuJIT AVX2; GC = Concurrent Workstation
Mean = 13.774 ns, StdErr = 0.794 ns (5.76%), N = 5, StdDev = 1.774 ns
Min = 11.276 ns, Q1 = 12.585 ns, Median = 14.562 ns, Q3 = 14.986 ns, Max = 15.461 ns
IQR = 2.401 ns, LowerFence = 8.982 ns, UpperFence = 18.588 ns
ConfidenceInterval = [6.941 ns; 20.606 ns] (CI 99.9%), Margin = 6.832 ns (49.60% of Mean)
Skewness = -0.37, Kurtosis = 1.04, MValue = 2
-------------------- Histogram --------------------
[10.568 ns ; 13.650 ns) | @@
[13.650 ns ; 16.823 ns) | @@@
---------------------------------------------------

HandlingResultBenchmarks.Exceptions_MultipleExceptions: Job-HQBIJM(IterationCount=5, WarmupCount=2)
Runtime = .NET 9.0.16 (9.0.1626.22923), X64 RyuJIT AVX2; GC = Concurrent Workstation
Mean = 16.907 ns, StdErr = 0.606 ns (3.58%), N = 4, StdDev = 1.211 ns
Min = 15.858 ns, Q1 = 15.894 ns, Median = 16.763 ns, Q3 = 17.776 ns, Max = 18.246 ns
IQR = 1.882 ns, LowerFence = 13.072 ns, UpperFence = 20.598 ns
ConfidenceInterval = [9.079 ns; 24.735 ns] (CI 99.9%), Margin = 7.828 ns (46.30% of Mean)
Skewness = 0.08, Kurtosis = 0.66, MValue = 2
-------------------- Histogram --------------------
[15.737 ns ; 17.740 ns) | @@@
[17.740 ns ; 19.248 ns) | @
---------------------------------------------------

HandlingResultBenchmarks.Promise_Static_Success: Job-HQBIJM(IterationCount=5, WarmupCount=2)
Runtime = .NET 9.0.16 (9.0.1626.22923), X64 RyuJIT AVX2; GC = Concurrent Workstation
Mean = 0.127 ns, StdErr = 0.053 ns (41.99%), N = 5, StdDev = 0.120 ns
Min = 0.013 ns, Q1 = 0.020 ns, Median = 0.117 ns, Q3 = 0.191 ns, Max = 0.296 ns
IQR = 0.171 ns, LowerFence = -0.237 ns, UpperFence = 0.448 ns
ConfidenceInterval = [-0.333 ns; 0.588 ns] (CI 99.9%), Margin = 0.460 ns (361.51% of Mean)
Skewness = 0.27, Kurtosis = 1.1, MValue = 2
-------------------- Histogram --------------------
[0.010 ns ; 0.194 ns) | @@@@
[0.194 ns ; 0.387 ns) | @
---------------------------------------------------

HandlingResultBenchmarks.Promise_Static_NoHandlers: Job-HQBIJM(IterationCount=5, WarmupCount=2)
Runtime = .NET 9.0.16 (9.0.1626.22923), X64 RyuJIT AVX2; GC = Concurrent Workstation
Mean = 0.038 ns, StdErr = 0.024 ns (61.68%), N = 5, StdDev = 0.053 ns
Min = 0.000 ns, Q1 = 0.000 ns, Median = 0.000 ns, Q3 = 0.087 ns, Max = 0.104 ns
IQR = 0.087 ns, LowerFence = -0.130 ns, UpperFence = 0.217 ns
ConfidenceInterval = [-0.165 ns; 0.241 ns] (CI 99.9%), Margin = 0.203 ns (531.11% of Mean)
Skewness = 0.32, Kurtosis = 0.81, MValue = 2
-------------------- Histogram --------------------
[-0.041 ns ; 0.055 ns) | @@@
[ 0.055 ns ; 0.145 ns) | @@
---------------------------------------------------

HandlingResultBenchmarks.Struct_CopyAndAccess: Job-HQBIJM(IterationCount=5, WarmupCount=2)
Runtime = .NET 9.0.16 (9.0.1626.22923), X64 RyuJIT AVX2; GC = Concurrent Workstation
Mean = 0.005 ns, StdErr = 0.005 ns (100.00%), N = 4, StdDev = 0.011 ns
Min = 0.000 ns, Q1 = 0.000 ns, Median = 0.000 ns, Q3 = 0.005 ns, Max = 0.022 ns
IQR = 0.005 ns, LowerFence = -0.008 ns, UpperFence = 0.014 ns
ConfidenceInterval = [-0.065 ns; 0.076 ns] (CI 99.9%), Margin = 0.071 ns (1292.40% of Mean)
Skewness = 0.75, Kurtosis = 1.31, MValue = 2
-------------------- Histogram --------------------
[-0.009 ns ; 0.013 ns) | @@@
[ 0.013 ns ; 0.031 ns) | @
---------------------------------------------------

// * Summary *

BenchmarkDotNet v0.14.0, Windows 11 (10.0.26200.8457)
Unknown processor
.NET SDK 9.0.314
  [Host]     : .NET 9.0.16 (9.0.1626.22923), X64 RyuJIT AVX2
  Job-HQBIJM : .NET 9.0.16 (9.0.1626.22923), X64 RyuJIT AVX2

IterationCount=5  WarmupCount=2  

| Method                        | Mean        | Error     | StdDev    | Median      | Gen0   | Allocated |
|------------------------------ |------------:|----------:|----------:|------------:|-------:|----------:|
| Static_Success_Access         |   1.5869 ns | 0.2723 ns | 0.0707 ns |   1.6025 ns |      - |         - |
| Static_NoHandlers_Access      |   1.4053 ns | 0.4862 ns | 0.1263 ns |   1.3920 ns |      - |         - |
| Static_Cancelled_Access       |   2.0657 ns | 1.3297 ns | 0.3453 ns |   2.0043 ns |      - |         - |
| Static_Success_1000x          | 201.7323 ns | 0.9002 ns | 0.1393 ns | 201.7534 ns |      - |         - |
| Exceptions_SingleException    |  13.7739 ns | 6.8324 ns | 1.7743 ns |  14.5623 ns | 0.0042 |      80 B |
| Exceptions_MultipleExceptions |  16.9073 ns | 7.8278 ns | 1.2114 ns |  16.7626 ns | 0.0042 |      80 B |
| Promise_Static_Success        |   0.1273 ns | 0.4602 ns | 0.1195 ns |   0.1173 ns |      - |         - |
| Promise_Static_NoHandlers     |   0.0382 ns | 0.2030 ns | 0.0527 ns |   0.0000 ns |      - |         - |
| Struct_CopyAndAccess          |   0.0055 ns | 0.0707 ns | 0.0109 ns |   0.0000 ns |      - |         - |

// * Warnings *
ZeroMeasurement
  HandlingResultBenchmarks.Promise_Static_Success: IterationCount=5, WarmupCount=2    -> The method duration is indistinguishable from the empty method duration
  HandlingResultBenchmarks.Promise_Static_NoHandlers: IterationCount=5, WarmupCount=2 -> The method duration is indistinguishable from the empty method duration
  HandlingResultBenchmarks.Struct_CopyAndAccess: IterationCount=5, WarmupCount=2      -> The method duration is indistinguishable from the empty method duration

// * Hints *
Outliers
  HandlingResultBenchmarks.Static_Success_Access: IterationCount=5, WarmupCount=2         -> 1 outlier  was  detected (2.50 ns)
  HandlingResultBenchmarks.Static_Success_1000x: IterationCount=5, WarmupCount=2          -> 1 outlier  was  removed (220.00 ns)
  HandlingResultBenchmarks.Exceptions_MultipleExceptions: IterationCount=5, WarmupCount=2 -> 1 outlier  was  removed (26.61 ns)
  HandlingResultBenchmarks.Struct_CopyAndAccess: IterationCount=5, WarmupCount=2          -> 1 outlier  was  removed (1.15 ns)

// * Legends *
  Mean      : Arithmetic mean of all measurements
  Error     : Half of 99.9% confidence interval
  StdDev    : Standard deviation of all measurements
  Median    : Value separating the higher half of all measurements (50th percentile)
  Gen0      : GC Generation 0 collects per 1000 operations
  Allocated : Allocated memory per single operation (managed only, inclusive, 1KB = 1024B)
  1 ns      : 1 Nanosecond (0.000000001 sec)

// * Diagnostic Output - MemoryDiagnoser *


// ***** BenchmarkRunner: End *****
Run time: 00:02:54 (174.99 sec), executed benchmarks: 9

// Found 3 benchmarks:
//   MessageDispatchBenchmarks.Dispatch_1Handler_Sync: Job-HQBIJM(IterationCount=5, WarmupCount=2)
//   MessageDispatchBenchmarks.Dispatch_5Handlers_Sync: Job-HQBIJM(IterationCount=5, WarmupCount=2)
//   MessageDispatchBenchmarks.Dispatch_1000x_Throughput: Job-HQBIJM(IterationCount=5, WarmupCount=2)

Setup power plan (GUID: 8c5e7fda-e8bf-4a96-9a85-a6e23a8c635c FriendlyName: High performance)
// **************************
// Benchmark: MessageDispatchBenchmarks.Dispatch_1Handler_Sync: Job-HQBIJM(IterationCount=5, WarmupCount=2)
// *** Execute ***
// Launch: 1 / 1
// Execute: dotnet 7972561f-5e42-44d4-8156-f3fce95150ba.dll --anonymousPipes 1268 1460 --benchmarkName Chopsticks.Benchmarks.MessageDispatchBenchmarks.Dispatch_SingleHandler --job "IterationCount=5, WarmupCount=2" --benchmarkId 13 in A:\g\Chopsticks2\Native\Benchmarks\bin\Release\net9.0\7972561f-5e42-44d4-8156-f3fce95150ba\bin\Release\net9.0
// BeforeAnythingElse

// Benchmark Process Environment Information:
// BenchmarkDotNet v0.14.0
// Runtime=.NET 9.0.16 (9.0.1626.22923), X64 RyuJIT AVX2
// GC=Concurrent Workstation
// HardwareIntrinsics=AVX2,AES,BMI1,BMI2,FMA,LZCNT,PCLMUL,POPCNT,AvxVnni,SERIALIZE VectorSize=256
// Job: Job-XUQJTT(IterationCount=5, WarmupCount=2)

OverheadJitting  1: 1 op, 151200.00 ns, 151.2000 us/op
WorkloadJitting  1: 1 op, 2124100.00 ns, 2.1241 ms/op

OverheadJitting  2: 16 op, 151600.00 ns, 9.4750 us/op
WorkloadJitting  2: 16 op, 185600.00 ns, 11.6000 us/op

WorkloadPilot    1: 16 op, 3600.00 ns, 225.0000 ns/op
WorkloadPilot    2: 32 op, 8800.00 ns, 275.0000 ns/op
WorkloadPilot    3: 64 op, 16600.00 ns, 259.3750 ns/op
WorkloadPilot    4: 128 op, 31200.00 ns, 243.7500 ns/op
WorkloadPilot    5: 256 op, 66400.00 ns, 259.3750 ns/op
WorkloadPilot    6: 512 op, 96800.00 ns, 189.0625 ns/op
WorkloadPilot    7: 1024 op, 198900.00 ns, 194.2383 ns/op
WorkloadPilot    8: 2048 op, 320200.00 ns, 156.3477 ns/op
WorkloadPilot    9: 4096 op, 663300.00 ns, 161.9385 ns/op
WorkloadPilot   10: 8192 op, 1286000.00 ns, 156.9824 ns/op
WorkloadPilot   11: 16384 op, 2799500.00 ns, 170.8679 ns/op
WorkloadPilot   12: 32768 op, 5676400.00 ns, 173.2300 ns/op
WorkloadPilot   13: 65536 op, 10509500.00 ns, 160.3622 ns/op
WorkloadPilot   14: 131072 op, 13224000.00 ns, 100.8911 ns/op
WorkloadPilot   15: 262144 op, 26005700.00 ns, 99.2039 ns/op
WorkloadPilot   16: 524288 op, 53175900.00 ns, 101.4250 ns/op
WorkloadPilot   17: 1048576 op, 65785300.00 ns, 62.7378 ns/op
WorkloadPilot   18: 2097152 op, 118475700.00 ns, 56.4936 ns/op
WorkloadPilot   19: 4194304 op, 199454700.00 ns, 47.5537 ns/op
WorkloadPilot   20: 8388608 op, 400022200.00 ns, 47.6864 ns/op
WorkloadPilot   21: 16777216 op, 800004100.00 ns, 47.6840 ns/op

OverheadWarmup   1: 16777216 op, 22768800.00 ns, 1.3571 ns/op
OverheadWarmup   2: 16777216 op, 22938100.00 ns, 1.3672 ns/op
OverheadWarmup   3: 16777216 op, 22752600.00 ns, 1.3562 ns/op
OverheadWarmup   4: 16777216 op, 22902800.00 ns, 1.3651 ns/op
OverheadWarmup   5: 16777216 op, 22842900.00 ns, 1.3615 ns/op

OverheadActual   1: 16777216 op, 23053900.00 ns, 1.3741 ns/op
OverheadActual   2: 16777216 op, 23112400.00 ns, 1.3776 ns/op
OverheadActual   3: 16777216 op, 35917500.00 ns, 2.1408 ns/op
OverheadActual   4: 16777216 op, 34689800.00 ns, 2.0677 ns/op
OverheadActual   5: 16777216 op, 32150500.00 ns, 1.9163 ns/op
OverheadActual   6: 16777216 op, 34352100.00 ns, 2.0475 ns/op
OverheadActual   7: 16777216 op, 23060700.00 ns, 1.3745 ns/op
OverheadActual   8: 16777216 op, 22770000.00 ns, 1.3572 ns/op
OverheadActual   9: 16777216 op, 22914900.00 ns, 1.3658 ns/op
OverheadActual  10: 16777216 op, 31984700.00 ns, 1.9064 ns/op
OverheadActual  11: 16777216 op, 29692400.00 ns, 1.7698 ns/op
OverheadActual  12: 16777216 op, 22259400.00 ns, 1.3268 ns/op
OverheadActual  13: 16777216 op, 19578700.00 ns, 1.1670 ns/op
OverheadActual  14: 16777216 op, 13607200.00 ns, 0.8111 ns/op
OverheadActual  15: 16777216 op, 13657800.00 ns, 0.8141 ns/op
OverheadActual  16: 16777216 op, 13701100.00 ns, 0.8166 ns/op
OverheadActual  17: 16777216 op, 17383000.00 ns, 1.0361 ns/op
OverheadActual  18: 16777216 op, 13766100.00 ns, 0.8205 ns/op
OverheadActual  19: 16777216 op, 13624500.00 ns, 0.8121 ns/op
OverheadActual  20: 16777216 op, 13692700.00 ns, 0.8161 ns/op

WorkloadWarmup   1: 16777216 op, 799859200.00 ns, 47.6753 ns/op
WorkloadWarmup   2: 16777216 op, 865226400.00 ns, 51.5715 ns/op

// BeforeActualRun
WorkloadActual   1: 16777216 op, 866549200.00 ns, 51.6504 ns/op
WorkloadActual   2: 16777216 op, 970299600.00 ns, 57.8344 ns/op
WorkloadActual   3: 16777216 op, 977326500.00 ns, 58.2532 ns/op
WorkloadActual   4: 16777216 op, 799756900.00 ns, 47.6692 ns/op
WorkloadActual   5: 16777216 op, 799445300.00 ns, 47.6507 ns/op

// AfterActualRun
WorkloadResult   1: 16777216 op, 843706750.00 ns, 50.2888 ns/op
WorkloadResult   2: 16777216 op, 947457150.00 ns, 56.4728 ns/op
WorkloadResult   3: 16777216 op, 954484050.00 ns, 56.8917 ns/op
WorkloadResult   4: 16777216 op, 776914450.00 ns, 46.3077 ns/op
WorkloadResult   5: 16777216 op, 776602850.00 ns, 46.2891 ns/op
// GC:  249 0 0 4697620880 16777216
// Threading:  0 0 16777216

// AfterAll
// Benchmark Process 74700 has exited with code 0.

Mean = 51.250 ns, StdErr = 2.335 ns (4.56%), N = 5, StdDev = 5.222 ns
Min = 46.289 ns, Q1 = 46.308 ns, Median = 50.289 ns, Q3 = 56.473 ns, Max = 56.892 ns
IQR = 10.165 ns, LowerFence = 31.060 ns, UpperFence = 71.721 ns
ConfidenceInterval = [31.143 ns; 71.357 ns] (CI 99.9%), Margin = 20.107 ns (39.23% of Mean)
Skewness = 0.11, Kurtosis = 0.8, MValue = 2

// ** Remained 7 (33.3%) benchmark(s) to run. Estimated finish 2026-05-19 11:01 (0h 1m from now) **
Setup power plan (GUID: 8c5e7fda-e8bf-4a96-9a85-a6e23a8c635c FriendlyName: High performance)
// **************************
// Benchmark: MessageDispatchBenchmarks.Dispatch_5Handlers_Sync: Job-HQBIJM(IterationCount=5, WarmupCount=2)
// *** Execute ***
// Launch: 1 / 1
// Execute: dotnet 7972561f-5e42-44d4-8156-f3fce95150ba.dll --anonymousPipes 1436 1568 --benchmarkName Chopsticks.Benchmarks.MessageDispatchBenchmarks.Dispatch_FiveHandlers --job "IterationCount=5, WarmupCount=2" --benchmarkId 14 in A:\g\Chopsticks2\Native\Benchmarks\bin\Release\net9.0\7972561f-5e42-44d4-8156-f3fce95150ba\bin\Release\net9.0
// BeforeAnythingElse

// Benchmark Process Environment Information:
// BenchmarkDotNet v0.14.0
// Runtime=.NET 9.0.16 (9.0.1626.22923), X64 RyuJIT AVX2
// GC=Concurrent Workstation
// HardwareIntrinsics=AVX2,AES,BMI1,BMI2,FMA,LZCNT,PCLMUL,POPCNT,AvxVnni,SERIALIZE VectorSize=256
// Job: Job-ITZCQN(IterationCount=5, WarmupCount=2)

OverheadJitting  1: 1 op, 213900.00 ns, 213.9000 us/op
WorkloadJitting  1: 1 op, 3140300.00 ns, 3.1403 ms/op

OverheadJitting  2: 16 op, 167100.00 ns, 10.4438 us/op
WorkloadJitting  2: 16 op, 268600.00 ns, 16.7875 us/op

WorkloadPilot    1: 16 op, 8800.00 ns, 550.0000 ns/op
WorkloadPilot    2: 32 op, 31100.00 ns, 971.8750 ns/op
WorkloadPilot    3: 64 op, 28300.00 ns, 442.1875 ns/op
WorkloadPilot    4: 128 op, 57800.00 ns, 451.5625 ns/op
WorkloadPilot    5: 256 op, 83900.00 ns, 327.7344 ns/op
WorkloadPilot    6: 512 op, 165800.00 ns, 323.8281 ns/op
WorkloadPilot    7: 1024 op, 355700.00 ns, 347.3633 ns/op
WorkloadPilot    8: 2048 op, 575100.00 ns, 280.8105 ns/op
WorkloadPilot    9: 4096 op, 1182000.00 ns, 288.5742 ns/op
WorkloadPilot   10: 8192 op, 3274400.00 ns, 399.7070 ns/op
WorkloadPilot   11: 16384 op, 4558300.00 ns, 278.2166 ns/op
WorkloadPilot   12: 32768 op, 8896300.00 ns, 271.4935 ns/op
WorkloadPilot   13: 65536 op, 18092200.00 ns, 276.0651 ns/op
WorkloadPilot   14: 131072 op, 27702100.00 ns, 211.3503 ns/op
WorkloadPilot   15: 262144 op, 56397900.00 ns, 215.1409 ns/op
WorkloadPilot   16: 524288 op, 76877800.00 ns, 146.6328 ns/op
WorkloadPilot   17: 1048576 op, 139811400.00 ns, 133.3345 ns/op
WorkloadPilot   18: 2097152 op, 276115300.00 ns, 131.6620 ns/op
WorkloadPilot   19: 4194304 op, 458052200.00 ns, 109.2082 ns/op
WorkloadPilot   20: 8388608 op, 682420400.00 ns, 81.3509 ns/op

OverheadWarmup   1: 8388608 op, 15713200.00 ns, 1.8732 ns/op
OverheadWarmup   2: 8388608 op, 11393200.00 ns, 1.3582 ns/op
OverheadWarmup   3: 8388608 op, 16933400.00 ns, 2.0186 ns/op
OverheadWarmup   4: 8388608 op, 17568400.00 ns, 2.0943 ns/op
OverheadWarmup   5: 8388608 op, 11575500.00 ns, 1.3799 ns/op
OverheadWarmup   6: 8388608 op, 16834500.00 ns, 2.0068 ns/op
OverheadWarmup   7: 8388608 op, 17669300.00 ns, 2.1063 ns/op
OverheadWarmup   8: 8388608 op, 11944100.00 ns, 1.4238 ns/op

OverheadActual   1: 8388608 op, 16856000.00 ns, 2.0094 ns/op
OverheadActual   2: 8388608 op, 11498500.00 ns, 1.3707 ns/op
OverheadActual   3: 8388608 op, 11555000.00 ns, 1.3775 ns/op
OverheadActual   4: 8388608 op, 13633200.00 ns, 1.6252 ns/op
OverheadActual   5: 8388608 op, 17710100.00 ns, 2.1112 ns/op
OverheadActual   6: 8388608 op, 11418000.00 ns, 1.3611 ns/op
OverheadActual   7: 8388608 op, 11210400.00 ns, 1.3364 ns/op
OverheadActual   8: 8388608 op, 11493000.00 ns, 1.3701 ns/op
OverheadActual   9: 8388608 op, 11282600.00 ns, 1.3450 ns/op
OverheadActual  10: 8388608 op, 11647800.00 ns, 1.3885 ns/op
OverheadActual  11: 8388608 op, 11260500.00 ns, 1.3424 ns/op
OverheadActual  12: 8388608 op, 11453000.00 ns, 1.3653 ns/op
OverheadActual  13: 8388608 op, 11563700.00 ns, 1.3785 ns/op
OverheadActual  14: 8388608 op, 11509800.00 ns, 1.3721 ns/op
OverheadActual  15: 8388608 op, 16125800.00 ns, 1.9223 ns/op
OverheadActual  16: 8388608 op, 11723700.00 ns, 1.3976 ns/op
OverheadActual  17: 8388608 op, 7547200.00 ns, 0.8997 ns/op
OverheadActual  18: 8388608 op, 7330600.00 ns, 0.8739 ns/op
OverheadActual  19: 8388608 op, 7631400.00 ns, 0.9097 ns/op
OverheadActual  20: 8388608 op, 7440200.00 ns, 0.8869 ns/op

WorkloadWarmup   1: 8388608 op, 683204800.00 ns, 81.4444 ns/op
WorkloadWarmup   2: 8388608 op, 679590100.00 ns, 81.0135 ns/op

// BeforeActualRun
WorkloadActual   1: 8388608 op, 679985300.00 ns, 81.0606 ns/op
WorkloadActual   2: 8388608 op, 977752700.00 ns, 116.5572 ns/op
WorkloadActual   3: 8388608 op, 676450600.00 ns, 80.6392 ns/op
WorkloadActual   4: 8388608 op, 678060300.00 ns, 80.8311 ns/op
WorkloadActual   5: 8388608 op, 675172400.00 ns, 80.4868 ns/op

// AfterActualRun
WorkloadResult   1: 8388608 op, 668489550.00 ns, 79.6902 ns/op
WorkloadResult   2: 8388608 op, 664954850.00 ns, 79.2688 ns/op
WorkloadResult   3: 8388608 op, 666564550.00 ns, 79.4607 ns/op
WorkloadResult   4: 8388608 op, 663676650.00 ns, 79.1164 ns/op
// GC:  124 0 0 2348810640 8388608
// Threading:  0 0 8388608

// AfterAll
// Benchmark Process 69736 has exited with code 0.

Mean = 79.384 ns, StdErr = 0.124 ns (0.16%), N = 4, StdDev = 0.248 ns
Min = 79.116 ns, Q1 = 79.231 ns, Median = 79.365 ns, Q3 = 79.518 ns, Max = 79.690 ns
IQR = 0.287 ns, LowerFence = 78.800 ns, UpperFence = 79.949 ns
ConfidenceInterval = [77.782 ns; 80.986 ns] (CI 99.9%), Margin = 1.602 ns (2.02% of Mean)
Skewness = 0.14, Kurtosis = 0.93, MValue = 2

// ** Remained 6 (28.6%) benchmark(s) to run. Estimated finish 2026-05-19 11:00 (0h 1m from now) **
Setup power plan (GUID: 8c5e7fda-e8bf-4a96-9a85-a6e23a8c635c FriendlyName: High performance)
// **************************
// Benchmark: MessageDispatchBenchmarks.Dispatch_1000x_Throughput: Job-HQBIJM(IterationCount=5, WarmupCount=2)
// *** Execute ***
// Launch: 1 / 1
// Execute: dotnet 7972561f-5e42-44d4-8156-f3fce95150ba.dll --anonymousPipes 1336 1484 --benchmarkName Chopsticks.Benchmarks.MessageDispatchBenchmarks.Dispatch_Throughput --job "IterationCount=5, WarmupCount=2" --benchmarkId 15 in A:\g\Chopsticks2\Native\Benchmarks\bin\Release\net9.0\7972561f-5e42-44d4-8156-f3fce95150ba\bin\Release\net9.0
// BeforeAnythingElse

// Benchmark Process Environment Information:
// BenchmarkDotNet v0.14.0
// Runtime=.NET 9.0.16 (9.0.1626.22923), X64 RyuJIT AVX2
// GC=Concurrent Workstation
// HardwareIntrinsics=AVX2,AES,BMI1,BMI2,FMA,LZCNT,PCLMUL,POPCNT,AvxVnni,SERIALIZE VectorSize=256
// Job: Job-VAXSAH(IterationCount=5, WarmupCount=2)

OverheadJitting  1: 1 op, 152100.00 ns, 152.1000 us/op
WorkloadJitting  1: 1 op, 2335000.00 ns, 2.3350 ms/op

OverheadJitting  2: 16 op, 198200.00 ns, 12.3875 us/op
WorkloadJitting  2: 16 op, 3984100.00 ns, 249.0063 us/op

WorkloadPilot    1: 16 op, 3307900.00 ns, 206.7438 us/op
WorkloadPilot    2: 32 op, 4748100.00 ns, 148.3781 us/op
WorkloadPilot    3: 64 op, 11135300.00 ns, 173.9891 us/op
WorkloadPilot    4: 128 op, 19682900.00 ns, 153.7727 us/op
WorkloadPilot    5: 256 op, 42211600.00 ns, 164.8891 us/op
WorkloadPilot    6: 512 op, 74498800.00 ns, 145.5055 us/op
WorkloadPilot    7: 1024 op, 47347300.00 ns, 46.2376 us/op
WorkloadPilot    8: 2048 op, 91876400.00 ns, 44.8615 us/op
WorkloadPilot    9: 4096 op, 280243500.00 ns, 68.4188 us/op
WorkloadPilot   10: 8192 op, 366178000.00 ns, 44.6995 us/op
WorkloadPilot   11: 16384 op, 1090734800.00 ns, 66.5732 us/op

OverheadWarmup   1: 16384 op, 23400.00 ns, 1.4282 ns/op
OverheadWarmup   2: 16384 op, 27600.00 ns, 1.6846 ns/op
OverheadWarmup   3: 16384 op, 26500.00 ns, 1.6174 ns/op
OverheadWarmup   4: 16384 op, 24500.00 ns, 1.4954 ns/op
OverheadWarmup   5: 16384 op, 25200.00 ns, 1.5381 ns/op
OverheadWarmup   6: 16384 op, 26000.00 ns, 1.5869 ns/op
OverheadWarmup   7: 16384 op, 25600.00 ns, 1.5625 ns/op

OverheadActual   1: 16384 op, 25000.00 ns, 1.5259 ns/op
OverheadActual   2: 16384 op, 29000.00 ns, 1.7700 ns/op
OverheadActual   3: 16384 op, 27800.00 ns, 1.6968 ns/op
OverheadActual   4: 16384 op, 24100.00 ns, 1.4709 ns/op
OverheadActual   5: 16384 op, 28100.00 ns, 1.7151 ns/op
OverheadActual   6: 16384 op, 26800.00 ns, 1.6357 ns/op
OverheadActual   7: 16384 op, 27300.00 ns, 1.6663 ns/op
OverheadActual   8: 16384 op, 22500.00 ns, 1.3733 ns/op
OverheadActual   9: 16384 op, 22700.00 ns, 1.3855 ns/op
OverheadActual  10: 16384 op, 22700.00 ns, 1.3855 ns/op
OverheadActual  11: 16384 op, 28300.00 ns, 1.7273 ns/op
OverheadActual  12: 16384 op, 22600.00 ns, 1.3794 ns/op
OverheadActual  13: 16384 op, 19600.00 ns, 1.1963 ns/op
OverheadActual  14: 16384 op, 27000.00 ns, 1.6479 ns/op
OverheadActual  15: 16384 op, 23900.00 ns, 1.4587 ns/op
OverheadActual  16: 16384 op, 24100.00 ns, 1.4709 ns/op
OverheadActual  17: 16384 op, 23200.00 ns, 1.4160 ns/op
OverheadActual  18: 16384 op, 30500.00 ns, 1.8616 ns/op
OverheadActual  19: 16384 op, 22600.00 ns, 1.3794 ns/op
OverheadActual  20: 16384 op, 22500.00 ns, 1.3733 ns/op

WorkloadWarmup   1: 16384 op, 737054300.00 ns, 44.9862 us/op
WorkloadWarmup   2: 16384 op, 729411400.00 ns, 44.5197 us/op

// BeforeActualRun
WorkloadActual   1: 16384 op, 727310600.00 ns, 44.3915 us/op
WorkloadActual   2: 16384 op, 728217000.00 ns, 44.4468 us/op
WorkloadActual   3: 16384 op, 1071907800.00 ns, 65.4241 us/op
WorkloadActual   4: 16384 op, 729079600.00 ns, 44.4995 us/op
WorkloadActual   5: 16384 op, 862991500.00 ns, 52.6728 us/op

// AfterActualRun
WorkloadResult   1: 16384 op, 727286500.00 ns, 44.3900 us/op
WorkloadResult   2: 16384 op, 728192900.00 ns, 44.4454 us/op
WorkloadResult   3: 16384 op, 729055500.00 ns, 44.4980 us/op
WorkloadResult   4: 16384 op, 862967400.00 ns, 52.6714 us/op
// GC:  243 0 0 4587520400 16384
// Threading:  0 0 16384

// AfterAll
// Benchmark Process 67068 has exited with code 0.

Mean = 46.501 μs, StdErr = 2.057 μs (4.42%), N = 4, StdDev = 4.114 μs
Min = 44.390 μs, Q1 = 44.432 μs, Median = 44.472 μs, Q3 = 46.541 μs, Max = 52.671 μs
IQR = 2.110 μs, LowerFence = 41.267 μs, UpperFence = 49.706 μs
ConfidenceInterval = [19.919 μs; 73.084 μs] (CI 99.9%), Margin = 26.583 μs (57.17% of Mean)
Skewness = 0.75, Kurtosis = 1.31, MValue = 2

// ** Remained 5 (23.8%) benchmark(s) to run. Estimated finish 2026-05-19 11:00 (0h 1m from now) **
Successfully reverted power plan (GUID: 381b4222-f694-41f0-9685-ff5bb260df2e FriendlyName: Balanced)
// ***** BenchmarkRunner: Finish  *****

// * Export *
  BenchmarkDotNet.Artifacts\results\Chopsticks.Benchmarks.MessageDispatchBenchmarks-report.csv
  BenchmarkDotNet.Artifacts\results\Chopsticks.Benchmarks.MessageDispatchBenchmarks-report-github.md
  BenchmarkDotNet.Artifacts\results\Chopsticks.Benchmarks.MessageDispatchBenchmarks-report.html

// * Detailed results *
MessageDispatchBenchmarks.Dispatch_1Handler_Sync: Job-HQBIJM(IterationCount=5, WarmupCount=2)
Runtime = .NET 9.0.16 (9.0.1626.22923), X64 RyuJIT AVX2; GC = Concurrent Workstation
Mean = 51.250 ns, StdErr = 2.335 ns (4.56%), N = 5, StdDev = 5.222 ns
Min = 46.289 ns, Q1 = 46.308 ns, Median = 50.289 ns, Q3 = 56.473 ns, Max = 56.892 ns
IQR = 10.165 ns, LowerFence = 31.060 ns, UpperFence = 71.721 ns
ConfidenceInterval = [31.143 ns; 71.357 ns] (CI 99.9%), Margin = 20.107 ns (39.23% of Mean)
Skewness = 0.11, Kurtosis = 0.8, MValue = 2
-------------------- Histogram --------------------
[44.281 ns ; 52.297 ns) | @@@
[52.297 ns ; 60.900 ns) | @@
---------------------------------------------------

MessageDispatchBenchmarks.Dispatch_5Handlers_Sync: Job-HQBIJM(IterationCount=5, WarmupCount=2)
Runtime = .NET 9.0.16 (9.0.1626.22923), X64 RyuJIT AVX2; GC = Concurrent Workstation
Mean = 79.384 ns, StdErr = 0.124 ns (0.16%), N = 4, StdDev = 0.248 ns
Min = 79.116 ns, Q1 = 79.231 ns, Median = 79.365 ns, Q3 = 79.518 ns, Max = 79.690 ns
IQR = 0.287 ns, LowerFence = 78.800 ns, UpperFence = 79.949 ns
ConfidenceInterval = [77.782 ns; 80.986 ns] (CI 99.9%), Margin = 1.602 ns (2.02% of Mean)
Skewness = 0.14, Kurtosis = 0.93, MValue = 2
-------------------- Histogram --------------------
[78.911 ns ; 79.895 ns) | @@@@
---------------------------------------------------

MessageDispatchBenchmarks.Dispatch_1000x_Throughput: Job-HQBIJM(IterationCount=5, WarmupCount=2)
Runtime = .NET 9.0.16 (9.0.1626.22923), X64 RyuJIT AVX2; GC = Concurrent Workstation
Mean = 46.501 μs, StdErr = 2.057 μs (4.42%), N = 4, StdDev = 4.114 μs
Min = 44.390 μs, Q1 = 44.432 μs, Median = 44.472 μs, Q3 = 46.541 μs, Max = 52.671 μs
IQR = 2.110 μs, LowerFence = 41.267 μs, UpperFence = 49.706 μs
ConfidenceInterval = [19.919 μs; 73.084 μs] (CI 99.9%), Margin = 26.583 μs (57.17% of Mean)
Skewness = 0.75, Kurtosis = 1.31, MValue = 2
-------------------- Histogram --------------------
[40.989 μs ; 47.845 μs) | @@@
[47.845 μs ; 56.073 μs) | @
---------------------------------------------------

// * Summary *

BenchmarkDotNet v0.14.0, Windows 11 (10.0.26200.8457)
Unknown processor
.NET SDK 9.0.314
  [Host]     : .NET 9.0.16 (9.0.1626.22923), X64 RyuJIT AVX2
  Job-HQBIJM : .NET 9.0.16 (9.0.1626.22923), X64 RyuJIT AVX2

IterationCount=5  WarmupCount=2  

| Method                    | Mean         | Error         | StdDev       | Gen0    | Allocated |
|-------------------------- |-------------:|--------------:|-------------:|--------:|----------:|
| Dispatch_1Handler_Sync    |     51.25 ns |     20.107 ns |     5.222 ns |  0.0148 |     280 B |
| Dispatch_5Handlers_Sync   |     79.38 ns |      1.602 ns |     0.248 ns |  0.0148 |     280 B |
| Dispatch_1000x_Throughput | 46,501.19 ns | 26,582.512 ns | 4,113.673 ns | 14.8315 |  280000 B |

// * Hints *
Outliers
  MessageDispatchBenchmarks.Dispatch_5Handlers_Sync: IterationCount=5, WarmupCount=2   -> 1 outlier  was  removed (116.56 ns)
  MessageDispatchBenchmarks.Dispatch_1000x_Throughput: IterationCount=5, WarmupCount=2 -> 1 outlier  was  removed (65.42 μs)

// * Legends *
  Mean      : Arithmetic mean of all measurements
  Error     : Half of 99.9% confidence interval
  StdDev    : Standard deviation of all measurements
  Gen0      : GC Generation 0 collects per 1000 operations
  Allocated : Allocated memory per single operation (managed only, inclusive, 1KB = 1024B)
  1 ns      : 1 Nanosecond (0.000000001 sec)

// * Diagnostic Output - MemoryDiagnoser *


// ***** BenchmarkRunner: End *****
Run time: 00:00:26 (26.36 sec), executed benchmarks: 3

// Found 5 benchmarks:
//   RegistrationBenchmarks.Register_FirstHandler: Job-HQBIJM(IterationCount=5, WarmupCount=2)
//   RegistrationBenchmarks.Register_5Handlers_Sequential: Job-HQBIJM(IterationCount=5, WarmupCount=2)
//   RegistrationBenchmarks.Register_10Handlers_Sequential: Job-HQBIJM(IterationCount=5, WarmupCount=2)
//   RegistrationBenchmarks.Register_WithVaryingOrder: Job-HQBIJM(IterationCount=5, WarmupCount=2)
//   RegistrationBenchmarks.AccessHandlerArray_1Handler: Job-HQBIJM(IterationCount=5, WarmupCount=2)

Setup power plan (GUID: 8c5e7fda-e8bf-4a96-9a85-a6e23a8c635c FriendlyName: High performance)
// **************************
// Benchmark: RegistrationBenchmarks.Register_FirstHandler: Job-HQBIJM(IterationCount=5, WarmupCount=2)
// *** Execute ***
// Launch: 1 / 1
// Execute: dotnet 7972561f-5e42-44d4-8156-f3fce95150ba.dll --anonymousPipes 1268 1464 --benchmarkName Chopsticks.Benchmarks.RegistrationBenchmarks.Register_FirstHandler --job "IterationCount=5, WarmupCount=2" --benchmarkId 16 in A:\g\Chopsticks2\Native\Benchmarks\bin\Release\net9.0\7972561f-5e42-44d4-8156-f3fce95150ba\bin\Release\net9.0
// BeforeAnythingElse

// Benchmark Process Environment Information:
// BenchmarkDotNet v0.14.0
// Runtime=.NET 9.0.16 (9.0.1626.22923), X64 RyuJIT AVX2
// GC=Concurrent Workstation
// HardwareIntrinsics=AVX2,AES,BMI1,BMI2,FMA,LZCNT,PCLMUL,POPCNT,AvxVnni,SERIALIZE VectorSize=256
// Job: Job-KRJDKA(IterationCount=5, WarmupCount=2)

OverheadJitting  1: 1 op, 169400.00 ns, 169.4000 us/op
WorkloadJitting  1: 1 op, 1870700.00 ns, 1.8707 ms/op

OverheadJitting  2: 16 op, 315100.00 ns, 19.6938 us/op
WorkloadJitting  2: 16 op, 289600.00 ns, 18.1000 us/op

WorkloadPilot    1: 16 op, 6000.00 ns, 375.0000 ns/op
WorkloadPilot    2: 32 op, 10900.00 ns, 340.6250 ns/op
WorkloadPilot    3: 64 op, 17400.00 ns, 271.8750 ns/op
WorkloadPilot    4: 128 op, 44800.00 ns, 350.0000 ns/op
WorkloadPilot    5: 256 op, 73800.00 ns, 288.2813 ns/op
WorkloadPilot    6: 512 op, 140200.00 ns, 273.8281 ns/op
WorkloadPilot    7: 1024 op, 219800.00 ns, 214.6484 ns/op
WorkloadPilot    8: 2048 op, 458200.00 ns, 223.7305 ns/op
WorkloadPilot    9: 4096 op, 901200.00 ns, 220.0195 ns/op
WorkloadPilot   10: 8192 op, 2276100.00 ns, 277.8442 ns/op
WorkloadPilot   11: 16384 op, 4127200.00 ns, 251.9043 ns/op
WorkloadPilot   12: 32768 op, 9103100.00 ns, 277.8046 ns/op
WorkloadPilot   13: 65536 op, 7371100.00 ns, 112.4741 ns/op
WorkloadPilot   14: 131072 op, 14423100.00 ns, 110.0395 ns/op
WorkloadPilot   15: 262144 op, 37035100.00 ns, 141.2777 ns/op
WorkloadPilot   16: 524288 op, 63088700.00 ns, 120.3321 ns/op
WorkloadPilot   17: 1048576 op, 61540400.00 ns, 58.6895 ns/op
WorkloadPilot   18: 2097152 op, 128107800.00 ns, 61.0866 ns/op
WorkloadPilot   19: 4194304 op, 258367200.00 ns, 61.5995 ns/op
WorkloadPilot   20: 8388608 op, 487859300.00 ns, 58.1574 ns/op
WorkloadPilot   21: 16777216 op, 1041049700.00 ns, 62.0514 ns/op

OverheadWarmup   1: 16777216 op, 30519600.00 ns, 1.8191 ns/op
OverheadWarmup   2: 16777216 op, 59962000.00 ns, 3.5740 ns/op
OverheadWarmup   3: 16777216 op, 36690700.00 ns, 2.1869 ns/op
OverheadWarmup   4: 16777216 op, 60391900.00 ns, 3.5996 ns/op
OverheadWarmup   5: 16777216 op, 64721900.00 ns, 3.8577 ns/op
OverheadWarmup   6: 16777216 op, 59779900.00 ns, 3.5632 ns/op

OverheadActual   1: 16777216 op, 45090000.00 ns, 2.6876 ns/op
OverheadActual   2: 16777216 op, 30437000.00 ns, 1.8142 ns/op
OverheadActual   3: 16777216 op, 58320400.00 ns, 3.4762 ns/op
OverheadActual   4: 16777216 op, 53994300.00 ns, 3.2183 ns/op
OverheadActual   5: 16777216 op, 30348700.00 ns, 1.8089 ns/op
OverheadActual   6: 16777216 op, 30430300.00 ns, 1.8138 ns/op
OverheadActual   7: 16777216 op, 31038300.00 ns, 1.8500 ns/op
OverheadActual   8: 16777216 op, 31500700.00 ns, 1.8776 ns/op
OverheadActual   9: 16777216 op, 36049700.00 ns, 2.1487 ns/op
OverheadActual  10: 16777216 op, 28959900.00 ns, 1.7261 ns/op
OverheadActual  11: 16777216 op, 33951100.00 ns, 2.0236 ns/op
OverheadActual  12: 16777216 op, 27267100.00 ns, 1.6252 ns/op
OverheadActual  13: 16777216 op, 27222000.00 ns, 1.6226 ns/op
OverheadActual  14: 16777216 op, 27010000.00 ns, 1.6099 ns/op
OverheadActual  15: 16777216 op, 27096100.00 ns, 1.6151 ns/op
OverheadActual  16: 16777216 op, 27127000.00 ns, 1.6169 ns/op
OverheadActual  17: 16777216 op, 27177400.00 ns, 1.6199 ns/op
OverheadActual  18: 16777216 op, 27225600.00 ns, 1.6228 ns/op
OverheadActual  19: 16777216 op, 26836100.00 ns, 1.5996 ns/op
OverheadActual  20: 16777216 op, 27198200.00 ns, 1.6211 ns/op

WorkloadWarmup   1: 16777216 op, 973143700.00 ns, 58.0039 ns/op
WorkloadWarmup   2: 16777216 op, 1088639200.00 ns, 64.8880 ns/op

// BeforeActualRun
WorkloadActual   1: 16777216 op, 1273912700.00 ns, 75.9311 ns/op
WorkloadActual   2: 16777216 op, 942537300.00 ns, 56.1796 ns/op
WorkloadActual   3: 16777216 op, 1316758800.00 ns, 78.4849 ns/op
WorkloadActual   4: 16777216 op, 950670800.00 ns, 56.6644 ns/op
WorkloadActual   5: 16777216 op, 940407200.00 ns, 56.0526 ns/op

// AfterActualRun
WorkloadResult   1: 16777216 op, 1244258400.00 ns, 74.1636 ns/op
WorkloadResult   2: 16777216 op, 912883000.00 ns, 54.4121 ns/op
WorkloadResult   3: 16777216 op, 1287104500.00 ns, 76.7174 ns/op
WorkloadResult   4: 16777216 op, 921016500.00 ns, 54.8969 ns/op
WorkloadResult   5: 16777216 op, 910752900.00 ns, 54.2851 ns/op
// GC:  463 0 0 8724152720 16777216
// Threading:  0 0 16777216

// AfterAll
// Benchmark Process 68728 has exited with code 0.

Mean = 62.895 ns, StdErr = 5.139 ns (8.17%), N = 5, StdDev = 11.490 ns
Min = 54.285 ns, Q1 = 54.412 ns, Median = 54.897 ns, Q3 = 74.164 ns, Max = 76.717 ns
IQR = 19.752 ns, LowerFence = 24.785 ns, UpperFence = 103.791 ns
ConfidenceInterval = [18.650 ns; 107.140 ns] (CI 99.9%), Margin = 44.245 ns (70.35% of Mean)
Skewness = 0.3, Kurtosis = 0.77, MValue = 2

// ** Remained 4 (19.0%) benchmark(s) to run. Estimated finish 2026-05-19 11:00 (0h 0m from now) **
Setup power plan (GUID: 8c5e7fda-e8bf-4a96-9a85-a6e23a8c635c FriendlyName: High performance)
// **************************
// Benchmark: RegistrationBenchmarks.Register_5Handlers_Sequential: Job-HQBIJM(IterationCount=5, WarmupCount=2)
// *** Execute ***
// Launch: 1 / 1
// Execute: dotnet 7972561f-5e42-44d4-8156-f3fce95150ba.dll --anonymousPipes 1464 1384 --benchmarkName Chopsticks.Benchmarks.RegistrationBenchmarks.Register_5Handlers --job "IterationCount=5, WarmupCount=2" --benchmarkId 17 in A:\g\Chopsticks2\Native\Benchmarks\bin\Release\net9.0\7972561f-5e42-44d4-8156-f3fce95150ba\bin\Release\net9.0
// BeforeAnythingElse

// Benchmark Process Environment Information:
// BenchmarkDotNet v0.14.0
// Runtime=.NET 9.0.16 (9.0.1626.22923), X64 RyuJIT AVX2
// GC=Concurrent Workstation
// HardwareIntrinsics=AVX2,AES,BMI1,BMI2,FMA,LZCNT,PCLMUL,POPCNT,AvxVnni,SERIALIZE VectorSize=256
// Job: Job-AJPJCJ(IterationCount=5, WarmupCount=2)

OverheadJitting  1: 1 op, 147700.00 ns, 147.7000 us/op
WorkloadJitting  1: 1 op, 1947200.00 ns, 1.9472 ms/op

OverheadJitting  2: 16 op, 204000.00 ns, 12.7500 us/op
WorkloadJitting  2: 16 op, 199200.00 ns, 12.4500 us/op

WorkloadPilot    1: 16 op, 20000.00 ns, 1.2500 us/op
WorkloadPilot    2: 32 op, 33400.00 ns, 1.0438 us/op
WorkloadPilot    3: 64 op, 57800.00 ns, 903.1250 ns/op
WorkloadPilot    4: 128 op, 118800.00 ns, 928.1250 ns/op
WorkloadPilot    5: 256 op, 239500.00 ns, 935.5469 ns/op
WorkloadPilot    6: 512 op, 440800.00 ns, 860.9375 ns/op
WorkloadPilot    7: 1024 op, 972000.00 ns, 949.2188 ns/op
WorkloadPilot    8: 2048 op, 1850600.00 ns, 903.6133 ns/op
WorkloadPilot    9: 4096 op, 3256000.00 ns, 794.9219 ns/op
WorkloadPilot   10: 8192 op, 6134300.00 ns, 748.8159 ns/op
WorkloadPilot   11: 16384 op, 11823100.00 ns, 721.6248 ns/op
WorkloadPilot   12: 32768 op, 15353600.00 ns, 468.5547 ns/op
WorkloadPilot   13: 65536 op, 30133000.00 ns, 459.7931 ns/op
WorkloadPilot   14: 131072 op, 108014000.00 ns, 824.0814 ns/op
WorkloadPilot   15: 262144 op, 203996300.00 ns, 778.1841 ns/op
WorkloadPilot   16: 524288 op, 122766000.00 ns, 234.1576 ns/op
WorkloadPilot   17: 1048576 op, 253272300.00 ns, 241.5393 ns/op
WorkloadPilot   18: 2097152 op, 453434900.00 ns, 216.2146 ns/op
WorkloadPilot   19: 4194304 op, 927713500.00 ns, 221.1841 ns/op

OverheadWarmup   1: 4194304 op, 9286100.00 ns, 2.2140 ns/op
OverheadWarmup   2: 4194304 op, 9550100.00 ns, 2.2769 ns/op
OverheadWarmup   3: 4194304 op, 9525900.00 ns, 2.2712 ns/op
OverheadWarmup   4: 4194304 op, 9827200.00 ns, 2.3430 ns/op
OverheadWarmup   5: 4194304 op, 9816400.00 ns, 2.3404 ns/op

OverheadActual   1: 4194304 op, 9433000.00 ns, 2.2490 ns/op
OverheadActual   2: 4194304 op, 9339700.00 ns, 2.2268 ns/op
OverheadActual   3: 4194304 op, 6579000.00 ns, 1.5686 ns/op
OverheadActual   4: 4194304 op, 9123700.00 ns, 2.1753 ns/op
OverheadActual   5: 4194304 op, 5931200.00 ns, 1.4141 ns/op
OverheadActual   6: 4194304 op, 9000100.00 ns, 2.1458 ns/op
OverheadActual   7: 4194304 op, 8199900.00 ns, 1.9550 ns/op
OverheadActual   8: 4194304 op, 9389200.00 ns, 2.2386 ns/op
OverheadActual   9: 4194304 op, 7926200.00 ns, 1.8898 ns/op
OverheadActual  10: 4194304 op, 9674800.00 ns, 2.3067 ns/op
OverheadActual  11: 4194304 op, 9346200.00 ns, 2.2283 ns/op
OverheadActual  12: 4194304 op, 9427600.00 ns, 2.2477 ns/op
OverheadActual  13: 4194304 op, 9626100.00 ns, 2.2950 ns/op
OverheadActual  14: 4194304 op, 9393200.00 ns, 2.2395 ns/op
OverheadActual  15: 4194304 op, 7844300.00 ns, 1.8702 ns/op
OverheadActual  16: 4194304 op, 6842700.00 ns, 1.6314 ns/op
OverheadActual  17: 4194304 op, 9284600.00 ns, 2.2136 ns/op
OverheadActual  18: 4194304 op, 8260800.00 ns, 1.9695 ns/op
OverheadActual  19: 4194304 op, 9693700.00 ns, 2.3112 ns/op
OverheadActual  20: 4194304 op, 9589000.00 ns, 2.2862 ns/op

WorkloadWarmup   1: 4194304 op, 972402200.00 ns, 231.8388 ns/op
WorkloadWarmup   2: 4194304 op, 993250700.00 ns, 236.8094 ns/op

// BeforeActualRun
WorkloadActual   1: 4194304 op, 937197400.00 ns, 223.4453 ns/op
WorkloadActual   2: 4194304 op, 908819000.00 ns, 216.6793 ns/op
WorkloadActual   3: 4194304 op, 954519800.00 ns, 227.5753 ns/op
WorkloadActual   4: 4194304 op, 876378500.00 ns, 208.9449 ns/op
WorkloadActual   5: 4194304 op, 868226700.00 ns, 207.0014 ns/op

// AfterActualRun
WorkloadResult   1: 4194304 op, 927885250.00 ns, 221.2251 ns/op
WorkloadResult   2: 4194304 op, 899506850.00 ns, 214.4591 ns/op
WorkloadResult   3: 4194304 op, 945207650.00 ns, 225.3551 ns/op
WorkloadResult   4: 4194304 op, 867066350.00 ns, 206.7247 ns/op
WorkloadResult   5: 4194304 op, 858914550.00 ns, 204.7812 ns/op
// GC:  297 1 0 5603590544 4194304
// Threading:  0 0 4194304

// AfterAll
// Benchmark Process 74140 has exited with code 0.

Mean = 214.509 ns, StdErr = 3.987 ns (1.86%), N = 5, StdDev = 8.916 ns
Min = 204.781 ns, Q1 = 206.725 ns, Median = 214.459 ns, Q3 = 221.225 ns, Max = 225.355 ns
IQR = 14.500 ns, LowerFence = 184.974 ns, UpperFence = 242.976 ns
ConfidenceInterval = [180.177 ns; 248.841 ns] (CI 99.9%), Margin = 34.332 ns (16.00% of Mean)
Skewness = 0.05, Kurtosis = 0.9, MValue = 2

// ** Remained 3 (14.3%) benchmark(s) to run. Estimated finish 2026-05-19 11:00 (0h 0m from now) **
Setup power plan (GUID: 8c5e7fda-e8bf-4a96-9a85-a6e23a8c635c FriendlyName: High performance)
// **************************
// Benchmark: RegistrationBenchmarks.Register_10Handlers_Sequential: Job-HQBIJM(IterationCount=5, WarmupCount=2)
// *** Execute ***
// Launch: 1 / 1
// Execute: dotnet 7972561f-5e42-44d4-8156-f3fce95150ba.dll --anonymousPipes 1452 1340 --benchmarkName Chopsticks.Benchmarks.RegistrationBenchmarks.Register_10Handlers --job "IterationCount=5, WarmupCount=2" --benchmarkId 18 in A:\g\Chopsticks2\Native\Benchmarks\bin\Release\net9.0\7972561f-5e42-44d4-8156-f3fce95150ba\bin\Release\net9.0
// BeforeAnythingElse

// Benchmark Process Environment Information:
// BenchmarkDotNet v0.14.0
// Runtime=.NET 9.0.16 (9.0.1626.22923), X64 RyuJIT AVX2
// GC=Concurrent Workstation
// HardwareIntrinsics=AVX2,AES,BMI1,BMI2,FMA,LZCNT,PCLMUL,POPCNT,AvxVnni,SERIALIZE VectorSize=256
// Job: Job-AGRLOZ(IterationCount=5, WarmupCount=2)

OverheadJitting  1: 1 op, 147400.00 ns, 147.4000 us/op
WorkloadJitting  1: 1 op, 2166100.00 ns, 2.1661 ms/op

OverheadJitting  2: 16 op, 252100.00 ns, 15.7563 us/op
WorkloadJitting  2: 16 op, 250600.00 ns, 15.6625 us/op

WorkloadPilot    1: 16 op, 24700.00 ns, 1.5438 us/op
WorkloadPilot    2: 32 op, 66200.00 ns, 2.0688 us/op
WorkloadPilot    3: 64 op, 124900.00 ns, 1.9516 us/op
WorkloadPilot    4: 128 op, 265100.00 ns, 2.0711 us/op
WorkloadPilot    5: 256 op, 434700.00 ns, 1.6980 us/op
WorkloadPilot    6: 512 op, 900600.00 ns, 1.7590 us/op
WorkloadPilot    7: 1024 op, 1812500.00 ns, 1.7700 us/op
WorkloadPilot    8: 2048 op, 3384100.00 ns, 1.6524 us/op
WorkloadPilot    9: 4096 op, 6872900.00 ns, 1.6780 us/op
WorkloadPilot   10: 8192 op, 12323600.00 ns, 1.5043 us/op
WorkloadPilot   11: 16384 op, 16750400.00 ns, 1.0224 us/op
WorkloadPilot   12: 32768 op, 32788400.00 ns, 1.0006 us/op
WorkloadPilot   13: 65536 op, 66706900.00 ns, 1.0179 us/op
WorkloadPilot   14: 131072 op, 60667400.00 ns, 462.8555 ns/op
WorkloadPilot   15: 262144 op, 115600700.00 ns, 440.9817 ns/op
WorkloadPilot   16: 524288 op, 225935700.00 ns, 430.9381 ns/op
WorkloadPilot   17: 1048576 op, 458677200.00 ns, 437.4287 ns/op
WorkloadPilot   18: 2097152 op, 900981900.00 ns, 429.6216 ns/op

OverheadWarmup   1: 2097152 op, 3029200.00 ns, 1.4444 ns/op
OverheadWarmup   2: 2097152 op, 3110400.00 ns, 1.4832 ns/op
OverheadWarmup   3: 2097152 op, 2930900.00 ns, 1.3976 ns/op
OverheadWarmup   4: 2097152 op, 3079600.00 ns, 1.4685 ns/op
OverheadWarmup   5: 2097152 op, 3038700.00 ns, 1.4490 ns/op

OverheadActual   1: 2097152 op, 2929200.00 ns, 1.3968 ns/op
OverheadActual   2: 2097152 op, 2870000.00 ns, 1.3685 ns/op
OverheadActual   3: 2097152 op, 3061800.00 ns, 1.4600 ns/op
OverheadActual   4: 2097152 op, 2973400.00 ns, 1.4178 ns/op
OverheadActual   5: 2097152 op, 2837100.00 ns, 1.3528 ns/op
OverheadActual   6: 2097152 op, 2789600.00 ns, 1.3302 ns/op
OverheadActual   7: 2097152 op, 2710900.00 ns, 1.2927 ns/op
OverheadActual   8: 2097152 op, 2868900.00 ns, 1.3680 ns/op
OverheadActual   9: 2097152 op, 2958800.00 ns, 1.4109 ns/op
OverheadActual  10: 2097152 op, 2851900.00 ns, 1.3599 ns/op
OverheadActual  11: 2097152 op, 2919300.00 ns, 1.3920 ns/op
OverheadActual  12: 2097152 op, 2870700.00 ns, 1.3689 ns/op
OverheadActual  13: 2097152 op, 3034500.00 ns, 1.4470 ns/op
OverheadActual  14: 2097152 op, 2945000.00 ns, 1.4043 ns/op
OverheadActual  15: 2097152 op, 2767300.00 ns, 1.3196 ns/op

WorkloadWarmup   1: 2097152 op, 910455900.00 ns, 434.1392 ns/op
WorkloadWarmup   2: 2097152 op, 953696000.00 ns, 454.7577 ns/op

// BeforeActualRun
WorkloadActual   1: 2097152 op, 936527900.00 ns, 446.5713 ns/op
WorkloadActual   2: 2097152 op, 940325000.00 ns, 448.3819 ns/op
WorkloadActual   3: 2097152 op, 977121100.00 ns, 465.9276 ns/op
WorkloadActual   4: 2097152 op, 968236200.00 ns, 461.6910 ns/op
WorkloadActual   5: 2097152 op, 927541500.00 ns, 442.2863 ns/op

// AfterActualRun
WorkloadResult   1: 2097152 op, 933657200.00 ns, 445.2024 ns/op
WorkloadResult   2: 2097152 op, 937454300.00 ns, 447.0130 ns/op
WorkloadResult   3: 2097152 op, 974250400.00 ns, 464.5588 ns/op
WorkloadResult   4: 2097152 op, 965365500.00 ns, 460.3221 ns/op
WorkloadResult   5: 2097152 op, 924670800.00 ns, 440.9174 ns/op
// GC:  299 2 0 5637144976 2097152
// Threading:  0 0 2097152

// AfterAll
// Benchmark Process 70436 has exited with code 0.

Mean = 451.603 ns, StdErr = 4.583 ns (1.01%), N = 5, StdDev = 10.248 ns
Min = 440.917 ns, Q1 = 445.202 ns, Median = 447.013 ns, Q3 = 460.322 ns, Max = 464.559 ns
IQR = 15.120 ns, LowerFence = 422.523 ns, UpperFence = 483.002 ns
ConfidenceInterval = [412.141 ns; 491.064 ns] (CI 99.9%), Margin = 39.462 ns (8.74% of Mean)
Skewness = 0.23, Kurtosis = 0.89, MValue = 2

// ** Remained 2 (9.5%) benchmark(s) to run. Estimated finish 2026-05-19 11:00 (0h 0m from now) **
Setup power plan (GUID: 8c5e7fda-e8bf-4a96-9a85-a6e23a8c635c FriendlyName: High performance)
// **************************
// Benchmark: RegistrationBenchmarks.Register_WithVaryingOrder: Job-HQBIJM(IterationCount=5, WarmupCount=2)
// *** Execute ***
// Launch: 1 / 1
// Execute: dotnet 7972561f-5e42-44d4-8156-f3fce95150ba.dll --anonymousPipes 1556 1484 --benchmarkName Chopsticks.Benchmarks.RegistrationBenchmarks.Register_WithVaryingOrder --job "IterationCount=5, WarmupCount=2" --benchmarkId 19 in A:\g\Chopsticks2\Native\Benchmarks\bin\Release\net9.0\7972561f-5e42-44d4-8156-f3fce95150ba\bin\Release\net9.0
// BeforeAnythingElse

// Benchmark Process Environment Information:
// BenchmarkDotNet v0.14.0
// Runtime=.NET 9.0.16 (9.0.1626.22923), X64 RyuJIT AVX2
// GC=Concurrent Workstation
// HardwareIntrinsics=AVX2,AES,BMI1,BMI2,FMA,LZCNT,PCLMUL,POPCNT,AvxVnni,SERIALIZE VectorSize=256
// Job: Job-OSFYVA(IterationCount=5, WarmupCount=2)

OverheadJitting  1: 1 op, 150600.00 ns, 150.6000 us/op
WorkloadJitting  1: 1 op, 1951700.00 ns, 1.9517 ms/op

OverheadJitting  2: 16 op, 205400.00 ns, 12.8375 us/op
WorkloadJitting  2: 16 op, 240300.00 ns, 15.0188 us/op

WorkloadPilot    1: 16 op, 11400.00 ns, 712.5000 ns/op
WorkloadPilot    2: 32 op, 37500.00 ns, 1.1719 us/op
WorkloadPilot    3: 64 op, 65200.00 ns, 1.0188 us/op
WorkloadPilot    4: 128 op, 124300.00 ns, 971.0938 ns/op
WorkloadPilot    5: 256 op, 274400.00 ns, 1.0719 us/op
WorkloadPilot    6: 512 op, 401700.00 ns, 784.5703 ns/op
WorkloadPilot    7: 1024 op, 898900.00 ns, 877.8320 ns/op
WorkloadPilot    8: 2048 op, 1877900.00 ns, 916.9434 ns/op
WorkloadPilot    9: 4096 op, 3193900.00 ns, 779.7607 ns/op
WorkloadPilot   10: 8192 op, 5854200.00 ns, 714.6240 ns/op
WorkloadPilot   11: 16384 op, 11686800.00 ns, 713.3057 ns/op
WorkloadPilot   12: 32768 op, 15479700.00 ns, 472.4030 ns/op
WorkloadPilot   13: 65536 op, 30681600.00 ns, 468.1641 ns/op
WorkloadPilot   14: 131072 op, 58070200.00 ns, 443.0405 ns/op
WorkloadPilot   15: 262144 op, 115830200.00 ns, 441.8571 ns/op
WorkloadPilot   16: 524288 op, 128932800.00 ns, 245.9198 ns/op
WorkloadPilot   17: 1048576 op, 266482100.00 ns, 254.1371 ns/op
WorkloadPilot   18: 2097152 op, 558131000.00 ns, 266.1376 ns/op

OverheadWarmup   1: 2097152 op, 2996500.00 ns, 1.4288 ns/op
OverheadWarmup   2: 2097152 op, 2982000.00 ns, 1.4219 ns/op
OverheadWarmup   3: 2097152 op, 2950800.00 ns, 1.4071 ns/op
OverheadWarmup   4: 2097152 op, 3398900.00 ns, 1.6207 ns/op
OverheadWarmup   5: 2097152 op, 3561600.00 ns, 1.6983 ns/op
OverheadWarmup   6: 2097152 op, 3843400.00 ns, 1.8327 ns/op
OverheadWarmup   7: 2097152 op, 2869400.00 ns, 1.3682 ns/op
OverheadWarmup   8: 2097152 op, 2981700.00 ns, 1.4218 ns/op
OverheadWarmup   9: 2097152 op, 6009200.00 ns, 2.8654 ns/op
OverheadWarmup  10: 2097152 op, 3006200.00 ns, 1.4335 ns/op

OverheadActual   1: 2097152 op, 2791500.00 ns, 1.3311 ns/op
OverheadActual   2: 2097152 op, 3275200.00 ns, 1.5617 ns/op
OverheadActual   3: 2097152 op, 3858700.00 ns, 1.8400 ns/op
OverheadActual   4: 2097152 op, 2954900.00 ns, 1.4090 ns/op
OverheadActual   5: 2097152 op, 2994500.00 ns, 1.4279 ns/op
OverheadActual   6: 2097152 op, 3635800.00 ns, 1.7337 ns/op
OverheadActual   7: 2097152 op, 2998500.00 ns, 1.4298 ns/op
OverheadActual   8: 2097152 op, 5854000.00 ns, 2.7914 ns/op
OverheadActual   9: 2097152 op, 2921800.00 ns, 1.3932 ns/op
OverheadActual  10: 2097152 op, 3022200.00 ns, 1.4411 ns/op
OverheadActual  11: 2097152 op, 2896500.00 ns, 1.3812 ns/op
OverheadActual  12: 2097152 op, 2882900.00 ns, 1.3747 ns/op
OverheadActual  13: 2097152 op, 2919800.00 ns, 1.3923 ns/op
OverheadActual  14: 2097152 op, 4143600.00 ns, 1.9758 ns/op
OverheadActual  15: 2097152 op, 4420400.00 ns, 2.1078 ns/op
OverheadActual  16: 2097152 op, 6893900.00 ns, 3.2873 ns/op
OverheadActual  17: 2097152 op, 2927400.00 ns, 1.3959 ns/op
OverheadActual  18: 2097152 op, 3727500.00 ns, 1.7774 ns/op
OverheadActual  19: 2097152 op, 5369600.00 ns, 2.5604 ns/op
OverheadActual  20: 2097152 op, 3772300.00 ns, 1.7988 ns/op

WorkloadWarmup   1: 2097152 op, 557710900.00 ns, 265.9373 ns/op
WorkloadWarmup   2: 2097152 op, 520151100.00 ns, 248.0274 ns/op

// BeforeActualRun
WorkloadActual   1: 2097152 op, 595424700.00 ns, 283.9206 ns/op
WorkloadActual   2: 2097152 op, 552854800.00 ns, 263.6217 ns/op
WorkloadActual   3: 2097152 op, 546755900.00 ns, 260.7135 ns/op
WorkloadActual   4: 2097152 op, 503344500.00 ns, 240.0134 ns/op
WorkloadActual   5: 2097152 op, 493972500.00 ns, 235.5444 ns/op

// AfterActualRun
WorkloadResult   1: 2097152 op, 592276000.00 ns, 282.4192 ns/op
WorkloadResult   2: 2097152 op, 549706100.00 ns, 262.1203 ns/op
WorkloadResult   3: 2097152 op, 543607200.00 ns, 259.2121 ns/op
WorkloadResult   4: 2097152 op, 500195800.00 ns, 238.5119 ns/op
WorkloadResult   5: 2097152 op, 490823800.00 ns, 234.0430 ns/op
// GC:  148 0 0 2801795472 2097152
// Threading:  0 0 2097152

// AfterAll
// Benchmark Process 75420 has exited with code 0.

Mean = 255.261 ns, StdErr = 8.749 ns (3.43%), N = 5, StdDev = 19.564 ns
Min = 234.043 ns, Q1 = 238.512 ns, Median = 259.212 ns, Q3 = 262.120 ns, Max = 282.419 ns
IQR = 23.608 ns, LowerFence = 203.099 ns, UpperFence = 297.533 ns
ConfidenceInterval = [179.928 ns; 330.594 ns] (CI 99.9%), Margin = 75.333 ns (29.51% of Mean)
Skewness = 0.16, Kurtosis = 1.13, MValue = 2

// ** Remained 1 (4.8%) benchmark(s) to run. Estimated finish 2026-05-19 11:00 (0h 0m from now) **
Setup power plan (GUID: 8c5e7fda-e8bf-4a96-9a85-a6e23a8c635c FriendlyName: High performance)
// **************************
// Benchmark: RegistrationBenchmarks.AccessHandlerArray_1Handler: Job-HQBIJM(IterationCount=5, WarmupCount=2)
// *** Execute ***
// Launch: 1 / 1
// Execute: dotnet 7972561f-5e42-44d4-8156-f3fce95150ba.dll --anonymousPipes 1488 1384 --benchmarkName Chopsticks.Benchmarks.RegistrationBenchmarks.AccessHandlerArray_1Handler --job "IterationCount=5, WarmupCount=2" --benchmarkId 20 in A:\g\Chopsticks2\Native\Benchmarks\bin\Release\net9.0\7972561f-5e42-44d4-8156-f3fce95150ba\bin\Release\net9.0
// BeforeAnythingElse

// Benchmark Process Environment Information:
// BenchmarkDotNet v0.14.0
// Runtime=.NET 9.0.16 (9.0.1626.22923), X64 RyuJIT AVX2
// GC=Concurrent Workstation
// HardwareIntrinsics=AVX2,AES,BMI1,BMI2,FMA,LZCNT,PCLMUL,POPCNT,AvxVnni,SERIALIZE VectorSize=256
// Job: Job-NEXBFD(IterationCount=5, WarmupCount=2)

OverheadJitting  1: 1 op, 155500.00 ns, 155.5000 us/op
WorkloadJitting  1: 1 op, 4075200.00 ns, 4.0752 ms/op

OverheadJitting  2: 16 op, 249700.00 ns, 15.6063 us/op
WorkloadJitting  2: 16 op, 591200.00 ns, 36.9500 us/op

WorkloadPilot    1: 16 op, 278400.00 ns, 17.4000 us/op
WorkloadPilot    2: 32 op, 541800.00 ns, 16.9313 us/op
WorkloadPilot    3: 64 op, 1226300.00 ns, 19.1609 us/op
WorkloadPilot    4: 128 op, 2498000.00 ns, 19.5156 us/op
WorkloadPilot    5: 256 op, 5130300.00 ns, 20.0402 us/op
WorkloadPilot    6: 512 op, 9595600.00 ns, 18.7414 us/op
WorkloadPilot    7: 1024 op, 12991000.00 ns, 12.6865 us/op
WorkloadPilot    8: 2048 op, 22874100.00 ns, 11.1690 us/op
WorkloadPilot    9: 4096 op, 46639400.00 ns, 11.3866 us/op
WorkloadPilot   10: 8192 op, 66050400.00 ns, 8.0628 us/op
WorkloadPilot   11: 16384 op, 81736900.00 ns, 4.9888 us/op
WorkloadPilot   12: 32768 op, 164706400.00 ns, 5.0264 us/op
WorkloadPilot   13: 65536 op, 317407700.00 ns, 4.8433 us/op
WorkloadPilot   14: 131072 op, 649115400.00 ns, 4.9524 us/op

OverheadWarmup   1: 131072 op, 187100.00 ns, 1.4275 ns/op
OverheadWarmup   2: 131072 op, 185400.00 ns, 1.4145 ns/op
OverheadWarmup   3: 131072 op, 197300.00 ns, 1.5053 ns/op
OverheadWarmup   4: 131072 op, 222000.00 ns, 1.6937 ns/op
OverheadWarmup   5: 131072 op, 234900.00 ns, 1.7921 ns/op
OverheadWarmup   6: 131072 op, 188900.00 ns, 1.4412 ns/op
OverheadWarmup   7: 131072 op, 227600.00 ns, 1.7365 ns/op
OverheadWarmup   8: 131072 op, 201000.00 ns, 1.5335 ns/op

OverheadActual   1: 131072 op, 173500.00 ns, 1.3237 ns/op
OverheadActual   2: 131072 op, 180400.00 ns, 1.3763 ns/op
OverheadActual   3: 131072 op, 178700.00 ns, 1.3634 ns/op
OverheadActual   4: 131072 op, 177700.00 ns, 1.3557 ns/op
OverheadActual   5: 131072 op, 193100.00 ns, 1.4732 ns/op
OverheadActual   6: 131072 op, 228100.00 ns, 1.7403 ns/op
OverheadActual   7: 131072 op, 179400.00 ns, 1.3687 ns/op
OverheadActual   8: 131072 op, 227300.00 ns, 1.7342 ns/op
OverheadActual   9: 131072 op, 185500.00 ns, 1.4153 ns/op
OverheadActual  10: 131072 op, 187000.00 ns, 1.4267 ns/op
OverheadActual  11: 131072 op, 182200.00 ns, 1.3901 ns/op
OverheadActual  12: 131072 op, 201800.00 ns, 1.5396 ns/op
OverheadActual  13: 131072 op, 208000.00 ns, 1.5869 ns/op
OverheadActual  14: 131072 op, 192400.00 ns, 1.4679 ns/op
OverheadActual  15: 131072 op, 178400.00 ns, 1.3611 ns/op
OverheadActual  16: 131072 op, 279200.00 ns, 2.1301 ns/op
OverheadActual  17: 131072 op, 189700.00 ns, 1.4473 ns/op
OverheadActual  18: 131072 op, 179200.00 ns, 1.3672 ns/op
OverheadActual  19: 131072 op, 181800.00 ns, 1.3870 ns/op
OverheadActual  20: 131072 op, 181800.00 ns, 1.3870 ns/op

WorkloadWarmup   1: 131072 op, 761398300.00 ns, 5.8090 us/op
WorkloadWarmup   2: 131072 op, 684623500.00 ns, 5.2233 us/op

// BeforeActualRun
WorkloadActual   1: 131072 op, 619578200.00 ns, 4.7270 us/op
WorkloadActual   2: 131072 op, 610736600.00 ns, 4.6596 us/op
WorkloadActual   3: 131072 op, 602257600.00 ns, 4.5949 us/op
WorkloadActual   4: 131072 op, 605218700.00 ns, 4.6175 us/op
WorkloadActual   5: 131072 op, 606883000.00 ns, 4.6301 us/op

// AfterActualRun
WorkloadResult   1: 131072 op, 610552750.00 ns, 4.6581 us/op
WorkloadResult   2: 131072 op, 602073750.00 ns, 4.5935 us/op
WorkloadResult   3: 131072 op, 605034850.00 ns, 4.6160 us/op
WorkloadResult   4: 131072 op, 606699150.00 ns, 4.6287 us/op
// GC:  215 0 0 4052746640 131072
// Threading:  0 0 131072

// AfterAll
// Benchmark Process 69380 has exited with code 0.

Mean = 4.624 μs, StdErr = 0.013 μs (0.29%), N = 4, StdDev = 0.027 μs
Min = 4.593 μs, Q1 = 4.610 μs, Median = 4.622 μs, Q3 = 4.636 μs, Max = 4.658 μs
IQR = 0.026 μs, LowerFence = 4.572 μs, UpperFence = 4.675 μs
ConfidenceInterval = [4.450 μs; 4.798 μs] (CI 99.9%), Margin = 0.174 μs (3.77% of Mean)
Skewness = 0.13, Kurtosis = 1.05, MValue = 2

// ** Remained 0 (0.0%) benchmark(s) to run. Estimated finish 2026-05-19 11:00 (0h 0m from now) **
Successfully reverted power plan (GUID: 381b4222-f694-41f0-9685-ff5bb260df2e FriendlyName: Balanced)
// ***** BenchmarkRunner: Finish  *****

// * Export *
  BenchmarkDotNet.Artifacts\results\Chopsticks.Benchmarks.RegistrationBenchmarks-report.csv
  BenchmarkDotNet.Artifacts\results\Chopsticks.Benchmarks.RegistrationBenchmarks-report-github.md
  BenchmarkDotNet.Artifacts\results\Chopsticks.Benchmarks.RegistrationBenchmarks-report.html

// * Detailed results *
RegistrationBenchmarks.Register_FirstHandler: Job-HQBIJM(IterationCount=5, WarmupCount=2)
Runtime = .NET 9.0.16 (9.0.1626.22923), X64 RyuJIT AVX2; GC = Concurrent Workstation
Mean = 62.895 ns, StdErr = 5.139 ns (8.17%), N = 5, StdDev = 11.490 ns
Min = 54.285 ns, Q1 = 54.412 ns, Median = 54.897 ns, Q3 = 74.164 ns, Max = 76.717 ns
IQR = 19.752 ns, LowerFence = 24.785 ns, UpperFence = 103.791 ns
ConfidenceInterval = [18.650 ns; 107.140 ns] (CI 99.9%), Margin = 44.245 ns (70.35% of Mean)
Skewness = 0.3, Kurtosis = 0.77, MValue = 2
-------------------- Histogram --------------------
[45.466 ns ; 66.621 ns) | @@@
[66.621 ns ; 85.537 ns) | @@
---------------------------------------------------

RegistrationBenchmarks.Register_5Handlers_Sequential: Job-HQBIJM(IterationCount=5, WarmupCount=2)
Runtime = .NET 9.0.16 (9.0.1626.22923), X64 RyuJIT AVX2; GC = Concurrent Workstation
Mean = 214.509 ns, StdErr = 3.987 ns (1.86%), N = 5, StdDev = 8.916 ns
Min = 204.781 ns, Q1 = 206.725 ns, Median = 214.459 ns, Q3 = 221.225 ns, Max = 225.355 ns
IQR = 14.500 ns, LowerFence = 184.974 ns, UpperFence = 242.976 ns
ConfidenceInterval = [180.177 ns; 248.841 ns] (CI 99.9%), Margin = 34.332 ns (16.00% of Mean)
Skewness = 0.05, Kurtosis = 0.9, MValue = 2
-------------------- Histogram --------------------
[202.777 ns ; 216.464 ns) | @@@
[216.464 ns ; 232.199 ns) | @@
---------------------------------------------------

RegistrationBenchmarks.Register_10Handlers_Sequential: Job-HQBIJM(IterationCount=5, WarmupCount=2)
Runtime = .NET 9.0.16 (9.0.1626.22923), X64 RyuJIT AVX2; GC = Concurrent Workstation
Mean = 451.603 ns, StdErr = 4.583 ns (1.01%), N = 5, StdDev = 10.248 ns
Min = 440.917 ns, Q1 = 445.202 ns, Median = 447.013 ns, Q3 = 460.322 ns, Max = 464.559 ns
IQR = 15.120 ns, LowerFence = 422.523 ns, UpperFence = 483.002 ns
ConfidenceInterval = [412.141 ns; 491.064 ns] (CI 99.9%), Margin = 39.462 ns (8.74% of Mean)
Skewness = 0.23, Kurtosis = 0.89, MValue = 2
-------------------- Histogram --------------------
[436.099 ns ; 454.574 ns) | @@@
[454.574 ns ; 472.425 ns) | @@
---------------------------------------------------

RegistrationBenchmarks.Register_WithVaryingOrder: Job-HQBIJM(IterationCount=5, WarmupCount=2)
Runtime = .NET 9.0.16 (9.0.1626.22923), X64 RyuJIT AVX2; GC = Concurrent Workstation
Mean = 255.261 ns, StdErr = 8.749 ns (3.43%), N = 5, StdDev = 19.564 ns
Min = 234.043 ns, Q1 = 238.512 ns, Median = 259.212 ns, Q3 = 262.120 ns, Max = 282.419 ns
IQR = 23.608 ns, LowerFence = 203.099 ns, UpperFence = 297.533 ns
ConfidenceInterval = [179.928 ns; 330.594 ns] (CI 99.9%), Margin = 75.333 ns (29.51% of Mean)
Skewness = 0.16, Kurtosis = 1.13, MValue = 2
-------------------- Histogram --------------------
[233.065 ns ; 263.098 ns) | @@@@
[263.098 ns ; 297.436 ns) | @
---------------------------------------------------

RegistrationBenchmarks.AccessHandlerArray_1Handler: Job-HQBIJM(IterationCount=5, WarmupCount=2)
Runtime = .NET 9.0.16 (9.0.1626.22923), X64 RyuJIT AVX2; GC = Concurrent Workstation
Mean = 4.624 μs, StdErr = 0.013 μs (0.29%), N = 4, StdDev = 0.027 μs
Min = 4.593 μs, Q1 = 4.610 μs, Median = 4.622 μs, Q3 = 4.636 μs, Max = 4.658 μs
IQR = 0.026 μs, LowerFence = 4.572 μs, UpperFence = 4.675 μs
ConfidenceInterval = [4.450 μs; 4.798 μs] (CI 99.9%), Margin = 0.174 μs (3.77% of Mean)
Skewness = 0.13, Kurtosis = 1.05, MValue = 2
-------------------- Histogram --------------------
[4.571 μs ; 4.680 μs) | @@@@
---------------------------------------------------

// * Summary *

BenchmarkDotNet v0.14.0, Windows 11 (10.0.26200.8457)
Unknown processor
.NET SDK 9.0.314
  [Host]     : .NET 9.0.16 (9.0.1626.22923), X64 RyuJIT AVX2
  Job-HQBIJM : .NET 9.0.16 (9.0.1626.22923), X64 RyuJIT AVX2

IterationCount=5  WarmupCount=2  

| Method                         | Mean        | Error     | StdDev    | Gen0   | Gen1   | Allocated |
|------------------------------- |------------:|----------:|----------:|-------:|-------:|----------:|
| Register_FirstHandler          |    62.90 ns |  44.24 ns | 11.490 ns | 0.0276 |      - |     520 B |
| Register_5Handlers_Sequential  |   214.51 ns |  34.33 ns |  8.916 ns | 0.0708 | 0.0002 |    1336 B |
| Register_10Handlers_Sequential |   451.60 ns |  39.46 ns | 10.248 ns | 0.1426 | 0.0010 |    2688 B |
| Register_WithVaryingOrder      |   255.26 ns |  75.33 ns | 19.564 ns | 0.0706 |      - |    1336 B |
| AccessHandlerArray_1Handler    | 4,624.10 ns | 174.38 ns | 26.985 ns | 1.6403 |      - |   30920 B |

// * Hints *
Outliers
  RegistrationBenchmarks.AccessHandlerArray_1Handler: IterationCount=5, WarmupCount=2 -> 1 outlier  was  removed (4.73 μs)

// * Legends *
  Mean      : Arithmetic mean of all measurements
  Error     : Half of 99.9% confidence interval
  StdDev    : Standard deviation of all measurements
  Gen0      : GC Generation 0 collects per 1000 operations
  Gen1      : GC Generation 1 collects per 1000 operations
  Allocated : Allocated memory per single operation (managed only, inclusive, 1KB = 1024B)
  1 ns      : 1 Nanosecond (0.000000001 sec)

// * Diagnostic Output - MemoryDiagnoser *


// ***** BenchmarkRunner: End *****
Run time: 00:00:44 (44.33 sec), executed benchmarks: 5

Global total time: 00:04:48 (288.97 sec), executed benchmarks: 21
// * Artifacts cleanup *
Artifacts cleanup is finished
